# raw upper-arm accel (g) from data/arm_motion_20261004-021240.json (tools/capture_arm_motion.py --set base_raise, 2026-10-04), unmodified
phase,t,ux,uy,uz
raise_forward,0.029238500000005274,1.014526,0.007263,0.182861
raise_forward,0.0633206250000029,1.01416,0.00238,0.180847
raise_forward,0.09247983299999873,1.013001,-0.003113,0.178101
raise_forward,0.12610529100000178,1.011597,-0.000244,0.180115
raise_forward,0.1555771660000005,1.011902,0.005981,0.180725
raise_forward,0.18908449999999988,1.010925,0.007263,0.180969
raise_forward,0.21818875000000304,1.010254,0.002014,0.180298
raise_forward,0.2522008330000034,1.008911,0.00061,0.177551
raise_forward,0.2813487909999992,1.009522,0.001587,0.177979
raise_forward,0.31518462500000055,1.010864,0.002686,0.176941
raise_forward,0.34876408299999895,1.010193,0.002991,0.176758
raise_forward,0.37794879100000145,1.010681,0.000549,0.176758
raise_forward,0.41201133300000237,1.009155,-0.000244,0.178772
raise_forward,0.44106658300000134,1.008911,0.007141,0.180603
raise_forward,0.47494112500000085,1.008911,0.005188,0.179871
raise_forward,0.5040448750000053,1.012512,0.006287,0.183411
raise_forward,0.5378092910000021,1.009888,0.007141,0.183289
raise_forward,0.5665837499999995,1.008789,0.010559,0.184998
raise_forward,0.6009345410000009,1.008362,0.014038,0.184143
raise_forward,0.6344202500000051,1.009338,0.01709,0.190186
raise_forward,0.6637529999999998,1.012634,0.017517,0.191467
raise_forward,0.6981176660000017,1.013916,0.015442,0.200195
raise_forward,0.7257689999999997,1.017761,0.018311,0.208862
raise_forward,0.7612547499999991,1.018311,0.023804,0.215637
raise_forward,0.8404336660000027,1.015564,0.033936,0.239746
raise_forward,0.8695130410000047,1.014954,0.034668,0.251343
raise_forward,0.903109833000002,1.018127,0.02887,0.267029
raise_forward,0.9323002500000044,1.01648,0.032471,0.276794
raise_forward,0.9664552500000028,1.007813,0.03479,0.277283
raise_forward,1.0000722910000022,1.007507,0.02832,0.301575
raise_forward,1.0291220830000043,1.004089,0.035095,0.326233
raise_forward,1.0630485410000006,0.992676,0.040466,0.331543
raise_forward,1.092251250000004,0.984497,0.035095,0.350647
raise_forward,1.1261331250000026,0.982178,0.023132,0.370544
raise_forward,1.155616000000002,0.976685,0.028198,0.399292
raise_forward,1.188830000000003,0.96698,0.048767,0.420532
raise_forward,1.2227555830000014,0.955444,0.043091,0.441467
raise_forward,1.2521920000000009,0.952454,0.043701,0.478333
raise_forward,1.2860183750000047,0.936401,0.047913,0.508057
raise_forward,1.3151621660000004,0.916504,0.031494,0.50946
raise_forward,1.3488080830000015,0.905579,0.032104,0.537109
raise_forward,1.3780047500000023,0.89032,0.043152,0.565369
raise_forward,1.4185573330000025,0.874817,0.039307,0.589417
raise_forward,1.441647500000002,0.859741,0.053955,0.619629
raise_forward,1.4750857500000052,0.83667,0.045044,0.634766
raise_forward,1.508691208000002,0.825989,0.061646,0.651611
raise_forward,1.5380158330000029,0.792725,0.055908,0.667114
raise_forward,1.5718986660000027,0.770203,0.059326,0.700012
raise_forward,1.6009515000000007,0.748596,0.06604,0.724487
raise_forward,1.6348226250000053,0.721191,0.071045,0.737732
raise_forward,1.6655151659999987,0.698181,0.070923,0.757751
raise_forward,1.6981313750000027,0.66687,0.061462,0.776856
raise_forward,1.7260191250000005,0.63739,0.069275,0.808594
raise_forward,1.7598891250000008,0.615967,0.07019,0.827759
raise_forward,1.840842000000002,0.553894,0.060852,0.877747
raise_forward,1.8743706660000043,0.531555,0.084473,0.915833
raise_forward,1.9035182910000046,0.506531,0.080994,0.918396
raise_forward,1.9373067080000013,0.470886,0.089417,0.934143
raise_forward,1.9663050410000054,0.452881,0.092041,0.93158
raise_forward,2.0005118330000045,0.429565,0.041687,0.939697
raise_forward,2.0297935410000036,0.397705,0.045166,0.948853
raise_forward,2.063532000000002,0.390625,0.03717,0.944153
raise_forward,2.0925006249999996,0.369385,0.036621,0.971863
raise_forward,2.126370708000003,0.332336,0.014465,0.977356
raise_forward,2.1602086660000026,0.325439,0.03186,0.973511
raise_forward,2.1893668750000046,0.29126,0.009766,0.982422
raise_forward,2.2232472080000036,0.252258,-0.005371,0.966492
raise_forward,2.2526451660000006,0.229736,0.004333,0.981995
raise_forward,2.2858444579999997,0.188293,0.006714,0.96582
raise_forward,2.3152176660000023,0.159302,0.00769,0.973572
raise_forward,2.3491470830000054,0.130981,-0.008972,0.976807
raise_forward,2.382914541000005,0.110474,-0.003906,0.982849
raise_forward,2.412520665999999,0.097229,-0.00116,0.972229
raise_forward,2.4462745830000046,0.05896,-0.00592,0.996155
raise_forward,2.4756366659999998,0.046082,-0.013367,1.004761
raise_forward,2.5090605410000038,0.0271,-0.031128,0.998413
raise_forward,2.542916708,0.008606,-0.016418,1.006409
raise_forward,2.5722243750000047,-0.004028,-0.026123,0.998169
raise_forward,2.605929416000002,-0.019165,-0.020264,1.005188
raise_forward,2.635453625000004,-0.028687,-0.016235,0.997803
raise_forward,2.670493916000005,-0.039307,-0.016663,1.009522
raise_forward,2.6983843750000034,-0.041077,-0.023254,0.989929
raise_forward,2.7311300000000003,-0.05603,-0.039124,0.994263
raise_forward,2.7663472910000024,-0.059448,-0.021179,1.000671
raise_forward,2.8458389580000016,-0.072815,-0.020935,0.996216
raise_forward,2.8747375830000053,-0.07666,-0.04248,0.990295
raise_forward,2.908511041000004,-0.082459,-0.041016,0.999329
raise_forward,2.9379715829999995,-0.082275,-0.03302,1.00238
raise_forward,2.9715707080000016,-0.080261,-0.03363,1.005859
raise_forward,3.0006600000000034,-0.077454,-0.034973,1.008362
raise_forward,3.0345597080000033,-0.076233,-0.037842,1.008118
raise_forward,3.0683205409999985,-0.077576,-0.032593,1.019104
raise_forward,3.0976597500000054,-0.071045,-0.029968,1.019531
raise_forward,3.1316050410000003,-0.069397,-0.029907,1.022705
raise_forward,3.1608948330000004,-0.065186,-0.022644,1.020447
raise_forward,3.194586375,-0.063293,-0.023987,1.013794
raise_forward,3.2285641249999983,-0.06781,-0.023865,1.017761
raise_forward,3.257692958,-0.067017,-0.025818,1.010986
raise_forward,3.2916073330000017,-0.069641,-0.020508,1.013001
raise_forward,3.3212742079999984,-0.070984,-0.015869,1.025269
raise_forward,3.3547928330000047,-0.069763,-0.018921,1.018738
raise_forward,3.388357875000004,-0.070129,-0.011414,1.020996
raise_forward,3.4175474580000014,-0.069153,-0.012146,1.016907
raise_forward,3.4516661660000025,-0.067688,-0.010437,1.01355
raise_forward,3.4805677909999986,-0.064026,-0.013733,1.017822
raise_forward,3.514434999999999,-0.062561,-0.016907,1.015076
raise_forward,3.5435818330000046,-0.060974,-0.018127,1.011108
raise_forward,3.577385625000005,-0.055237,-0.011536,1.012329
raise_forward,3.611689708,-0.056824,-0.020691,1.013916
raise_forward,3.640863791000001,-0.052917,-0.022644,1.010315
raise_forward,3.6750214580000033,-0.046997,-0.016785,1.010254
raise_forward,3.7033010829999995,-0.042419,-0.021423,1.01239
raise_forward,3.736611500000002,-0.034363,-0.020325,1.015259
raise_forward,3.8177387080000003,-0.016968,-0.022766,1.018066
raise_forward,3.851335791000004,-0.013,-0.019653,1.014465
raise_forward,3.880475791000002,-0.007568,-0.03241,1.011047
raise_forward,3.9142002500000004,0.001282,-0.016541,1.003845
raise_forward,3.943444249999999,0.001892,-0.027344,0.995972
raise_forward,3.9774087079999987,0.013,-0.010681,1.006592
raise_forward,4.006953041000003,0.026611,-0.018066,0.989746
raise_forward,4.040396999999999,0.029419,-0.017944,1.000061
raise_forward,4.069518958000003,0.040283,0.013,1.000366
raise_forward,4.103587333,0.051636,-0.003662,0.991272
raise_forward,4.137429041000004,0.068115,0.00647,0.988831
raise_forward,4.166482791,0.085266,-0.00531,0.980713
raise_forward,4.200235416000005,0.08374,0.024658,1.018799
raise_forward,4.229736166000002,0.104187,0.046204,0.995178
raise_forward,4.263600291000003,0.120239,0.048523,1.020325
raise_forward,4.292244707999998,0.142578,0.069885,1.003845
raise_forward,4.326369541000005,0.174561,0.034485,0.960083
raise_forward,4.360095625,0.191406,0.05011,0.99823
raise_forward,4.389005832999999,0.21344,0.082642,0.973267
raise_forward,4.4232939999999985,0.243225,0.032043,0.972595
raise_forward,4.451967000000003,0.2677,0.087402,0.992981
raise_forward,4.486087750000003,0.302368,0.106384,0.953186
raise_forward,4.515220165999999,0.319641,0.067505,0.950562
raise_forward,4.549174624999999,0.350098,0.106995,0.974365
raise_forward,4.578170791000005,0.372437,0.109619,0.933533
raise_forward,4.612239166000002,0.410889,0.096558,0.945618
raise_forward,4.6478143329999995,0.437683,0.119446,0.944519
raise_forward,4.675722916000005,0.460571,0.115784,0.920532
raise_forward,4.709551957999999,0.487915,0.121643,0.91333
raise_forward,4.737610166000003,0.507202,0.101929,0.897278
raise_forward,4.817870791000004,0.563293,0.114624,0.877991
raise_forward,4.851928583000003,0.595154,0.059875,0.830505
raise_forward,4.881103291000002,0.638733,0.076599,0.837463
raise_forward,4.915075125000001,0.662109,0.065613,0.804688
raise_forward,4.944024625000004,0.674377,0.031555,0.784363
raise_forward,4.977845583000004,0.707459,0.048218,0.780335
raise_forward,5.006833041,0.734924,0.038208,0.740418
raise_forward,5.040993083000004,0.75116,0.057617,0.744385
raise_forward,5.074737916000004,0.764771,0.071228,0.71759
raise_forward,5.104159291000002,0.770569,0.036926,0.675476
raise_forward,5.137738875000004,0.773926,-0.002563,0.653015
raise_forward,5.167234333000003,0.808533,-0.006165,0.621338
raise_forward,5.200856125000001,0.826782,-0.020874,0.581604
raise_forward,5.230027791000005,0.861206,-0.017456,0.590698
raise_forward,5.2640371250000015,0.893127,-0.005615,0.59137
raise_forward,5.297803541,0.898132,-0.009155,0.555542
raise_forward,5.326675583000004,0.917419,-0.004517,0.531128
raise_forward,5.360848916000002,0.937317,-0.004456,0.510498
raise_forward,5.390278708000004,0.950501,-0.025269,0.473938
raise_forward,5.423823124999998,0.959595,-0.056458,0.434509
raise_forward,5.452660708000003,0.975403,-0.040283,0.418335
raise_forward,5.487121999999999,0.987061,-0.027161,0.378662
raise_forward,5.5157705830000054,0.986145,-0.041687,0.362427
raise_forward,5.549662125000005,0.995667,-0.047058,0.343933
raise_forward,5.583583208,1.005371,-0.041748,0.322083
raise_forward,5.612879666000005,1.012451,-0.058289,0.300964
raise_forward,5.648448291000001,1.02179,-0.052673,0.274902
raise_forward,5.676550583000001,1.019836,-0.048584,0.256226
raise_forward,5.710282165999999,1.013855,-0.058838,0.247192
raise_forward,5.739804500000005,1.01355,-0.054626,0.237305
raise_forward,5.818563666000003,1.003174,-0.071472,0.185181
raise_forward,5.852894375000005,1.003113,-0.065186,0.175232
raise_forward,5.881564208,1.008911,-0.074707,0.168945
raise_forward,5.9157774160000045,1.009216,-0.096375,0.155029
raise_forward,5.949503458000002,1.020386,-0.089844,0.151794
raise_forward,5.9788241660000025,1.023987,-0.085388,0.146606
raise_forward,6.012816458000003,1.023376,-0.084412,0.14624
raise_forward,6.041670125000003,1.014771,-0.091858,0.133057
raise_forward,6.0758422080000045,1.011108,-0.090454,0.120972
raise_forward,6.109638208,1.01062,-0.080627,0.121643
raise_forward,6.138914791000005,1.013428,-0.089539,0.127869
raise_forward,6.172808166000003,1.014465,-0.098389,0.122803
raise_forward,6.201490458000002,1.015686,-0.090576,0.118042
raise_forward,6.235755707999999,1.014893,-0.090637,0.119568
raise_forward,6.264654875000005,1.012695,-0.093079,0.121765
raise_forward,6.298583416,1.012329,-0.09198,0.121521
raise_forward,6.327634166000003,1.010498,-0.085938,0.12439
raise_forward,6.361756124999999,1.010681,-0.096558,0.125916
raise_forward,6.395631874999999,1.014404,-0.092285,0.120911
raise_forward,6.424718458000001,1.015259,-0.089478,0.122742
raise_forward,6.458342583000004,1.012756,-0.087463,0.124634
raise_forward,6.487914875000001,1.011353,-0.081543,0.131287
raise_forward,6.521767041000004,1.011414,-0.079346,0.134827
raise_forward,6.551166875,1.015686,-0.077454,0.136536
raise_forward,6.584578125,1.019714,-0.076538,0.140442
raise_forward,6.618477625000004,1.019287,-0.076538,0.149536
raise_forward,6.649218166000004,1.014893,-0.067566,0.158569
raise_forward,6.682111458000001,1.008545,-0.066895,0.165771
raise_forward,6.709524625,1.010925,-0.06958,0.165527
raise_forward,6.744770375000002,1.01532,-0.061401,0.172607
raise_forward,6.8243872080000045,1.01355,-0.018005,0.222717
raise_forward,6.8537441659999985,1.00708,-0.022644,0.233093
raise_forward,6.887405291,1.01532,-0.034729,0.250122
raise_forward,6.916341333000005,1.026367,-0.039795,0.276672
raise_forward,6.950567165999999,1.025085,-0.029541,0.300598
raise_forward,6.984144041,1.027344,-0.019226,0.330872
raise_forward,7.013385374999999,1.01886,-0.024414,0.355591
raise_forward,7.047519125000001,1.00708,-0.037476,0.38678
raise_forward,7.076244250000002,1.000977,-0.02832,0.409668
raise_forward,7.110556375000002,0.986755,-0.019043,0.424927
raise_forward,7.144266375000001,0.972107,-0.016663,0.44696
raise_forward,7.173610375000003,0.955994,-0.010254,0.473145
raise_forward,7.207385791,0.932068,-0.001465,0.504822
raise_forward,7.236641958,0.917725,0.003662,0.537476
raise_forward,7.270347083000004,0.892395,0.009277,0.552185
raise_forward,7.299137291000001,0.873352,0.001465,0.581055
raise_forward,7.333160458000002,0.854675,0.021484,0.62146
raise_forward,7.362388500000002,0.81311,0.006042,0.62146
raise_forward,7.396517500000002,0.800171,0.029358,0.679382
raise_forward,7.430265125000005,0.770752,0.023499,0.703857
raise_forward,7.459575208000004,0.746765,0.002136,0.704834
raise_forward,7.493175041000001,0.715759,0.016052,0.742981
raise_forward,7.5226420410000046,0.682434,0.036926,0.762634
raise_forward,7.556410541000005,0.651489,0.045837,0.784973
raise_forward,7.585674916000002,0.617432,0.050293,0.796997
raise_forward,7.619081041000001,0.594543,0.036499,0.819946
raise_forward,7.648883000000005,0.577698,0.028198,0.83844
raise_forward,7.681299750000001,0.553833,0.059753,0.859863
raise_forward,7.716588458000004,0.535156,0.041809,0.882446
raise_forward,7.796085250000004,0.46991,0.051575,0.930237
raise_forward,7.825350208000003,0.450134,0.037476,0.938904
raise_forward,7.858963958000004,0.427673,0.025146,0.9552
raise_forward,7.888322166000002,0.396729,0.036133,0.947632
raise_forward,7.922132957999999,0.364807,0.026123,0.965027
raise_forward,7.951188208000005,0.351196,0.020264,0.955811
raise_forward,7.984806208000002,0.328186,0.024231,0.957703
raise_forward,8.013821083000003,0.303711,0.020996,0.965576
raise_forward,8.051178750000005,0.276672,0.009094,0.967163
raise_forward,8.085555875000004,0.239685,0.016235,0.973267
raise_forward,8.114604750000005,0.226318,0.006592,0.970825
raise_forward,8.148446415999999,0.226318,0.006592,0.970825
raise_forward,8.178077041000002,0.173828,0.014465,0.999023
raise_forward,8.211612916,0.145935,0.013428,1.010254
raise_forward,8.240260208000002,0.128052,0.016174,0.996216
raise_forward,8.274425083000004,0.102722,-0.004578,0.998169
raise_forward,8.308198583,0.087036,0.008545,1.007935
raise_forward,8.337312750000002,0.068298,0.007263,0.998718
raise_forward,8.371581083000002,0.05249,0.013184,1.002319
raise_forward,8.400461291,0.044922,0.033813,1.006531
raise_forward,8.434232333000004,0.017517,-0.000305,0.976807
raise_forward,8.463581916000003,0.003296,0.026428,0.985107
raise_forward,8.497178458,-0.008484,0.022644,0.989563
raise_forward,8.526239582999999,-0.020813,0.001648,0.992126
raise_forward,8.560507208000004,-0.027832,0.003784,0.994019
raise_forward,8.594271458000001,-0.030457,0.008484,0.996887
raise_forward,8.625008166,-0.028381,0.019592,1.011658
raise_forward,8.657564041,-0.030823,0.007507,1.015076
raise_forward,8.686005708000003,-0.031738,0.019836,1.008972
raise_forward,8.721122208000004,-0.037598,0.005554,0.998657
raise_forward,8.800245208,-0.041992,0.014404,1.009766
raise_forward,8.829675625,-0.039124,0.013428,1.023071
raise_forward,8.863488625000002,-0.038818,0.009033,1.012695
raise_forward,8.897204166000002,-0.038818,0.02002,1.024048
raise_forward,8.926094708,-0.029785,0.019714,1.027039
raise_forward,8.960057500000005,-0.031921,0.00531,1.016907
raise_forward,8.989536874999999,-0.036194,0.010803,1.023499
raise_forward,9.023040791,-0.034119,0.0224,1.016663
raise_forward,9.052217040999999,-0.033447,0.01416,1.020569
raise_forward,9.086301375000005,-0.034302,0.009216,1.01886
raise_forward,9.114881791000002,-0.032593,0.011597,1.015015
raise_forward,9.148987416000004,-0.036011,0.013184,1.021179
raise_forward,9.182839416,-0.037292,0.009155,1.014404
raise_forward,9.212111208000003,-0.034851,0.004822,1.011414
raise_forward,9.246097708,-0.041809,0.000549,1.023132
raise_forward,9.275219374999999,-0.043335,0.004944,1.015991
raise_forward,9.309066041000001,-0.03833,0.016907,1.021606
raise_forward,9.337926166000003,-0.035461,0.00061,1.020386
raise_forward,9.371668125,-0.031067,0.001587,1.019287
raise_forward,9.405925000000003,-0.027527,0.002075,1.013916
raise_forward,9.434807625000005,-0.024231,0.000977,1.01648
raise_forward,9.468746708000005,-0.020874,0.006958,1.0177
raise_forward,9.498030750000005,-0.021606,0.003967,1.012695
raise_forward,9.531734041,-0.020081,0.010254,1.017578
raise_forward,9.560960208000004,-0.019043,0.00647,1.012024
raise_forward,9.595024541,-0.015503,-0.003479,1.012695
raise_forward,9.630520041000004,-0.010437,0.006714,1.008911
raise_forward,9.658346666,-0.004272,0.0,1.003479
raise_forward,9.690879625,0.002136,0.010559,1.009094
raise_forward,9.720678500000005,0.006897,0.007813,0.99884
raise_forward,9.800916915999998,0.034241,0.009827,1.007874
raise_forward,9.834951083,0.042175,0.00531,1.006714
raise_forward,9.864549208,0.053955,0.005859,1.002075
raise_forward,9.897817041000003,0.064331,0.013855,1.009766
raise_forward,9.931870166000003,0.077393,0.022644,1.011658
raise_forward,9.960600249999999,0.091125,0.009644,1.002441
raise_forward,9.994779333000004,0.110352,0.019531,1.009644
raise_forward,10.023846165999998,0.127808,0.009949,0.991272
raise_forward,10.057727041,0.134827,0.010742,0.998779
raise_forward,10.091683666000002,0.155823,0.011047,0.985657
raise_forward,10.12105125,0.188721,0.033691,0.998291
raise_forward,10.154668999999998,0.199402,0.048462,0.998169
raise_forward,10.184065333,0.214233,0.015137,0.963196
raise_forward,10.217377541000005,0.233826,0.019897,0.973633
raise_forward,10.246632791000003,0.254822,0.049316,0.981323
raise_forward,10.280731041000003,0.274414,0.006775,0.944824
raise_forward,10.309708541,0.294861,0.030884,0.969727
raise_forward,10.343647000000004,0.327026,0.04834,0.958374
raise_forward,10.377494666000004,0.358826,0.011597,0.926331
raise_forward,10.406595583000005,0.389099,0.056702,0.973816
raise_forward,10.440579166,0.408936,0.065613,0.927307
raise_forward,10.469518166,0.436218,0.023621,0.901856
raise_forward,10.503263875000002,0.469421,0.092957,0.958008
raise_forward,10.532313416000001,0.505798,0.123535,0.936829
raise_forward,10.566440333000003,0.505066,0.029968,0.899719
raise_forward,10.595468000000004,0.514343,0.048096,0.888367
raise_forward,10.629872165999998,0.55542,0.04895,0.84436
raise_forward,10.658832625000002,0.582703,0.020874,0.820984
raise_forward,10.692796583000003,0.589905,0.072571,0.824585
raise_forward,10.772328125000001,0.687988,0.024353,0.788696
raise_forward,10.806081916000004,0.715332,0.042786,0.768921
raise_forward,10.835236458000004,0.73761,0.015686,0.722473
raise_forward,10.869066125000003,0.758545,0.023743,0.726868
raise_forward,10.897945499999999,0.784241,0.031616,0.700317
raise_forward,10.931964458000003,0.808289,0.02002,0.659607
raise_forward,10.960932374999999,0.823547,0.016479,0.672424
raise_forward,10.995018875,0.856995,0.017456,0.631897
raise_forward,11.024211874999999,0.868469,-0.014526,0.574707
raise_forward,11.058047666,0.872376,-0.033569,0.56897
raise_forward,11.091776458000005,0.903442,-0.013489,0.558289
raise_forward,11.120607166,0.911621,-0.002075,0.53125
raise_forward,11.154880708,0.920044,-0.028137,0.505371
raise_forward,11.184007083000004,0.943237,-0.014038,0.485596
raise_forward,11.217691416000001,0.959961,-0.013794,0.463623
raise_forward,11.246941166,0.966431,-0.032104,0.452698
raise_forward,11.280661041000002,0.9729,-0.032349,0.438232
raise_forward,11.310034416,0.979309,-0.029541,0.392761
raise_forward,11.343889583,0.985962,-0.037903,0.374878
raise_forward,11.377759416000004,0.993774,-0.041992,0.362671
raise_forward,11.406922041000001,0.993225,-0.037659,0.34491
raise_forward,11.440890875000001,0.992249,-0.036133,0.329407
raise_forward,11.469596791,0.989136,-0.038879,0.308167
raise_forward,11.504018666,0.99231,-0.036682,0.292725
raise_forward,11.532909541000002,0.995728,-0.041504,0.283936
raise_forward,11.566560207999999,0.997376,-0.047241,0.258667
raise_forward,11.602346125000004,1.002869,-0.050293,0.244263
raise_forward,11.630118416000002,1.003906,-0.078125,0.227295
raise_forward,11.664550250000005,1.00647,-0.088257,0.213257
raise_forward,11.693773750000005,1.010437,-0.078369,0.20575
raise_forward,11.773105625,1.018433,-0.084778,0.192078
raise_forward,11.806543375000004,1.015808,-0.07843,0.187012
raise_forward,11.8406455,1.012573,-0.08728,0.185913
raise_forward,11.870041875000005,1.007446,-0.091309,0.179382
raise_forward,11.903446250000002,1.00592,-0.087341,0.168457
raise_forward,11.932571125000003,1.006226,-0.086243,0.159485
raise_forward,11.966215291000005,1.00531,-0.089111,0.163269
raise_forward,11.995322583000004,1.006836,-0.092712,0.1651
raise_left_front,0.029214499999994814,1.020325,-0.046143,0.109741
raise_left_front,0.06311458300000083,1.021362,-0.044739,0.105408
raise_left_front,0.09195241599999804,1.02124,-0.054993,0.109741
raise_left_front,0.12593479099999882,1.019959,-0.058777,0.1073
raise_left_front,0.15998179099999987,1.018738,-0.045471,0.102051
raise_left_front,0.1892464579999995,1.018494,-0.044861,0.111328
raise_left_front,0.2227424999999954,1.020386,-0.059143,0.120056
raise_left_front,0.2517698750000008,1.021484,-0.054565,0.123596
raise_left_front,0.28590658299999916,1.01947,-0.066834,0.128845
raise_left_front,0.3145021659999969,1.036804,-0.058655,0.155701
raise_left_front,0.34870537499999443,1.043762,-0.063354,0.174744
raise_left_front,0.3825563329999966,1.042603,-0.06781,0.191589
raise_left_front,0.41180804100000046,1.047363,-0.071045,0.209045
raise_left_front,0.44619799999999543,1.046814,-0.095642,0.229248
raise_left_front,0.47517754100000076,1.044739,-0.10083,0.259644
raise_left_front,0.5087595409999963,1.033691,-0.113342,0.281494
raise_left_front,0.5381847499999992,1.035828,-0.126465,0.317627
raise_left_front,0.5718262079999974,1.029663,-0.113586,0.343872
raise_left_front,0.6005229579999991,1.017395,-0.113464,0.373169
raise_left_front,0.6348889579999977,1.008057,-0.129211,0.399536
raise_left_front,0.6638287910000003,0.991943,-0.137329,0.417297
raise_left_front,0.6972802079999951,0.966858,-0.138672,0.453186
raise_left_front,0.7279445409999994,0.943359,-0.131287,0.489807
raise_left_front,0.7602304159999989,0.905029,-0.118103,0.530273
raise_left_front,0.7924585409999949,0.888855,-0.094971,0.576965
raise_left_front,0.8214476249999976,0.86023,-0.11676,0.596314
raise_left_front,0.9018454579999968,0.768738,-0.132385,0.665039
raise_left_front,0.9354051249999955,0.746826,-0.12854,0.704651
raise_left_front,0.9644954999999982,0.70697,-0.121033,0.721863
raise_left_front,0.9980325410000006,0.676453,-0.119385,0.75885
raise_left_front,1.0275127909999995,0.63446,-0.097046,0.796143
raise_left_front,1.0607086249999966,0.594971,-0.107544,0.803589
raise_left_front,1.0898861249999996,0.563904,-0.080994,0.852844
raise_left_front,1.1235949159999947,0.537964,-0.099365,0.856079
raise_left_front,1.1528306659999998,0.515381,-0.12207,0.879334
raise_left_front,1.1862119159999907,0.487,-0.086426,0.900818
raise_left_front,1.2196981249999936,0.454041,-0.078186,0.91333
raise_left_front,1.248806665999993,0.41394,-0.080994,0.934876
raise_left_front,1.282225582999999,0.38739,-0.082886,0.937256
raise_left_front,1.311342541000002,0.34613,-0.092834,0.945251
raise_left_front,1.3449512079999977,0.320801,-0.069885,0.957581
raise_left_front,1.3736709159999947,0.297913,-0.08252,0.962219
raise_left_front,1.4072618750000032,0.254578,-0.084106,0.981323
raise_left_front,1.4365927909999954,0.226746,-0.077576,0.985596
raise_left_front,1.4700677499999983,0.197083,-0.075745,0.983582
raise_left_front,1.499116665999992,0.1651,-0.059998,0.98877
raise_left_front,1.532647499999996,0.142029,-0.05719,0.982483
raise_left_front,1.5662050410000035,0.10199,-0.069885,0.983154
raise_left_front,1.5952094999999957,0.08075,-0.051208,0.978638
raise_left_front,1.6291426659999928,0.061646,-0.062256,0.953613
raise_left_front,1.657865000000001,0.035645,-0.05603,0.968933
raise_left_front,1.6914619579999908,0.019165,-0.061584,0.962769
raise_left_front,1.722090915999999,0.008667,-0.05188,0.971619
raise_left_front,1.7544323749999933,-0.013123,-0.042603,0.981323
raise_left_front,1.7867329580000018,-0.021423,-0.037415,0.989075
raise_left_front,1.8159752910000009,-0.03009,-0.047485,0.985413
raise_left_front,1.8961111250000044,-0.048035,-0.034851,1.000855
raise_left_front,1.9298058749999996,-0.046875,-0.042847,0.999939
raise_left_front,1.9584822909999957,-0.056763,-0.041992,0.999146
raise_left_front,1.9919807079999998,-0.052246,-0.045227,1.002686
raise_left_front,2.0209518749999944,-0.057434,-0.055542,1.003967
raise_left_front,2.054968875,-0.05481,-0.054382,1.02124
raise_left_front,2.0885497499999985,-0.058411,-0.052185,1.020508
raise_left_front,2.1174962079999915,-0.058655,-0.04187,1.025635
raise_left_front,2.1512260829999974,-0.052795,-0.052368,1.017517
raise_left_front,2.180675749999992,-0.0578,-0.054871,1.014282
raise_left_front,2.213526833000003,-0.055542,-0.055298,1.009888
raise_left_front,2.2430807079999937,-0.061462,-0.05719,1.00885
raise_left_front,2.2765081659999993,-0.061035,-0.055054,1.012146
raise_left_front,2.310101082999992,-0.058167,-0.056641,1.008179
raise_left_front,2.3392892079999967,-0.062683,-0.045288,1.016602
raise_left_front,2.372905958000004,-0.058716,-0.057678,1.013428
raise_left_front,2.401981124999992,-0.058777,-0.064331,1.014771
raise_left_front,2.435344833000002,-0.058472,-0.051392,1.025085
raise_left_front,2.468984040999999,-0.05658,-0.054382,1.01947
raise_left_front,2.4977375409999922,-0.057312,-0.055725,1.028748
raise_left_front,2.5317380000000043,-0.054382,-0.06311,1.0177
raise_left_front,2.5605406659999943,-0.055786,-0.059509,1.018677
raise_left_front,2.594313083000003,-0.051941,-0.058167,1.020264
raise_left_front,2.6236352909999994,-0.052979,-0.059998,1.0177
raise_left_front,2.6570542500000016,-0.054382,-0.061279,1.019287
raise_left_front,2.6906468330000024,-0.05481,-0.062866,1.016052
raise_left_front,2.721378125000001,-0.055847,-0.058105,1.020203
raise_left_front,2.7536625000000043,-0.053467,-0.060364,1.018799
raise_left_front,2.781062332999994,-0.052795,-0.062744,1.0177
raise_left_front,2.816105041,-0.051392,-0.061646,1.013306
raise_left_front,2.895155250000002,-0.05426,-0.059143,1.023438
raise_left_front,2.9286741250000006,-0.054138,-0.056335,1.02179
raise_left_front,2.957755082999995,-0.052856,-0.059998,1.021668
raise_left_front,2.9913963749999937,-0.056519,-0.054688,1.022095
raise_left_front,3.0199661249999963,-0.054749,-0.055237,1.019653
raise_left_front,3.0537847499999913,-0.057312,-0.056885,1.020264
raise_left_front,3.082412750000003,-0.057434,-0.053955,1.018433
raise_left_front,3.1160302499999943,-0.057434,-0.059937,1.013184
raise_left_front,3.1500885410000024,-0.061157,-0.051208,1.013306
raise_left_front,3.1791015000000016,-0.062927,-0.051331,1.014771
raise_left_front,3.2127418329999955,-0.061707,-0.057007,1.011047
raise_left_front,3.2416719579999977,-0.062134,-0.051147,1.014465
raise_left_front,3.275288415999995,-0.061584,-0.052856,1.013001
raise_left_front,3.304688374999998,-0.062012,-0.055969,1.018921
raise_left_front,3.338226832999993,-0.05957,-0.051819,1.018616
raise_left_front,3.371659582999996,-0.058655,-0.054993,1.016052
raise_left_front,3.400391499999998,-0.058228,-0.054749,1.020813
raise_left_front,3.4340597079999924,-0.054932,-0.058838,1.019226
raise_left_front,3.463157999999993,-0.056824,-0.056152,1.019348
raise_left_front,3.4967975409999923,-0.053711,-0.05426,1.015198
raise_left_front,3.5254431660000023,-0.054626,-0.058777,1.017517
raise_left_front,3.5593492910000037,-0.055054,-0.053772,1.01947
raise_left_front,3.5929693749999956,-0.055481,-0.051392,1.016357
raise_left_front,3.621912999999992,-0.053284,-0.05719,1.017883
raise_left_front,3.6559751249999977,-0.052185,-0.05481,1.017883
raise_left_front,3.684552999999994,-0.053223,-0.05127,1.016846
raise_left_front,3.718681332999992,-0.050842,-0.047852,1.019836
raise_left_front,3.7522810829999997,-0.051819,-0.05249,1.013245
raise_left_front,3.7802337499999936,-0.050598,-0.051392,1.016357
raise_left_front,3.8600631249999964,-0.049133,-0.050049,1.018433
raise_left_front,3.8939923749999963,-0.044922,-0.040649,1.022766
raise_left_front,3.9229670409999926,-0.041809,-0.0495,1.014099
raise_left_front,3.956608000000003,-0.04187,-0.05072,1.01947
raise_left_front,3.989970540999991,-0.040833,-0.046448,1.019104
raise_left_front,4.018857749999995,-0.041809,-0.043152,1.018433
raise_left_front,4.052892125,-0.039063,-0.044617,1.01593
raise_left_front,4.081534750000003,-0.036621,-0.05127,1.006287
raise_left_front,4.115480124999991,-0.036926,-0.046326,1.007751
raise_left_front,4.144356958000003,-0.032654,-0.039734,1.000244
raise_left_front,4.177861166,-0.032898,-0.039185,0.991516
raise_left_front,4.211660291000001,-0.026123,-0.038025,0.994812
raise_left_front,4.240820458000002,-0.02179,-0.029175,0.994202
raise_left_front,4.274374666,-0.015259,-0.023865,0.988831
raise_left_front,4.303619624999996,-0.002502,-0.030945,0.982117
raise_left_front,4.337005332999993,0.001099,-0.039612,1.000977
raise_left_front,4.370688165999994,0.024231,-0.022888,0.991943
raise_left_front,4.399963415999991,0.03833,-0.028748,0.975891
raise_left_front,4.432996540999994,0.049683,-0.016846,0.982788
raise_left_front,4.462109874999996,0.069458,-0.027649,0.985107
raise_left_front,4.495788165999997,0.082703,-0.009399,0.976685
raise_left_front,4.529580124999995,0.109131,-0.031616,0.980774
raise_left_front,4.558347291000004,0.13385,-0.005798,0.986084
raise_left_front,4.591967791000002,0.151001,-0.003174,0.99408
raise_left_front,4.620911915999997,0.189514,-0.032043,0.972839
raise_left_front,4.654504625000001,0.209412,-0.003906,0.96167
raise_left_front,4.683625415999998,0.245117,-0.04657,0.971558
raise_left_front,4.717603874999995,0.279053,-0.043335,0.943176
raise_left_front,4.7513385409999955,0.300232,-0.01886,0.969177
raise_left_front,4.780295082999999,0.332947,-0.04187,0.952148
raise_left_front,4.859471499999998,0.418518,-0.07373,0.922485
raise_left_front,4.892720957999998,0.456299,-0.052979,0.921326
raise_left_front,4.921942625,0.490295,-0.007751,0.906799
raise_left_front,4.955678582999994,0.532776,-0.003967,0.868286
raise_left_front,4.984416874999994,0.5625,0.003296,0.869263
raise_left_front,5.018479458000002,0.601257,-0.043884,0.851074
raise_left_front,5.052078541,0.627747,-0.02063,0.826233
raise_left_front,5.080898915999995,0.650818,-0.012207,0.820007
raise_left_front,5.114891040999993,0.706543,-0.072754,0.755371
raise_left_front,5.143981457999999,0.727661,-0.030823,0.762573
raise_left_front,5.1775407499999915,0.756653,-0.020325,0.736023
raise_left_front,5.211216041,0.787415,-0.054565,0.688965
raise_left_front,5.240463665999997,0.812073,-0.075684,0.677551
raise_left_front,5.273976500000003,0.838379,-0.080444,0.636963
raise_left_front,5.303202040999992,0.87262,-0.070557,0.606201
raise_left_front,5.337113625000001,0.873596,-0.073669,0.58905
raise_left_front,5.370716040999994,0.894287,-0.092529,0.555176
raise_left_front,5.399776415999995,0.929321,-0.085693,0.569885
raise_left_front,5.433765749999992,0.944641,-0.101135,0.562073
raise_left_front,5.463667999999998,0.960205,-0.10083,0.520874
raise_left_front,5.496746999999999,0.977722,-0.085327,0.458191
raise_left_front,5.530637749999997,0.989075,-0.086548,0.425415
raise_left_front,5.559775000000002,0.974426,-0.077454,0.395935
raise_left_front,5.5938124999999985,0.964417,-0.064331,0.376648
raise_left_front,5.623326457999994,0.963013,-0.05658,0.38031
raise_left_front,5.657014957999991,0.967712,-0.05188,0.365845
raise_left_front,5.688102165999993,0.982727,-0.041687,0.344788
raise_left_front,5.720429874999994,0.992981,-0.061279,0.330078
raise_left_front,5.754285499999995,1.000244,-0.05896,0.312561
raise_left_front,5.783259083000004,0.999207,-0.042236,0.294556
raise_left_front,5.862994333000003,1.011353,-0.072937,0.251038
raise_left_front,5.896601875000002,1.014099,-0.075623,0.230896
raise_left_front,5.92570624999999,1.008118,-0.071899,0.22699
raise_left_front,5.959796041000004,1.008179,-0.064514,0.202332
raise_left_front,5.989221125,0.996216,-0.053955,0.200195
raise_left_front,6.022896415999995,0.99762,-0.046143,0.185791
raise_left_front,6.056698249999997,1.004028,-0.062561,0.179199
raise_left_front,6.086029999999994,1.006165,-0.076233,0.188477
raise_left_front,6.119913832999998,1.008606,-0.054749,0.175354
raise_left_front,6.14934925,1.016907,-0.05072,0.153625
raise_left_front,6.183025665999992,1.022827,-0.066284,0.184143
raise_left_front,6.216409749999997,1.021851,-0.072144,0.189331
raise_left_front,6.245734458000001,1.011536,-0.037964,0.1604
raise_left_front,6.279773625000004,1.014282,-0.043762,0.154724
raise_left_front,6.309181874999993,1.021484,-0.066162,0.162415
raise_left_front,6.342861165999992,1.021118,-0.066284,0.158508
raise_left_front,6.372004582999992,1.0177,-0.049561,0.145569
raise_left_front,6.4058218330000045,1.009888,-0.042969,0.138184
raise_left_front,6.439771540999999,1.009949,-0.056335,0.139648
raise_left_front,6.468953958,1.012512,-0.062073,0.138428
raise_left_front,6.502704541,1.013794,-0.050842,0.135742
raise_left_front,6.531702332999998,1.016968,-0.048645,0.135376
raise_left_front,6.5658660409999925,1.016785,-0.057678,0.13501
raise_left_front,6.599547874999999,1.015442,-0.056213,0.130493
raise_left_front,6.628722249999996,1.01709,-0.053284,0.127625
raise_left_front,6.662653082999995,1.016663,-0.044861,0.130432
raise_left_front,6.6933798329999945,1.018494,-0.050903,0.125488
raise_left_front,6.726368957999995,1.018005,-0.050537,0.124023
raise_left_front,6.754361833000004,1.018799,-0.040405,0.121887
raise_left_front,6.789458749999994,1.020874,-0.043091,0.121155
raise_left_front,6.868550415999991,1.022217,-0.044495,0.113037
raise_left_front,6.902216832999997,1.021179,-0.049866,0.111633
raise_left_front,6.931468791,1.021118,-0.043091,0.11322
raise_left_front,6.965570583000002,1.023499,-0.045044,0.115173
raise_left_front,6.994642958,1.022888,-0.048706,0.112061
raise_left_front,7.028490082999994,1.022217,-0.041565,0.10553
raise_left_front,7.057995040999998,1.022461,-0.042114,0.106934
raise_left_front,7.091310374999992,1.020996,-0.048523,0.104553
raise_left_front,7.120284291000004,1.023315,-0.042297,0.100464
raise_left_front,7.154341040999995,1.022156,-0.048523,0.100464
raise_left_front,7.188270540999994,1.016785,-0.042725,0.103821
raise_left_front,7.217289207999997,1.014587,-0.033142,0.103577
raise_left_front,7.251375249999995,1.014832,-0.038025,0.101074
raise_left_front,7.280608665999992,1.017761,-0.039063,0.105347
raise_left_front,7.314360374999993,1.019348,-0.040466,0.099487
raise_left_front,7.349085332999991,1.021729,-0.036133,0.105469
raise_left_front,7.3772311249999944,1.026794,-0.041504,0.104065
raise_left_front,7.411320582999991,1.025879,-0.046082,0.098206
raise_left_front,7.440511583000003,1.018372,-0.042053,0.100403
raise_left_front,7.474092708000001,1.018127,-0.043579,0.102173
raise_left_front,7.503609999999995,1.02002,-0.041504,0.098755
raise_left_front,7.537259165999998,1.019959,-0.042297,0.095459
raise_left_front,7.566592040999993,1.021851,-0.049438,0.098877
raise_left_front,7.600539458,1.020264,-0.04248,0.096191
raise_left_front,7.629397249999997,1.016235,-0.043396,0.094666
raise_left_front,7.663510708000004,1.019104,-0.045227,0.09314
raise_left_front,7.6976545409999915,1.023254,-0.042603,0.096008
raise_left_front,7.725339582999993,1.02301,-0.044495,0.097473
raise_left_front,7.760812833000003,1.019287,-0.043335,0.098877
raise_left_front,7.840289290999991,1.02002,-0.044495,0.110229
raise_left_front,7.869281665999992,1.024841,-0.045776,0.115845
raise_left_front,7.903189832999999,1.028809,-0.049316,0.119141
raise_left_front,7.9321218329999965,1.029785,-0.06366,0.136963
raise_left_front,7.965813541000003,1.036133,-0.069031,0.155273
raise_left_front,7.9949430829999955,1.034424,-0.072937,0.15686
raise_left_front,8.028786083,1.034851,-0.081848,0.179199
raise_left_front,8.057546790999993,1.039673,-0.103821,0.194092
raise_left_front,8.09152191599999,1.033386,-0.109314,0.212585
raise_left_front,8.125821415999994,1.027283,-0.107056,0.229187
raise_left_front,8.154416458,1.022095,-0.108032,0.260376
raise_left_front,8.188558708000002,1.011841,-0.122314,0.280273
raise_left_front,8.217658999999998,1.012085,-0.126343,0.305054
raise_left_front,8.251382165999999,1.002441,-0.117249,0.316162
raise_left_front,8.280552583000002,0.991516,-0.118408,0.343323
raise_left_front,8.314623708,0.969788,-0.129089,0.383728
raise_left_front,8.343340791000003,0.960999,-0.135864,0.401672
raise_left_front,8.377269499999997,0.942383,-0.124512,0.434692
raise_left_front,8.411009790999998,0.928955,-0.13147,0.452087
raise_left_front,8.440166832999992,0.920593,-0.126526,0.490051
raise_left_front,8.473745957999995,0.894226,-0.151367,0.519409
raise_left_front,8.503085040999991,0.873535,-0.163696,0.560303
raise_left_front,8.536397166,0.853577,-0.100403,0.612793
raise_left_front,8.565144500000002,0.840942,-0.147583,0.596619
raise_left_front,8.598894458000004,0.813416,-0.151611,0.635681
raise_left_front,8.627922749999996,0.77887,-0.145203,0.658875
raise_left_front,8.663425040999996,0.759399,-0.118958,0.683472
raise_left_front,8.691077332999996,0.739502,-0.12854,0.707336
raise_left_front,8.7248795,0.720398,-0.137573,0.731934
raise_left_front,8.758381999999997,0.687805,-0.145142,0.731201
raise_left_front,8.837235124999992,0.628174,-0.122864,0.794739
raise_left_front,8.866216707999996,0.60907,-0.112854,0.826538
raise_left_front,8.899776457999991,0.56488,-0.121216,0.857361
raise_left_front,8.928705457999996,0.542969,-0.101501,0.869873
raise_left_front,8.962472082999994,0.514709,-0.098877,0.884155
raise_left_front,8.991196583000004,0.485596,-0.095947,0.892273
raise_left_front,9.025057332999992,0.453796,-0.120728,0.898132
raise_left_front,9.054037082999997,0.420349,-0.111145,0.92511
raise_left_front,9.087505415999999,0.392273,-0.126953,0.924988
raise_left_front,9.121411791,0.350891,-0.140442,0.957214
raise_left_front,9.150308499999994,0.324402,-0.133667,0.955261
raise_left_front,9.183999665999991,0.295593,-0.112305,0.965759
raise_left_front,9.212851874999998,0.261108,-0.115295,0.99231
raise_left_front,9.246602332999998,0.23999,-0.112488,0.984558
raise_left_front,9.275261749999999,0.20459,-0.104736,0.992859
raise_left_front,9.309101583,0.17273,-0.122192,1.010437
raise_left_front,9.338369874999998,0.156982,-0.096069,1.000061
raise_left_front,9.371819708000004,0.119263,-0.092712,1.002319
raise_left_front,9.400329124999999,0.088074,-0.081177,1.018372
raise_left_front,9.433923499999992,0.042969,-0.128296,1.067017
raise_left_front,9.467803582999991,0.048218,-0.085876,1.016418
raise_left_front,9.496873707999995,0.109253,-0.06665,0.685547
raise_left_front,9.530273999999991,0.073242,-0.04541,0.922363
raise_left_front,9.559279915999994,0.0625,-0.052429,0.964783
raise_left_front,9.593034625000001,0.040527,-0.063293,0.965698
raise_left_front,9.621756625000003,0.032227,-0.072815,0.972595
raise_left_front,9.65728,0.017456,-0.06427,0.97229
raise_left_front,9.689583249999998,0.016235,-0.0625,0.981751
raise_left_front,9.718556290999999,0.009521,-0.068787,0.975525
raise_left_front,9.75099020799999,-0.001953,-0.05249,0.998901
raise_left_front,9.831126124999997,-0.010132,-0.068848,0.998169
raise_left_front,9.860101749999998,-0.0047,-0.080994,0.98877
raise_left_front,9.893963749999998,-0.012024,-0.071838,1.005127
raise_left_front,9.92752025,-0.009766,-0.07135,1.009583
raise_left_front,9.956258290999997,-0.005676,-0.088257,1.008423
raise_left_front,9.990031000000002,-0.003296,-0.085449,1.013916
raise_left_front,10.018846791000001,-0.002136,-0.084534,1.016418
raise_left_front,10.052871582999998,0.000244,-0.080383,1.023438
raise_left_front,10.081332000000003,0.00415,-0.084595,1.023315
raise_left_front,10.115344832999995,0.002258,-0.082397,1.023132
raise_left_front,10.14896191599999,0.006592,-0.086975,1.018921
raise_left_front,10.177832874999993,0.003052,-0.077637,1.027222
raise_left_front,10.211714208000004,0.006348,-0.081238,1.022766
raise_left_front,10.241077250000004,0.004761,-0.077942,1.022766
raise_left_front,10.274207207999993,0.004089,-0.075867,1.024658
raise_left_front,10.303185749999997,0.007019,-0.079956,1.017395
raise_left_front,10.336927500000002,0.003235,-0.077576,1.018127
raise_left_front,10.370549791000002,0.006287,-0.079651,1.021606
raise_left_front,10.399432000000004,0.005493,-0.082397,1.016541
raise_left_front,10.432906207999991,0.005066,-0.067749,1.027893
raise_left_front,10.462259125000003,0.008362,-0.077454,1.021668
raise_left_front,10.495701582999999,0.005676,-0.08606,1.015686
raise_left_front,10.52457812499999,0.007935,-0.071777,1.020264
raise_left_front,10.55852570799999,0.004944,-0.078857,1.019043
raise_left_front,10.591935499999991,0.002686,-0.069824,1.018494
raise_left_front,10.620820332999998,0.00592,-0.074768,1.015381
raise_left_front,10.656088249999996,0.002075,-0.074341,1.016602
raise_left_front,10.683572874999996,0.00531,-0.068542,1.016907
raise_left_front,10.716299832999994,0.003113,-0.074341,1.012512
raise_left_front,10.751306624999998,0.0047,-0.069519,1.015015
raise_left_front,10.830270624999997,0.007751,-0.067078,1.02301
raise_left_front,10.859122916000004,0.00885,-0.081604,1.017944
raise_left_front,10.892717125000004,0.007935,-0.073547,1.024231
raise_left_front,10.921606916000002,0.009644,-0.069092,1.022766
raise_left_front,10.955505540999994,0.010254,-0.079041,1.018982
raise_left_front,10.984684125000001,0.010132,-0.074097,1.022644
raise_left_front,11.018218665999996,0.010376,-0.081726,1.018372
raise_left_front,11.051768999999993,0.009766,-0.07666,1.018189
raise_left_front,11.080910290999995,0.010742,-0.070068,1.01709
raise_left_front,11.114475124999998,0.011353,-0.076233,1.013611
raise_left_front,11.143520124999995,0.013428,-0.071838,1.020691
raise_left_front,11.177178666000003,0.01239,-0.071228,1.02124
raise_left_front,11.210734625,0.012085,-0.066772,1.02002
raise_left_front,11.239844082999994,0.016113,-0.071594,1.019653
raise_left_front,11.273516165999993,0.017334,-0.070313,1.032043
raise_left_front,11.302648540999996,0.018005,-0.07251,1.027344
raise_left_front,11.336287749999997,0.019836,-0.074036,1.025696
raise_left_front,11.369607958000003,0.019775,-0.070374,1.029541
raise_left_front,11.398580249999995,0.018677,-0.072388,1.02417
raise_left_front,11.432511957999992,0.018188,-0.071472,1.019836
raise_left_front,11.461285457999992,0.017334,-0.071045,1.025513
raise_left_front,11.495104208,0.014404,-0.077515,1.027954
raise_left_front,11.523941207999997,0.017334,-0.076904,1.014526
raise_left_front,11.55787270799999,0.016357,-0.072876,1.019959
raise_left_front,11.59138399999999,0.015198,-0.074524,1.014038
raise_left_front,11.620121249999997,0.014587,-0.074097,1.01062
raise_left_front,11.655634540999998,0.013428,-0.079651,1.01062
raise_left_front,11.68368333299999,0.01239,-0.080688,1.013245
raise_left_front,11.716839624999992,0.007446,-0.077026,1.019653
raise_left_front,11.74925675,0.015076,-0.079224,1.012268
raise_left_front,11.829372499999991,0.013245,-0.079651,1.017822
raise_left_front,11.858186040999996,0.016052,-0.077698,1.022217
raise_left_front,11.892061583,0.014954,-0.077454,1.020325
raise_left_front,11.920905332999993,0.015686,-0.082764,1.019714
raise_left_front,11.954806207999994,0.016968,-0.080505,1.018799
raise_left_front,11.983954083,0.016846,-0.076233,1.01355
raise_right_front,0.03390866699999151,1.000427,0.047119,0.248596
raise_right_front,0.0678544169999924,1.004456,0.048706,0.251465
raise_right_front,0.09669266699999923,1.005188,0.050354,0.259888
raise_right_front,0.13066133399999558,1.000488,0.046875,0.263855
raise_right_front,0.1596610419999962,1.002136,0.041748,0.261963
raise_right_front,0.1935121669999944,1.007019,0.043579,0.269043
raise_right_front,0.2223679999999888,1.004456,0.049011,0.282227
raise_right_front,0.25653183400000046,1.001526,0.04895,0.292419
raise_right_front,0.28562787499998876,0.996765,0.056458,0.294861
raise_right_front,0.3196619999999939,0.991028,0.054565,0.298401
raise_right_front,0.3533282499999899,0.986633,0.048279,0.306274
raise_right_front,0.3827128339999888,0.989258,0.041138,0.322754
raise_right_front,0.41666337499999884,0.982849,0.049622,0.323792
raise_right_front,0.44577908399999444,0.981628,0.035889,0.333557
raise_right_front,0.47960808399999166,0.980103,0.030823,0.359558
raise_right_front,0.5088882919999946,0.980408,0.035095,0.376465
raise_right_front,0.5424594589999998,0.983154,0.036438,0.398254
raise_right_front,0.5718227089999885,0.972839,0.043823,0.43866
raise_right_front,0.60534887499999,0.965454,0.053467,0.445557
raise_right_front,0.634606833999996,0.953796,0.063599,0.475586
raise_right_front,0.6684302500000001,0.93927,0.023254,0.490356
raise_right_front,0.7042195840000005,0.924805,0.006287,0.467896
raise_right_front,0.7316704999999928,0.93103,-0.02478,0.485168
raise_right_front,0.7660120839999962,0.941528,0.006287,0.520325
raise_right_front,0.795148999999995,0.909363,0.000427,0.542297
raise_right_front,0.8747726249999914,0.854065,-0.020691,0.549927
raise_right_front,0.9083492500000006,0.858704,0.002258,0.616272
raise_right_front,0.9377900839999995,0.825684,0.045471,0.654236
raise_right_front,0.9710891669999882,0.775147,0.01532,0.670349
raise_right_front,1.000374416999989,0.758972,0.008667,0.72052
raise_right_front,1.0345217919999925,0.740418,0.014038,0.703125
raise_right_front,1.0680307499999913,0.719421,-0.000488,0.731018
raise_right_front,1.0974563340000003,0.722839,-0.041382,0.761047
raise_right_front,1.1313714589999933,0.722717,-0.065735,0.748291
raise_right_front,1.1604595419999981,0.715149,-0.068909,0.793518
raise_right_front,1.1943277499999994,0.703308,-0.088623,0.799194
raise_right_front,1.2238025420000014,0.693359,-0.116333,0.813416
raise_right_front,1.2570571249999887,0.686951,-0.096619,0.842346
raise_right_front,1.2913237089999967,0.631653,-0.096008,0.829956
raise_right_front,1.3203544169999901,0.605347,-0.136902,0.853455
raise_right_front,1.3541012919999957,0.572327,-0.130737,0.87439
raise_right_front,1.3833919169999973,0.538391,-0.105469,0.891052
raise_right_front,1.4172788749999938,0.510193,-0.113647,0.915344
raise_right_front,1.4461842089999948,0.47052,-0.107422,0.934021
raise_right_front,1.4803265839999966,0.417297,-0.147095,0.897217
raise_right_front,1.5140262500000006,0.398438,-0.1922,0.897339
raise_right_front,1.5427871670000002,0.354858,-0.180298,0.927185
raise_right_front,1.576557749999992,0.318542,-0.201843,0.935364
raise_right_front,1.6061133339999998,0.31134,-0.210876,0.955627
raise_right_front,1.639690041999998,0.27179,-0.223938,0.924377
raise_right_front,1.6736044169999928,0.239685,-0.221619,0.932251
raise_right_front,1.7043288339999947,0.213379,-0.243958,0.949463
raise_right_front,1.7372152089999986,0.172913,-0.301758,0.925415
raise_right_front,1.7648617499999943,0.162781,-0.31134,0.917358
raise_right_front,1.800257541999997,0.141724,-0.287415,0.927246
raise_right_front,1.8796673339999899,0.113892,-0.317627,0.95166
raise_right_front,1.9091465839999984,0.104614,-0.346802,0.927918
raise_right_front,1.942473416999988,0.094299,-0.371521,0.915466
raise_right_front,1.9766082919999945,0.073059,-0.335083,0.911194
raise_right_front,2.0059634169999896,0.068909,-0.324402,0.919006
raise_right_front,2.0396528339999946,0.047058,-0.340088,0.898987
raise_right_front,2.0687236670000004,0.032104,-0.344666,0.892578
raise_right_front,2.102429624999999,0.023315,-0.347961,0.896423
raise_right_front,2.136523916999991,0.013245,-0.379211,0.909973
raise_right_front,2.165855999999991,0.008179,-0.369385,0.920105
raise_right_front,2.19990937499999,0.006592,-0.372009,0.922058
raise_right_front,2.228968916999989,-6.1e-05,-0.38208,0.941467
raise_right_front,2.262333874999996,-0.012756,-0.385986,0.926331
raise_right_front,2.296590709,-0.012573,-0.381287,0.93512
raise_right_front,2.3260654999999986,-0.007751,-0.363525,0.936707
raise_right_front,2.3594526249999888,-0.020935,-0.395691,0.928711
raise_right_front,2.388695416999994,-0.030518,-0.403931,0.948486
raise_right_front,2.4229001669999946,-0.020203,-0.379395,0.927246
raise_right_front,2.451775916999992,-0.026672,-0.398926,0.928406
raise_right_front,2.4856841249999917,-0.027344,-0.374878,0.940247
raise_right_front,2.519549541999993,-0.024597,-0.367554,0.933533
raise_right_front,2.548715874999999,-0.036255,-0.393127,0.93866
raise_right_front,2.5828309169999955,-0.03241,-0.366638,0.938782
raise_right_front,2.612313666999995,-0.032227,-0.370605,0.926697
raise_right_front,2.645909374999988,-0.040833,-0.392334,0.936401
raise_right_front,2.6797652499999884,-0.042419,-0.380371,0.931946
raise_right_front,2.710696416999994,-0.039673,-0.378357,0.936768
raise_right_front,2.743383874999992,-0.044556,-0.390991,0.939331
raise_right_front,2.770725541999994,-0.038574,-0.378296,0.943298
raise_right_front,2.806363791999999,-0.03949,-0.372192,0.945984
raise_right_front,2.885500499999992,-0.039246,-0.378845,0.944031
raise_right_front,2.914783,-0.037048,-0.378113,0.943726
raise_right_front,2.94858674999999,-0.038513,-0.381287,0.936157
raise_right_front,2.982642791999993,-0.038818,-0.370117,0.944763
raise_right_front,3.0118129589999967,-0.034546,-0.375916,0.939697
raise_right_front,3.045710541999995,-0.034729,-0.372192,0.939697
raise_right_front,3.074575249999995,-0.037598,-0.367615,0.939087
raise_right_front,3.108655041999995,-0.038025,-0.376648,0.941956
raise_right_front,3.142542041999988,-0.038147,-0.371033,0.946167
raise_right_front,3.171601208999988,-0.041626,-0.372437,0.941772
raise_right_front,3.2055782919999984,-0.041199,-0.374084,0.947144
raise_right_front,3.2347354589999924,-0.040039,-0.362488,0.940125
raise_right_front,3.268780291999988,-0.041809,-0.375977,0.940979
raise_right_front,3.297820208999994,-0.039307,-0.363647,0.944458
raise_right_front,3.3317283749999973,-0.032532,-0.354492,0.937439
raise_right_front,3.365587667,-0.031555,-0.363281,0.93512
raise_right_front,3.394432166999991,-0.03009,-0.362976,0.929932
raise_right_front,3.428642208999989,-0.027405,-0.357056,0.934876
raise_right_front,3.4577290839999932,-0.020264,-0.357117,0.9375
raise_right_front,3.4915760419999913,-0.013367,-0.366516,0.927612
raise_right_front,3.52577458399999,-0.017883,-0.377014,0.931274
raise_right_front,3.5550336669999894,-0.001404,-0.341919,0.920349
raise_right_front,3.5886651249999915,0.012146,-0.348206,0.912842
raise_right_front,3.6178676669999987,0.002136,-0.370789,0.928833
raise_right_front,3.6516917499999977,0.023682,-0.338928,0.90979
raise_right_front,3.687442833999995,0.052673,-0.316223,0.902405
raise_right_front,3.71531341699999,0.048401,-0.344971,0.919312
raise_right_front,3.7492689589999912,0.067139,-0.320435,0.922546
raise_right_front,3.7786638749999923,0.082153,-0.302917,0.931458
raise_right_front,3.857607958999992,0.144775,-0.314087,0.973389
raise_right_front,3.8915759169999973,0.169189,-0.306519,0.951111
raise_right_front,3.9205595839999887,0.192688,-0.28125,0.963135
raise_right_front,3.954850291999989,0.209778,-0.270386,0.937561
raise_right_front,3.983935041999999,0.240662,-0.256104,0.94751
raise_right_front,4.017777624999994,0.247314,-0.254211,0.950684
raise_right_front,4.05161975,0.275391,-0.259827,0.896362
raise_right_front,4.080511291999997,0.295471,-0.260498,0.905701
raise_right_front,4.114881499999996,0.319885,-0.251343,0.888062
raise_right_front,4.1440857919999985,0.355347,-0.224182,0.952393
raise_right_front,4.1777084590000015,0.352051,-0.176941,0.943115
raise_right_front,4.206927499999992,0.390747,-0.172363,0.908569
raise_right_front,4.240686416999992,0.400818,-0.152954,0.938232
raise_right_front,4.274402291999991,0.413513,-0.178162,0.858154
raise_right_front,4.303880499999991,0.486023,-0.169678,0.893433
raise_right_front,4.337309708999996,0.48761,-0.092163,0.892334
raise_right_front,4.366652500000001,0.495483,-0.106995,0.824463
raise_right_front,4.400689166999996,0.575317,-0.099731,0.882568
raise_right_front,4.429370583999997,0.587097,-0.059143,0.866821
raise_right_front,4.463307291999996,0.625732,-0.103638,0.820374
raise_right_front,4.492660541999996,0.66626,-0.126587,0.8349
raise_right_front,4.526087292,0.675171,-0.094055,0.791199
raise_right_front,4.559763791999998,0.707336,-0.136292,0.698364
raise_right_front,4.588846249999989,0.72876,-0.117249,0.731262
raise_right_front,4.622451666999993,0.764587,-0.088257,0.692627
raise_right_front,4.651306208999998,0.824463,-0.107422,0.639526
raise_right_front,4.68664129199999,0.854309,-0.135071,0.634827
raise_right_front,4.714488666999998,0.869446,-0.10614,0.62323
raise_right_front,4.7469904589999885,0.900696,-0.090698,0.549988
raise_right_front,4.7759263339999904,0.904602,-0.105652,0.50354
raise_right_front,4.855923499999989,0.988342,-0.120361,0.462708
raise_right_front,4.890326791999996,1.002136,-0.120422,0.441223
raise_right_front,4.923867250000001,1.003235,-0.136597,0.424561
raise_right_front,4.952885334000001,1.00354,-0.122803,0.401489
raise_right_front,4.986929791999998,1.013916,-0.120239,0.347534
raise_right_front,5.015946791999994,1.007813,-0.15155,0.328247
raise_right_front,5.050214666999992,1.001526,-0.167053,0.307678
raise_right_front,5.0791811670000016,1.001343,-0.144348,0.295837
raise_right_front,5.1129350419999895,1.00293,-0.145264,0.283569
raise_right_front,5.146956708999994,0.998352,-0.165466,0.271301
raise_right_front,5.175631749999994,0.991882,-0.170959,0.285034
raise_right_front,5.209414374999994,0.987732,-0.181335,0.264221
raise_right_front,5.2382522919999985,0.987427,-0.165344,0.254517
raise_right_front,5.272078124999993,0.991211,-0.166809,0.249939
raise_right_front,5.3011237919999985,0.988647,-0.195313,0.237854
raise_right_front,5.335102083999999,0.982056,-0.211548,0.224121
raise_right_front,5.36365958399999,0.98468,-0.192932,0.207031
raise_right_front,5.397876124999996,0.979309,-0.192505,0.20575
raise_right_front,5.431824708999997,0.974731,-0.20813,0.202026
raise_right_front,5.46106512499999,0.979187,-0.219727,0.192261
raise_right_front,5.494791291999988,0.982117,-0.213684,0.183228
raise_right_front,5.524133667000001,0.975952,-0.217529,0.185364
raise_right_front,5.5574985419999905,0.97522,-0.215759,0.179565
raise_right_front,5.586494875,0.975952,-0.219788,0.178162
raise_right_front,5.620160666999993,0.977539,-0.22821,0.172485
raise_right_front,5.64920566699999,0.979004,-0.227478,0.173767
raise_right_front,5.685002291999993,0.983582,-0.222839,0.174927
raise_right_front,5.717590166999997,0.981018,-0.226624,0.17395
raise_right_front,5.74659570899999,0.981445,-0.231079,0.170715
raise_right_front,5.779118541999992,0.983521,-0.227844,0.16626
raise_right_front,5.85972787499999,0.989258,-0.230347,0.171692
raise_right_front,5.88888145899999,0.988892,-0.220581,0.172913
raise_right_front,5.923145792,0.985291,-0.220459,0.16925
raise_right_front,5.952210209,0.981751,-0.22113,0.170532
raise_right_front,5.985774624999991,0.981812,-0.222717,0.1698
raise_right_front,6.019729374999997,0.981751,-0.215942,0.171021
raise_right_front,6.0485870839999905,0.981995,-0.207397,0.171936
raise_right_front,6.082657874999995,0.981506,-0.21283,0.174805
raise_right_front,6.111445416999999,0.980225,-0.212891,0.174622
raise_right_front,6.145435458999998,0.980835,-0.196533,0.178406
raise_right_front,6.174945791999988,0.986267,-0.186401,0.183411
raise_right_front,6.208471333999995,0.990173,-0.200745,0.184204
raise_right_front,6.2422970840000005,0.985718,-0.189941,0.186462
raise_right_front,6.271754416999997,0.980896,-0.175049,0.192993
raise_right_front,6.305096999999989,0.980347,-0.163696,0.195862
raise_right_front,6.334344125000001,0.981873,-0.163513,0.201477
raise_right_front,6.368367208999999,0.986755,-0.158813,0.215759
raise_right_front,6.397406583999995,0.997742,-0.150024,0.218689
raise_right_front,6.431226749999993,1.015198,-0.139893,0.242371
raise_right_front,6.465120958999989,1.018127,-0.129211,0.254089
raise_right_front,6.498192500000002,1.019897,-0.119263,0.285095
raise_right_front,6.528207084000002,1.022888,-0.110046,0.304504
raise_right_front,6.557730208999999,1.017822,-0.100342,0.315125
raise_right_front,6.591342249999997,1.010498,-0.085632,0.33844
raise_right_front,6.620770374999992,1.004456,-0.077576,0.358887
raise_right_front,6.654168166999995,1.001648,-0.075073,0.377563
raise_right_front,6.689930875000002,0.997986,-0.075012,0.388489
raise_right_front,6.717953541999989,0.98822,-0.082764,0.426636
raise_right_front,6.751420584000002,0.972717,-0.076843,0.452454
raise_right_front,6.780380874999992,0.960205,-0.065735,0.4422
raise_right_front,6.859969208999999,0.909241,-0.07666,0.511292
raise_right_front,6.893628749999991,0.890076,-0.091309,0.55188
raise_right_front,6.922321499999995,0.869507,-0.059814,0.589783
raise_right_front,6.9565863750000005,0.853638,-0.083313,0.606506
raise_right_front,6.99032274999999,0.837891,-0.111938,0.628845
raise_right_front,7.019363666999993,0.837647,-0.111328,0.619995
raise_right_front,7.053387708999992,0.82251,-0.111755,0.665222
raise_right_front,7.08251241699999,0.782288,-0.12616,0.696655
raise_right_front,7.116506749999999,0.77594,-0.102112,0.709168
raise_right_front,7.146077999999989,0.757324,-0.121094,0.709717
raise_right_front,7.179506333999996,0.729248,-0.137146,0.753906
raise_right_front,7.213516791999993,0.694092,-0.16217,0.764526
raise_right_front,7.242652624999991,0.660156,-0.142212,0.802185
raise_right_front,7.276566208999995,0.627197,-0.13147,0.829651
raise_right_front,7.306008874999989,0.591614,-0.13269,0.849426
raise_right_front,7.339220708999989,0.578064,-0.124695,0.912415
raise_right_front,7.373357041999995,0.510681,-0.171265,0.891541
raise_right_front,7.402489041999999,0.499878,-0.175415,0.91449
raise_right_front,7.436075916999997,0.457336,-0.153687,0.919128
raise_right_front,7.46552862499999,0.414307,-0.190063,0.893677
raise_right_front,7.498837209000001,0.392578,-0.18927,0.915955
raise_right_front,7.5282376249999885,0.336426,-0.219605,0.89856
raise_right_front,7.561822792000001,0.29718,-0.255493,0.891052
raise_right_front,7.5953962090000005,0.289063,-0.240662,0.902832
raise_right_front,7.624741833999991,0.249939,-0.238342,0.896057
raise_right_front,7.658144708999998,0.214355,-0.254028,0.907959
raise_right_front,7.688048459000001,0.193054,-0.274353,0.911316
raise_right_front,7.721800166999998,0.159363,-0.30426,0.900696
raise_right_front,7.749379583999996,0.140869,-0.281982,0.939331
raise_right_front,7.830022416999995,0.106567,-0.281738,0.932922
raise_right_front,7.8638535839999975,0.082214,-0.2901,0.926209
raise_right_front,7.897622624999997,0.06781,-0.298584,0.938538
raise_right_front,7.926889791999997,0.046387,-0.291748,0.958618
raise_right_front,7.960728833999994,0.027893,-0.295349,0.949707
raise_right_front,7.989939249999992,0.026062,-0.294312,0.956421
raise_right_front,8.023469041999988,0.021729,-0.299377,0.952576
raise_right_front,8.052570916999997,0.003052,-0.302002,0.945129
raise_right_front,8.086417166999993,0.004883,-0.296631,0.943726
raise_right_front,8.120373,-0.008606,-0.30542,0.934998
raise_right_front,8.149710499999998,-0.002441,-0.307556,0.960754
raise_right_front,8.183557209,0.005188,-0.300415,0.952026
raise_right_front,8.212812333999992,0.001404,-0.304504,0.949585
raise_right_front,8.24654262499999,0.006348,-0.293945,0.961731
raise_right_front,8.276173916999994,0.006409,-0.31366,0.957031
raise_right_front,8.309413417000002,0.003723,-0.31604,0.960571
raise_right_front,8.343287958999994,0.01178,-0.288513,0.977356
raise_right_front,8.37246549999999,0.010925,-0.315491,0.973938
raise_right_front,8.406341999999995,0.003906,-0.311646,0.976379
raise_right_front,8.435631666999996,0.008972,-0.290955,0.992493
raise_right_front,8.469372833999998,0.011169,-0.295593,0.984436
raise_right_front,8.49843608399999,0.006409,-0.309692,0.977478
raise_right_front,8.532211583999995,0.007202,-0.28894,0.981323
raise_right_front,8.566428416999997,0.006775,-0.292847,0.973267
raise_right_front,8.595773791999989,0.000977,-0.307068,0.968872
raise_right_front,8.62921708399999,0.000305,-0.297913,0.976257
raise_right_front,8.660447458999997,-0.000427,-0.301392,0.956787
raise_right_front,8.692847666999995,-0.001892,-0.309753,0.965759
raise_right_front,8.726740499999991,-0.001892,-0.298706,0.957214
raise_right_front,8.755769166999997,-0.006348,-0.305176,0.96875
raise_right_front,8.835277749999989,-0.000549,-0.311035,0.964844
raise_right_front,8.869048542000002,0.002075,-0.296387,0.976013
raise_right_front,8.898083666999995,0.004272,-0.302856,0.968994
raise_right_front,8.932255708999989,0.003418,-0.305969,0.980774
raise_right_front,8.96163204199999,0.002747,-0.299622,0.970886
raise_right_front,8.994891709000001,0.002136,-0.309814,0.975464
raise_right_front,9.028834791999998,0.00238,-0.305298,0.973572
raise_right_front,9.05816575,0.003845,-0.297852,0.971497
raise_right_front,9.092106375,0.002014,-0.302246,0.966187
raise_right_front,9.121083083999991,0.002014,-0.298584,0.964661
raise_right_front,9.154876208999994,0.00415,-0.291565,0.971252
raise_right_front,9.184528666999995,0.003845,-0.297424,0.968811
raise_right_front,9.218344375000001,0.003357,-0.298157,0.973999
raise_right_front,9.251968999999988,0.002075,-0.296509,0.97406
raise_right_front,9.281228791999993,-0.00177,-0.29895,0.974182
raise_right_front,9.315027208999993,0.00354,-0.296143,0.976318
raise_right_front,9.344418958999995,0.003174,-0.30072,0.97229
raise_right_front,9.378297083999996,0.003723,-0.296753,0.980713
raise_right_front,9.407320041999995,0.005066,-0.29541,0.973267
raise_right_front,9.441333083999993,0.006104,-0.300903,0.969055
raise_right_front,9.475008625000001,0.00354,-0.305115,0.967835
raise_right_front,9.503927791999999,0.00293,-0.302856,0.967224
raise_right_front,9.537884999999989,0.002747,-0.298401,0.970764
raise_right_front,9.567161791999993,0.003662,-0.301514,0.969177
raise_right_front,9.601164791999992,0.005066,-0.308044,0.959473
raise_right_front,9.634755249999998,0.006958,-0.300415,0.956787
raise_right_front,9.665720541999988,0.006287,-0.293457,0.960266
raise_right_front,9.698455374999995,0.010925,-0.30481,0.961975
raise_right_front,9.725954000000002,0.015198,-0.300476,0.960693
raise_right_front,9.761252416999994,0.018555,-0.290344,0.959839
raise_right_front,9.840725249999991,0.035889,-0.29248,0.954651
raise_right_front,9.874413333999996,0.038391,-0.292542,0.956604
raise_right_front,9.903599125,0.04364,-0.288025,0.960571
raise_right_front,9.937702833999992,0.055603,-0.280396,0.960815
raise_right_front,9.966643167,0.061951,-0.282227,0.968445
raise_right_front,10.000575291999994,0.068604,-0.287842,0.954651
raise_right_front,10.030355916999994,0.078064,-0.282105,0.95343
raise_right_front,10.063361458999992,0.08136,-0.277771,0.953674
raise_right_front,10.09759262499999,0.09259,-0.282532,0.946777
raise_right_front,10.126592291999998,0.101929,-0.284668,0.953857
raise_right_front,10.160469208999999,0.127014,-0.270081,0.936096
raise_right_front,10.189233916999996,0.144836,-0.279175,0.934998
raise_right_front,10.223338666999993,0.151428,-0.267822,0.927551
raise_right_front,10.252122125,0.172363,-0.264587,0.936096
raise_right_front,10.286258333999996,0.182617,-0.251953,0.948059
raise_right_front,10.320250083999994,0.203796,-0.23468,0.912293
raise_right_front,10.349456167,0.227722,-0.221191,0.939392
raise_right_front,10.38313004199999,0.257324,-0.213562,0.943237
raise_right_front,10.412066416999991,0.28894,-0.237976,0.893311
raise_right_front,10.445426791999992,0.304443,-0.244568,0.917664
raise_right_front,10.474919083999993,0.33197,-0.207703,0.91687
raise_right_front,10.508349041999992,0.372498,-0.214661,0.859741
raise_right_front,10.537456417000001,0.437378,-0.197021,0.881531
raise_right_front,10.57067933399999,0.462952,-0.167419,0.846069
raise_right_front,10.604532958999997,0.504761,-0.174377,0.829712
raise_right_front,10.633738833999999,0.546509,-0.145203,0.847595
raise_right_front,10.667693583999991,0.579773,-0.144714,0.780762
raise_right_front,10.69552745899999,0.668213,-0.150574,0.804688
raise_right_front,10.728862374999991,0.692566,-0.106445,0.751526
raise_right_front,10.809128166999997,0.814209,-0.03241,0.720825
raise_right_front,10.837936999999997,0.841492,-0.034973,0.653503
raise_right_front,10.872213875,0.878357,-0.036072,0.687378
raise_right_front,10.90117995899999,0.891602,0.012451,0.643127
raise_right_front,10.934887875000001,0.920044,-0.034119,0.577637
raise_right_front,10.96398687499999,0.922791,-0.072205,0.548157
raise_right_front,10.997976958999999,0.964417,-0.067261,0.503296
raise_right_front,11.02709462499999,0.979431,-0.092651,0.463257
raise_right_front,11.060502125,0.988525,-0.073669,0.430115
raise_right_front,11.094059000000001,1.005493,-0.061707,0.423462
raise_right_front,11.123043834,1.008667,-0.046082,0.397278
raise_right_front,11.157018459,1.010681,-0.058289,0.35791
raise_right_front,11.186238042,1.014404,-0.093689,0.322449
raise_right_front,11.22001745899999,1.030212,-0.129883,0.270386
raise_right_front,11.249088125,1.034851,-0.140991,0.254456
raise_right_front,11.282984208999991,1.028503,-0.153931,0.239624
raise_right_front,11.31195237499999,1.030884,-0.124878,0.221497
raise_right_front,11.345920124999992,1.017944,-0.133179,0.209534
raise_right_front,11.379743583999996,1.014648,-0.137756,0.194763
raise_right_front,11.408787791999998,1.01648,-0.145508,0.185791
raise_right_front,11.442583874999997,1.012268,-0.165527,0.180176
raise_right_front,11.471604916999993,1.013428,-0.16156,0.164124
raise_right_front,11.505931249999989,1.012756,-0.145508,0.164063
raise_right_front,11.534871374999994,1.005737,-0.161255,0.156311
raise_right_front,11.568598249999994,1.008545,-0.164734,0.146057
raise_right_front,11.597530917,1.006287,-0.164551,0.137634
raise_right_front,11.631399291999998,0.995239,-0.162964,0.124207
raise_right_front,11.665883459,0.995422,-0.167419,0.113831
raise_right_front,11.695093083999993,1.002869,-0.17627,0.093567
raise_right_front,11.728408333999994,0.995606,-0.182007,0.085999
raise_right_front,11.807658083999996,0.999939,-0.177551,0.076355
raise_right_front,11.836975166999991,1.006165,-0.163757,0.095032
raise_right_front,11.870554916999993,0.998962,-0.168457,0.105835
raise_right_front,11.89949387499999,1.003174,-0.169067,0.109985
raise_right_front,11.933737958999998,1.004334,-0.156494,0.111328
raise_right_front,11.96734408399999,1.004089,-0.141785,0.117126
raise_right_front,11.9965045,1.006897,-0.141113,0.116455
swing_only,0.029031750000001466,0.087463,-0.209167,0.993347
swing_only,0.06248670800000866,0.088074,-0.204346,0.996948
swing_only,0.0916084160000139,0.089355,-0.201111,0.991821
swing_only,0.12510783300000128,0.089294,-0.203186,0.98999
swing_only,0.1544674160000028,0.091248,-0.204651,0.993835
swing_only,0.1880677080000055,0.090332,-0.205383,0.994568
swing_only,0.22147383300000456,0.089233,-0.205078,0.996704
swing_only,0.25074245800000483,0.087891,-0.202637,0.99646
swing_only,0.2841095410000065,0.088074,-0.205139,1.000549
swing_only,0.3130939160000139,0.08728,-0.202637,0.998047
swing_only,0.3467567080000009,0.088684,-0.202026,0.997253
swing_only,0.3755539160000012,0.087769,-0.205261,0.999085
swing_only,0.4094084580000015,0.087891,-0.198975,0.999512
swing_only,0.44295804100001135,0.088562,-0.200439,0.999878
swing_only,0.4717894580000035,0.088257,-0.201233,1.001404
swing_only,0.5056099160000116,0.086975,-0.199524,0.995972
swing_only,0.5344156250000083,0.085938,-0.198975,0.997864
swing_only,0.5697233330000131,0.08551,-0.201172,0.998108
swing_only,0.5978135410000078,0.085754,-0.200562,0.996277
swing_only,0.6312462080000074,0.085022,-0.200195,0.996399
swing_only,0.6633954580000108,0.087708,-0.198059,0.996948
swing_only,0.7436690830000003,0.086304,-0.197815,0.997559
swing_only,0.7723182910000048,0.087891,-0.200867,0.999451
swing_only,0.8065010410000042,0.08844,-0.209595,0.996826
swing_only,0.8355912500000073,0.08783,-0.204285,0.997009
swing_only,0.8694316250000043,0.087708,-0.203491,0.999634
swing_only,0.8985559160000065,0.08783,-0.207703,1.001282
swing_only,0.9323340410000043,0.087463,-0.20636,1.000061
swing_only,0.9664709580000022,0.089111,-0.206543,1.000305
swing_only,0.9958765000000085,0.088867,-0.20874,0.999207
swing_only,1.029395000000008,0.088196,-0.210266,0.997925
swing_only,1.05848287500001,0.089233,-0.207581,0.99646
swing_only,1.0925195410000015,0.084412,-0.21344,0.994812
swing_only,1.1211236250000098,0.084106,-0.21283,0.992432
swing_only,1.1553143330000069,0.084961,-0.214905,0.990051
swing_only,1.1890425410000063,0.0849,-0.216248,0.993164
swing_only,1.2184369580000123,0.087402,-0.213623,0.987305
swing_only,1.2523403330000065,0.086304,-0.223877,0.985779
swing_only,1.281336333000013,0.086121,-0.229614,0.985474
swing_only,1.3150462910000016,0.084595,-0.225464,0.988953
swing_only,1.3444958330000105,0.085388,-0.224304,0.99585
swing_only,1.378165583000012,0.082642,-0.234741,0.995422
swing_only,1.4121588330000066,0.082336,-0.234619,0.999512
swing_only,1.4413143330000082,0.085876,-0.230774,0.994446
swing_only,1.4751004160000036,0.085449,-0.233948,0.993897
swing_only,1.5043272080000065,0.084045,-0.224976,0.996643
swing_only,1.5383916250000027,0.080139,-0.222168,0.996826
swing_only,1.5688047080000018,0.081116,-0.213257,0.996033
swing_only,1.601860208000005,0.081177,-0.212769,0.988831
swing_only,1.6354830410000005,0.077576,-0.208008,0.991394
swing_only,1.6644455410000063,0.07428,-0.204834,0.980408
swing_only,1.7439483750000022,0.077576,-0.195313,0.999573
swing_only,1.7777560000000108,0.078247,-0.200684,0.999878
swing_only,1.8068132080000083,0.083252,-0.181946,1.009583
swing_only,1.8409804580000042,0.083923,-0.177063,1.012268
swing_only,1.8697868750000026,0.083618,-0.172424,1.017639
swing_only,1.903778625000001,0.084534,-0.15155,1.012817
swing_only,1.9376007910000084,0.081055,-0.161377,1.001221
swing_only,1.9662955830000044,0.078125,-0.145325,1.014832
swing_only,2.000495416000007,0.075012,-0.143372,1.007568
swing_only,2.02964333300001,0.065552,-0.13916,1.014404
swing_only,2.06339100000001,0.072205,-0.117554,1.011169
swing_only,2.0933040410000103,0.06488,-0.127319,1.008667
swing_only,2.1268521250000134,0.064209,-0.123352,0.995544
swing_only,2.160568083000001,0.059753,-0.114502,1.000427
swing_only,2.1893977080000013,0.063782,-0.112427,1.00354
swing_only,2.2234117910000037,0.065247,-0.112183,0.999756
swing_only,2.252565500000003,0.073486,-0.108215,1.006043
swing_only,2.286417500000013,0.067383,-0.125671,0.99884
swing_only,2.3155377500000043,0.064148,-0.128418,1.020935
swing_only,2.349406000000002,0.071716,-0.092041,1.027344
swing_only,2.3833977910000073,0.075806,-0.111755,1.016235
swing_only,2.4124608330000115,0.080872,-0.114441,1.019653
swing_only,2.446386208000007,0.088989,-0.110962,1.018616
swing_only,2.4755616660000044,0.088318,-0.091858,1.031494
swing_only,2.509188750000007,0.084106,-0.070679,1.026794
swing_only,2.538531041000013,0.083618,-0.06604,1.021606
swing_only,2.5720683750000006,0.073792,-0.057373,1.036926
swing_only,2.605845416000008,0.079102,-0.079773,1.019348
swing_only,2.6351685830000093,0.079407,-0.063538,1.031555
swing_only,2.7137790000000024,0.087463,-0.086121,1.019348
swing_only,2.747427208000005,0.088684,-0.063354,1.026001
swing_only,2.776360083,0.084961,-0.074829,1.017822
swing_only,2.80988583300001,0.076904,-0.061462,1.013245
swing_only,2.839125750000008,0.081055,-0.048157,1.011475
swing_only,2.872740625000006,0.076538,-0.062744,1.011353
swing_only,2.9024027500000074,0.069336,-0.058044,1.021668
swing_only,2.936031666000005,0.0755,-0.057129,1.009522
swing_only,2.9696600410000116,0.077332,-0.07074,1.005127
swing_only,2.998455416000013,0.073486,-0.055359,1.016785
swing_only,3.0325016660000017,0.072449,-0.061646,1.018616
swing_only,3.0615465410000127,0.07312,-0.05304,1.025452
swing_only,3.095488416000009,0.068604,-0.038818,1.022339
swing_only,3.1246017500000107,0.071167,-0.046509,1.01416
swing_only,3.1587835830000017,0.074219,-0.039001,1.017334
swing_only,3.192640166000004,0.070435,-0.037231,1.012695
swing_only,3.22182766600001,0.074158,-0.033386,1.019226
swing_only,3.2554324580000014,0.072388,-0.017456,1.027527
swing_only,3.284536833000004,0.074341,0.001343,1.027954
swing_only,3.318824916000011,0.074097,0.00177,1.020142
swing_only,3.347754000000009,0.077393,0.003784,1.021484
swing_only,3.3816910000000036,0.075745,0.010742,1.014038
swing_only,3.415288083000007,0.075195,0.015564,1.02063
swing_only,3.4447034580000064,0.081787,0.039673,1.02655
swing_only,3.4785902910000033,0.078308,0.025146,1.024841
swing_only,3.507738125000003,0.087585,0.026672,1.031067
swing_only,3.5431981250000035,0.085449,0.03772,1.028564
swing_only,3.5707851250000004,0.089539,0.029602,1.023315
swing_only,3.603476666000006,0.095459,0.027893,1.028076
swing_only,3.633095333,0.091675,0.030762,1.01709
swing_only,3.7132421660000006,0.088074,0.032715,1.026062
swing_only,3.7475178330000034,0.092407,0.051453,1.023926
swing_only,3.776166708000005,0.090881,0.039185,1.028198
swing_only,3.8102230000000077,0.085999,0.045288,1.019409
swing_only,3.8443359160000057,0.090332,0.04425,1.008301
swing_only,3.872910291000011,0.089966,0.048096,1.017456
swing_only,3.9070627910000013,0.088501,0.040405,1.026917
swing_only,3.93625212500001,0.08728,0.046631,1.027039
swing_only,3.969971500000014,0.083008,0.048889,1.025818
swing_only,3.9991019160000008,0.085327,0.053711,1.026123
swing_only,4.033183166000001,0.086243,0.040649,1.026978
swing_only,4.061982833000002,0.083618,0.040649,1.021545
swing_only,4.09611000000001,0.085388,0.057129,1.016357
swing_only,4.125597125000013,0.086487,0.052124,1.012817
swing_only,4.158912291000007,0.08551,0.047913,1.013062
swing_only,4.192974833000008,0.087769,0.058472,1.015198
swing_only,4.222413875000001,0.089172,0.056824,1.016846
swing_only,4.255673000000002,0.087708,0.065796,1.017761
swing_only,4.284517416000014,0.087708,0.068787,1.017761
swing_only,4.318498125000005,0.085693,0.064026,1.024109
swing_only,4.347328833000006,0.087891,0.072205,1.022705
swing_only,4.381096041000006,0.092896,0.084412,1.023987
swing_only,4.414685250000005,0.092224,0.072693,1.021851
swing_only,4.443715666000003,0.087891,0.074707,1.029236
swing_only,4.477331458000009,0.095703,0.086792,1.031372
swing_only,4.506466583000005,0.097229,0.060303,1.020508
swing_only,4.541666833000008,0.095642,0.071899,1.020447
swing_only,4.569399625000003,0.098694,0.088806,1.025574
swing_only,4.6030870830000055,0.102173,0.082397,1.022339
swing_only,4.632317166000007,0.100891,0.068054,1.010498
swing_only,4.710944791000003,0.112305,0.074219,1.012024
swing_only,4.744457208,0.103333,0.062195,1.01471
swing_only,4.778198416000009,0.112061,0.072876,1.013306
swing_only,4.806896625000007,0.121094,0.047058,1.012512
swing_only,4.840894833000007,0.127686,0.053406,1.020874
swing_only,4.869553958000012,0.132507,0.056824,1.010742
swing_only,4.903465208,0.12915,0.045898,1.000916
swing_only,4.932211791,0.130737,0.056519,1.008789
swing_only,4.965862916000006,0.131226,0.034363,1.023804
swing_only,4.999867083000012,0.13324,0.060425,1.036743
swing_only,5.028990125000007,0.123108,0.023987,1.023987
swing_only,5.062735750000002,0.128662,0.020386,1.024902
swing_only,5.091787291000003,0.133179,0.03479,1.038635
swing_only,5.126012500000002,0.113647,-0.002136,1.045776
swing_only,5.15501041600001,0.11615,0.042114,1.064148
swing_only,5.188854875000004,0.116272,0.024658,1.019897
swing_only,5.222417791000012,0.1026,-0.013672,1.015869
swing_only,5.251298291000012,0.098999,0.061035,1.032227
swing_only,5.285299666,0.102539,0.006714,0.998779
swing_only,5.314300541000009,0.09729,0.008667,1.028015
swing_only,5.347899791000003,0.090149,0.0625,1.039368
swing_only,5.376784750000013,0.077087,-0.00177,1.016541
swing_only,5.410470500000002,0.084167,-0.017395,1.023132
swing_only,5.439833500000006,0.085754,-0.001953,1.020264
swing_only,5.473217000000005,0.091675,-0.04303,1.021912
swing_only,5.5068015410000015,0.109802,-0.039429,1.020813
swing_only,5.5373279160000095,0.117188,-0.036682,1.027222
swing_only,5.569730125000007,0.126343,-0.082825,1.010681
swing_only,5.597501791000013,0.137146,-0.049255,1.019836
swing_only,5.6312665000000095,0.137573,-0.070984,0.991821
swing_only,5.711522041000009,0.133057,-0.089417,0.994202
swing_only,5.740031208000005,0.121033,-0.135559,0.996277
swing_only,5.774114666000003,0.122986,-0.113831,1.020325
swing_only,5.807492333000013,0.116333,-0.147339,1.017334
swing_only,5.836554291000013,0.114807,-0.139343,1.029846
swing_only,5.870200125000011,0.124023,-0.163269,1.001648
swing_only,5.898982958000005,0.123108,-0.148987,1.029968
swing_only,5.932819916000014,0.123291,-0.15509,1.008972
swing_only,5.962068708000004,0.12439,-0.206421,0.970825
swing_only,5.995437583000012,0.131042,-0.19812,0.982483
swing_only,6.0292046250000055,0.128174,-0.195068,0.982971
swing_only,6.058323541000007,0.132874,-0.227966,0.974548
swing_only,6.092297958000003,0.135193,-0.218262,0.967224
swing_only,6.121497166000012,0.13092,-0.199341,0.997925
swing_only,6.155018583,0.118103,-0.237061,0.964844
swing_only,6.184708833000002,0.121765,-0.216431,0.979553
swing_only,6.218242083000007,0.122498,-0.224304,0.984619
swing_only,6.252078458000014,0.11438,-0.248108,0.978272
swing_only,6.281097458000005,0.117615,-0.231873,1.01355
swing_only,6.314670708000008,0.121948,-0.231689,0.999268
swing_only,6.343623500000007,0.125427,-0.248169,0.976563
swing_only,6.377639291000008,0.115601,-0.259155,0.94696
swing_only,6.411413375000009,0.121338,-0.229065,0.980286
swing_only,6.44039045800001,0.128479,-0.244629,1.001465
swing_only,6.474249750000013,0.128723,-0.272217,0.97168
swing_only,6.5037026660000095,0.137146,-0.262756,0.971863
swing_only,6.539143166000002,0.149231,-0.239075,0.99408
swing_only,6.567072625000009,0.15271,-0.278931,0.976318
swing_only,6.600997041000014,0.157105,-0.27771,0.990173
swing_only,6.634391166,0.164246,-0.233459,1.013794
swing_only,6.713294250000004,0.160339,-0.233459,0.977661
swing_only,6.742005166000013,0.160156,-0.230164,0.988098
swing_only,6.77591000000001,0.14093,-0.321716,0.932434
swing_only,6.805279750000011,0.146179,-0.286804,0.938538
swing_only,6.8388925,0.157227,-0.231201,0.965271
swing_only,6.868422541000001,0.155945,-0.292542,0.962158
swing_only,6.901653875000008,0.157288,-0.307739,0.966797
swing_only,6.935728916000002,0.168335,-0.267395,0.968872
swing_only,6.9644275000000135,0.177673,-0.297791,0.953796
swing_only,6.998715041000011,0.186401,-0.295288,0.978638
swing_only,7.028106958000009,0.186035,-0.300354,0.966126
swing_only,7.061653000000007,0.194336,-0.297791,0.971314
swing_only,7.091019250000002,0.192322,-0.299255,0.972046
swing_only,7.124534583000013,0.181152,-0.315735,0.948731
swing_only,7.153820500000009,0.182251,-0.305908,0.956909
swing_only,7.187719625000014,0.170105,-0.301331,0.94635
swing_only,7.221292166000012,0.159668,-0.306946,0.952087
swing_only,7.250676625000011,0.157593,-0.271851,0.96991
swing_only,7.284524708000006,0.137634,-0.303528,0.95697
swing_only,7.313510958000009,0.129334,-0.28064,0.990967
swing_only,7.347231208000011,0.132751,-0.237854,0.994995
swing_only,7.376336750000007,0.1203,-0.258789,0.986633
swing_only,7.410093666000009,0.114929,-0.27301,0.995544
swing_only,7.439243000000005,0.121765,-0.203308,0.994995
swing_only,7.472769166000006,0.11615,-0.202393,0.997742
swing_only,7.502069833000007,0.116455,-0.21759,1.026978
swing_only,7.535826958000001,0.123962,-0.194763,1.013489
swing_only,7.569198041000007,0.118835,-0.186035,0.994873
swing_only,7.596960416000002,0.11969,-0.171631,1.009522
swing_only,7.677131666000008,0.103943,-0.152588,1.011047
swing_only,7.71067450000001,0.101624,-0.120972,1.002197
swing_only,7.739460875000006,0.095337,-0.159973,1.00531
swing_only,7.773234500000001,0.086365,-0.148254,1.023193
swing_only,7.802454208,0.078674,-0.136902,1.012939
swing_only,7.835582000000002,0.071533,-0.129822,1.014343
swing_only,7.86477437500001,0.063354,-0.10437,1.013062
swing_only,7.898145083000003,0.060425,-0.109009,1.014893
swing_only,7.9328880000000055,0.054749,-0.112671,1.00708
swing_only,7.960833083000011,0.046387,-0.116577,1.002319
swing_only,7.994551125000001,0.041992,-0.099915,1.006592
swing_only,8.02300145800001,0.039978,-0.104309,1.000061
swing_only,8.056897583000008,0.033203,-0.124817,1.003174
swing_only,8.08552862500001,0.03186,-0.09137,1.006592
swing_only,8.119606000000005,0.028259,-0.095947,1.010376
swing_only,8.149207958000005,0.025818,-0.092712,1.016235
swing_only,8.182552958000002,0.027283,-0.095398,1.007385
swing_only,8.216248791000012,0.027649,-0.094543,1.011047
swing_only,8.245205125000012,0.039551,-0.09491,1.012817
swing_only,8.278842791000002,0.041992,-0.104065,1.020874
swing_only,8.308096625000005,0.044067,-0.11261,1.017395
swing_only,8.341425666000006,0.047607,-0.117676,1.020264
swing_only,8.375251166000012,0.05188,-0.119873,1.023315
swing_only,8.404297500000013,0.051758,-0.120483,1.024719
swing_only,8.437947208000011,0.051941,-0.126648,1.026245
swing_only,8.467403708000006,0.051758,-0.122986,1.018005
swing_only,8.501132416000004,0.05365,-0.123535,1.013184
swing_only,8.530807541000001,0.052673,-0.126282,1.012878
swing_only,8.563025875000008,0.051086,-0.144226,1.00708
swing_only,8.592149500000005,0.053345,-0.148071,1.00415
swing_only,8.672928208000002,0.055481,-0.171814,1.005188
swing_only,8.706970958000014,0.056763,-0.174072,1.017944
swing_only,8.740603958000008,0.06012,-0.171082,1.016357
swing_only,8.769755083000007,0.060913,-0.179932,1.014587
swing_only,8.80383520800001,0.057678,-0.174438,1.005737
swing_only,8.833062416000004,0.054504,-0.184631,0.997925
swing_only,8.866563333000002,0.056519,-0.161682,1.007935
swing_only,8.895759291000005,0.065979,-0.172485,0.992065
swing_only,8.929605125000009,0.057556,-0.175171,1.00592
swing_only,8.963501916000013,0.054443,-0.16803,1.016541
swing_only,8.992652666000012,0.056213,-0.182373,1.016541
swing_only,9.026370625000013,0.058228,-0.164001,1.01062
swing_only,9.055339375000003,0.055969,-0.149658,0.992249
swing_only,9.089153208000013,0.057861,-0.114197,1.013001
swing_only,9.117951708000007,0.053589,-0.118835,0.993408
swing_only,9.151766791,0.044983,-0.099792,1.010986
swing_only,9.185235625000004,0.036438,-0.070251,1.027771
swing_only,9.21389691600001,0.035217,-0.099243,1.014099
swing_only,9.247668125000004,0.039734,-0.043884,1.035706
swing_only,9.277196958000005,0.039734,-0.04425,1.016418
swing_only,9.310720458000006,0.029297,-0.055786,1.015015
swing_only,9.33963454100001,0.03363,-0.005615,1.019409
swing_only,9.373031916000002,0.032898,-0.026733,0.999756
swing_only,9.406585833000008,0.036682,0.005432,1.015381
swing_only,9.43578083300001,0.029663,0.014893,1.010254
swing_only,9.469370958000013,0.035767,-0.002197,1.019531
swing_only,9.499818750000003,0.052856,0.022461,1.024597
swing_only,9.532182250000005,0.046204,-0.008606,1.022034
swing_only,9.56099433300001,0.046814,0.023865,1.033569
swing_only,9.593570791000005,0.053833,0.044067,1.033691
swing_only,9.673422541000008,0.044006,0.040527,1.019287
swing_only,9.702478666000005,0.053711,0.039551,1.019409
swing_only,9.736176875000012,0.038757,0.044983,1.027954
swing_only,9.769827416000012,0.037476,0.046692,1.024536
swing_only,9.79925491600001,0.047424,0.041504,1.021118
swing_only,9.832406500000005,0.049011,0.023315,1.023315
swing_only,9.861608750000002,0.037415,0.050903,1.034485
swing_only,9.895498250000003,0.053284,0.047485,1.022461
swing_only,9.924464666000006,0.050354,0.04364,1.028748
swing_only,9.958440666000001,0.06134,0.063171,1.022766
swing_only,9.987966625000013,0.054565,0.035767,1.028015
swing_only,10.02155091600001,0.072266,0.045776,1.02124
swing_only,10.05531225,0.056396,0.03418,1.020569
swing_only,10.084772583000003,0.045471,0.070068,1.022217
swing_only,10.118123791000002,0.080872,0.086487,1.033997
swing_only,10.14713616600001,0.0578,0.040466,1.038696
swing_only,10.180698666000012,0.049805,0.071167,1.021851
swing_only,10.209668375000007,0.083984,0.10083,1.039185
swing_only,10.243579916000002,0.062988,0.05304,1.034546
swing_only,10.272804666000013,0.040405,0.092163,1.017212
swing_only,10.306029791,0.051453,0.136902,1.018555
swing_only,10.334750666000005,0.060852,0.115112,1.01178
swing_only,10.36855283300001,0.040833,0.124512,1.008606
swing_only,10.402250333000012,0.052124,0.139771,0.996826
swing_only,10.431433208000001,0.056458,0.150146,1.010437
swing_only,10.464914750000005,0.049194,0.145752,1.019531
swing_only,10.495304375000003,0.064514,0.136108,1.026672
swing_only,10.52792216600001,0.06604,0.151672,1.025269
swing_only,10.55515220800001,0.069824,0.15155,1.03363
swing_only,10.588984208000014,0.079102,0.134644,1.018311
swing_only,10.669136333000012,0.093079,0.127686,0.998535
swing_only,10.698162416000002,0.105652,0.103027,1.019409
swing_only,10.73179325000001,0.11853,0.074524,1.019043
swing_only,10.765405666000007,0.120178,0.108032,1.031799
swing_only,10.794433791000003,0.121948,0.079529,1.025391
swing_only,10.828516875000005,0.145874,0.092285,1.019653
swing_only,10.857096416000005,0.138672,0.078552,1.010132
swing_only,10.89118666600001,0.113647,0.05719,0.993164
swing_only,10.920942791000002,0.132019,0.080444,1.008362
swing_only,10.954330541000004,0.139343,0.030457,1.03479
swing_only,10.983283666000005,0.123047,0.017212,1.053711
swing_only,11.01712950000001,0.122681,0.051453,1.048645
swing_only,11.051103000000012,0.110901,0.020935,1.018372
swing_only,11.08013975,0.096619,-0.028076,0.999939
swing_only,11.113949333000008,0.097107,-0.002319,1.018494
swing_only,11.143155125000007,0.058289,-0.031067,1.021118
swing_only,11.176932875000006,0.056396,-0.009827,1.020264
swing_only,11.210536833000006,0.078613,-0.026428,1.013001
swing_only,11.239685166000001,0.098938,-0.054626,1.010864
swing_only,11.273079083000013,0.112732,-0.048462,0.996643
swing_only,11.30258116600001,0.105713,-0.105164,1.01471
swing_only,11.336020750000003,0.13385,-0.038696,1.006287
swing_only,11.36466,0.159851,-0.079285,0.977295
swing_only,11.398294707999995,0.198914,-0.088623,1.007629
swing_only,11.432132041000003,0.211121,-0.098328,0.975281
swing_only,11.461875207999995,0.208984,-0.142578,0.998901
swing_only,11.49711729100001,0.235901,-0.11908,1.026978
swing_only,11.525030416000007,0.219788,-0.185913,0.960693
swing_only,11.558788250000006,0.209045,-0.230408,0.968933
swing_only,11.591363250000015,0.212646,-0.176697,1.019592
swing_only,11.671881208000016,0.203735,-0.278442,1.002319
swing_only,11.700958625000013,0.221558,-0.23645,0.990234
swing_only,11.735108624999995,0.209717,-0.291443,0.946899
swing_only,11.764410833000014,0.22406,-0.24353,0.981995
swing_only,11.797886541000011,0.222595,-0.239441,0.954102
swing_only,11.82718662500001,0.210388,-0.316406,0.91687
swing_only,11.860854250000003,0.223755,-0.239014,0.968445
swing_only,11.88988083300002,0.218323,-0.279114,0.931824
swing_only,11.924150000000012,0.234375,-0.285645,0.98114
swing_only,11.957718083000017,0.243347,-0.266174,0.988098
swing_only,11.986730207999997,0.253174,-0.288879,0.961365
hold_forward,0.033737457999990283,0.089661,-0.104431,1.019897
hold_forward,0.06290529099999276,0.092224,-0.100952,1.010986
hold_forward,0.09866258299999231,0.089478,-0.100098,1.010681
hold_forward,0.12625304099998402,0.089844,-0.102051,1.010742
hold_forward,0.16043024999999034,0.089844,-0.096558,1.012939
hold_forward,0.1893264160000001,0.087097,-0.0979,1.01593
hold_forward,0.2688899160000062,0.088135,-0.099487,1.011231
hold_forward,0.3028044579999971,0.089172,-0.098877,1.010254
hold_forward,0.33668633299998874,0.090271,-0.097107,1.015137
hold_forward,0.36587254099998745,0.089172,-0.097046,1.01471
hold_forward,0.3996256659999915,0.089661,-0.100281,1.012695
hold_forward,0.42867295799999283,0.092102,-0.094727,1.016235
hold_forward,0.4625267079999844,0.089478,-0.097961,1.015442
hold_forward,0.4918063749999817,0.091492,-0.096863,1.014526
hold_forward,0.5255259159999923,0.089294,-0.098328,1.014099
hold_forward,0.5593418329999906,0.087341,-0.099487,1.0177
hold_forward,0.5885408749999783,0.09082,-0.091003,1.017151
hold_forward,0.6224444159999791,0.090393,-0.100281,1.015076
hold_forward,0.6511724159999801,0.089478,-0.098328,1.013733
hold_forward,0.6853907910000032,0.092407,-0.089233,1.011108
hold_forward,0.7145957500000009,0.08905,-0.106079,1.016418
hold_forward,0.7484699999999975,0.089722,-0.098572,1.017029
hold_forward,0.7824260409999795,0.090942,-0.090332,1.017212
hold_forward,0.8112782080000045,0.092651,-0.099915,1.015076
hold_forward,0.8453889580000009,0.09613,-0.098999,1.018372
hold_forward,0.8747705410000037,0.09729,-0.112366,1.010498
hold_forward,0.908433333000005,0.097473,-0.104492,1.012573
hold_forward,0.9373589999999865,0.091858,-0.101929,1.022461
hold_forward,0.9715557079999826,0.092163,-0.115906,1.017456
hold_forward,1.0051132079999832,0.095276,-0.11438,1.014465
hold_forward,1.034099249999997,0.095093,-0.115784,1.005249
hold_forward,1.0680090829999926,0.097778,-0.112488,1.007568
hold_forward,1.097480790999981,0.09845,-0.103943,1.007629
hold_forward,1.1316361659999927,0.094177,-0.113342,1.007874
hold_forward,1.1589541249999797,0.097534,-0.108093,1.010986
hold_forward,1.2401718749999873,0.095703,-0.113281,1.006653
hold_forward,1.273989374999985,0.097229,-0.115112,1.009705
hold_forward,1.3076077499999883,0.101501,-0.118591,1.009766
hold_forward,1.3369345829999872,0.101501,-0.118225,1.011963
hold_forward,1.371000582999983,0.106934,-0.115479,1.011169
hold_forward,1.3998983329999817,0.108398,-0.1203,1.012756
hold_forward,1.43359212499999,0.108093,-0.120728,1.012024
hold_forward,1.467803707999991,0.109009,-0.116272,1.015686
hold_forward,1.496687124999994,0.108704,-0.122498,1.014343
hold_forward,1.5306577079999784,0.108215,-0.119629,1.015259
hold_forward,1.5595217080000054,0.109741,-0.116455,1.016235
hold_forward,1.593438582999994,0.108582,-0.123596,1.010498
hold_forward,1.6228947079999898,0.110535,-0.112793,1.014221
hold_forward,1.6564885409999874,0.109802,-0.118347,1.011353
hold_forward,1.6904098329999897,0.108032,-0.118958,1.008362
hold_forward,1.719844290999987,0.105042,-0.111084,1.010071
hold_forward,1.7531349999999861,0.103271,-0.120361,1.011169
hold_forward,1.7822607079999955,0.103577,-0.117432,1.010681
hold_forward,1.8162715409999919,0.104614,-0.112,1.007935
hold_forward,1.8457203330000027,0.105347,-0.117126,1.010742
hold_forward,1.8793810409999878,0.110474,-0.116699,1.005005
hold_forward,1.9131997079999792,0.109253,-0.119202,1.005066
hold_forward,1.9420538329999886,0.10614,-0.116699,1.011353
hold_forward,1.97620225,0.10498,-0.12085,1.014954
hold_forward,2.005405916000001,0.105835,-0.121277,1.017273
hold_forward,2.03897620799998,0.108154,-0.117188,1.014099
hold_forward,2.0698634999999967,0.108826,-0.122681,1.01593
hold_forward,2.102305040999994,0.111511,-0.116516,1.009155
hold_forward,2.136516874999984,0.10968,-0.118347,1.014465
hold_forward,2.165759415999986,0.108704,-0.118652,1.012207
hold_forward,2.2450912909999943,0.1026,-0.12439,1.008545
hold_forward,2.2787720000000036,0.102295,-0.116638,1.009216
hold_forward,2.3083730409999816,0.102112,-0.118225,1.011658
hold_forward,2.3418991659999904,0.102722,-0.117981,1.009033
hold_forward,2.3756728329999817,0.104248,-0.115601,1.008972
hold_forward,2.4051658749999945,0.105347,-0.11676,1.007446
hold_forward,2.4385544579999987,0.106018,-0.11676,1.011047
hold_forward,2.467676707999999,0.106018,-0.115051,1.011231
hold_forward,2.5019864580000046,0.106201,-0.120605,1.011536
hold_forward,2.5312203750000037,0.108154,-0.115723,1.012207
hold_forward,2.56524083299999,0.108643,-0.118774,1.013367
hold_forward,2.598538457999979,0.10791,-0.118042,1.013611
hold_forward,2.627625249999994,0.10907,-0.114197,1.015808
hold_forward,2.6616665409999882,0.109436,-0.116272,1.013428
hold_forward,2.6911932909999905,0.108582,-0.117981,1.009705
hold_forward,2.724729540999988,0.109192,-0.118225,1.010803
hold_forward,2.753469124999981,0.108459,-0.115906,1.009277
hold_forward,2.787429290999995,0.105774,-0.118408,1.010437
hold_forward,2.821478749999983,0.104858,-0.111389,1.015869
hold_forward,2.8506135829999835,0.10321,-0.118042,1.007507
hold_forward,2.8843374999999867,0.103821,-0.11731,1.007385
hold_forward,2.9136403329999894,0.107178,-0.112,1.009827
hold_forward,2.947816708000005,0.108704,-0.118835,1.007813
hold_forward,2.9767982500000016,0.108643,-0.116882,1.013184
hold_forward,3.0102690409999866,0.107727,-0.109863,1.010742
hold_forward,3.0442854159999797,0.104797,-0.116943,1.01239
hold_forward,3.0748104580000017,0.107117,-0.115845,1.016174
hold_forward,3.107793290999979,0.106812,-0.111877,1.014587
hold_forward,3.1354407080000044,0.107361,-0.117798,1.01355
hold_forward,3.1709034159999874,0.108582,-0.113037,1.011353
hold_forward,3.250288999999981,0.108276,-0.116455,1.012573
hold_forward,3.2792093749999935,0.107605,-0.114685,1.011902
hold_forward,3.3130859160000057,0.104858,-0.11377,1.011108
hold_forward,3.347182124999989,0.105347,-0.119629,1.012451
hold_forward,3.376191290999998,0.105713,-0.116028,1.013672
hold_forward,3.4101038329999938,0.10553,-0.112976,1.009827
hold_forward,3.4393754580000007,0.104736,-0.116638,1.011047
hold_forward,3.472774749999985,0.105408,-0.11731,1.008972
hold_forward,3.502015374999985,0.105225,-0.115845,1.009705
hold_forward,3.5362591249999866,0.104614,-0.116028,1.007751
hold_forward,3.5698099999999897,0.101746,-0.118774,1.011231
hold_forward,3.5989719159999822,0.102539,-0.116028,1.009766
hold_forward,3.632943582999985,0.102539,-0.116516,1.008606
hold_forward,3.661807374999995,0.104858,-0.118469,1.013916
hold_forward,3.695941165999983,0.104675,-0.118347,1.010986
hold_forward,3.7252472499999953,0.104309,-0.119812,1.013733
hold_forward,3.759390790999987,0.107178,-0.115906,1.011292
hold_forward,3.7939576249999902,0.105713,-0.120789,1.010437
hold_forward,3.8218829580000033,0.105042,-0.112915,1.011658
hold_forward,3.8557518329999994,0.103088,-0.121887,1.012268
hold_forward,3.8851242079999793,0.104736,-0.118591,1.012939
hold_forward,3.9187125830000014,0.104858,-0.116699,1.011047
hold_forward,3.9480915829999788,0.103882,-0.116455,1.009766
hold_forward,3.9819512499999803,0.104797,-0.116028,1.013794
hold_forward,4.015462665999991,0.102295,-0.119385,1.016296
hold_forward,4.044682707999982,0.103455,-0.118774,1.015503
hold_forward,4.078942208000001,0.104248,-0.114502,1.014221
hold_forward,4.10710899999998,0.106445,-0.118286,1.010376
hold_forward,4.142201374999985,0.107788,-0.119019,1.009033
hold_forward,4.221332249999989,0.099792,-0.115356,1.00946
hold_forward,4.250505500000003,0.096924,-0.120483,1.010986
hold_forward,4.284508499999987,0.099121,-0.115601,1.013977
hold_forward,4.318272207999996,0.101318,-0.113464,1.011353
hold_forward,4.347263083000001,0.104553,-0.118286,1.010132
hold_forward,4.381263290999982,0.104248,-0.115662,1.010559
hold_forward,4.410392124999987,0.101196,-0.113709,1.01593
hold_forward,4.444072832999979,0.103027,-0.111511,1.017273
hold_forward,4.473262665999982,0.104553,-0.116577,1.013977
hold_forward,4.5074699580000015,0.103027,-0.117126,1.012512
hold_forward,4.540986540999995,0.102661,-0.11438,1.010864
hold_forward,4.570425749999998,0.102905,-0.117371,1.013367
hold_forward,4.603996999999993,0.103455,-0.115845,1.01239
hold_forward,4.633117790999989,0.102112,-0.116577,1.00824
hold_forward,4.667295416000002,0.1026,-0.117249,1.009399
hold_forward,4.6962404580000054,0.10376,-0.116394,1.008911
hold_forward,4.730141750000001,0.102112,-0.114258,1.01239
hold_forward,4.76386816599998,0.101257,-0.113037,1.013001
hold_forward,4.7927629999999795,0.103516,-0.11853,1.010925
hold_forward,4.8269307500000025,0.106628,-0.119751,1.010254
hold_forward,4.85599341599999,0.104553,-0.118286,1.009399
hold_forward,4.890076374999978,0.102661,-0.115906,1.017822
hold_forward,4.919417041000003,0.105774,-0.110962,1.012451
hold_forward,4.952703249999985,0.102844,-0.120911,1.009033
hold_forward,4.986878165999997,0.101074,-0.115845,1.014343
hold_forward,5.015953957999983,0.097778,-0.110535,1.011841
hold_forward,5.051444040999996,0.09668,-0.114746,1.012573
hold_forward,5.079463624999988,0.103027,-0.113709,1.009949
hold_forward,5.111891332999988,0.104736,-0.12616,1.010376
hold_forward,5.140806999999995,0.105408,-0.114807,1.007935
hold_forward,5.222119790999983,0.104675,-0.122986,1.014648
hold_forward,5.255694707999993,0.103699,-0.121338,1.010742
hold_forward,5.289572082999996,0.103821,-0.118896,1.011658
hold_forward,5.318415999999985,0.104126,-0.121887,1.011292
hold_forward,5.352542707999987,0.105835,-0.123474,1.008728
hold_forward,5.382253790999982,0.104248,-0.120544,1.01062
hold_forward,5.415587540999979,0.102783,-0.1203,1.007996
hold_forward,5.444587374999998,0.099121,-0.122681,1.014343
hold_forward,5.478312332999991,0.098511,-0.117004,1.018311
hold_forward,5.512557874999999,0.098084,-0.119141,1.008972
hold_forward,5.541616915999981,0.10083,-0.121948,1.010193
hold_forward,5.575296707999996,0.102966,-0.121948,1.004944
hold_forward,5.604389749999996,0.100159,-0.12616,1.005676
hold_forward,5.638046290999995,0.100342,-0.118042,1.013672
hold_forward,5.667082707999981,0.10022,-0.114624,1.015808
hold_forward,5.701257457999986,0.099792,-0.123596,1.010864
hold_forward,5.735114999999979,0.103333,-0.123047,1.007019
hold_forward,5.764339540999998,0.105103,-0.123291,1.007874
hold_forward,5.798220375,0.101013,-0.122742,1.011841
hold_forward,5.826963957999993,0.097717,-0.119019,1.013489
hold_forward,5.86121,0.099304,-0.118958,1.014282
hold_forward,5.890577790999998,0.102234,-0.123474,1.011841
hold_forward,5.924191874999991,0.104614,-0.124084,1.007446
hold_forward,5.957979082999998,0.104187,-0.120789,1.008789
hold_forward,5.986949249999981,0.10199,-0.119141,1.015442
hold_forward,6.020689665999981,0.098999,-0.119324,1.016357
hold_forward,6.051465624999992,0.098084,-0.119507,1.015381
hold_forward,6.084055915999983,0.100098,-0.119446,1.01355
hold_forward,6.112115499999987,0.104675,-0.121643,1.006775
hold_forward,6.145877999999982,0.10437,-0.118347,1.012817
hold_forward,6.226551040999993,0.098084,-0.112122,1.013184
hold_forward,6.260462999999987,0.099915,-0.114258,1.010498
hold_forward,6.289653249999986,0.099609,-0.122192,1.006226
hold_forward,6.323362790999994,0.098877,-0.113525,1.008911
hold_forward,6.352245457999999,0.099731,-0.108337,1.00885
hold_forward,6.386561040999993,0.095215,-0.114868,1.016052
hold_forward,6.4153479999999945,0.09552,-0.112305,1.016907
hold_forward,6.449403540999981,0.096863,-0.110474,1.011414
hold_forward,6.4830744999999865,0.100586,-0.114502,1.007019
hold_forward,6.512255499999981,0.104248,-0.116943,1.010071
hold_forward,6.546311500000002,0.104492,-0.117249,1.008057
hold_forward,6.575613415999982,0.099976,-0.109375,1.012451
hold_forward,6.6090881249999995,0.094238,-0.106567,1.016785
hold_forward,6.638655207999989,0.093872,-0.110962,1.015869
hold_forward,6.67232495799999,0.09906,-0.112,1.01471
hold_forward,6.706103958,0.101257,-0.115417,1.005859
hold_forward,6.735130040999991,0.099731,-0.115112,1.010193
hold_forward,6.76911016599999,0.098816,-0.105408,1.012512
hold_forward,6.798025790999986,0.094971,-0.105896,1.011475
hold_forward,6.832163124999994,0.096375,-0.106323,1.016846
hold_forward,6.861176666000006,0.099487,-0.107483,1.012756
hold_forward,6.895212540999978,0.098267,-0.112244,1.00946
hold_forward,6.928893249999987,0.100342,-0.104492,1.012268
hold_forward,6.958189957999991,0.095581,-0.104187,1.016724
hold_forward,6.992042374999983,0.091064,-0.103455,1.02301
hold_forward,7.021151790999994,0.093567,-0.099792,1.017944
hold_forward,7.055395207999993,0.099182,-0.105713,1.014221
hold_forward,7.083307499999989,0.104187,-0.109253,1.008362
hold_forward,7.116973415999979,0.100525,-0.105469,1.009277
hold_forward,7.197845040999994,0.094055,-0.103333,1.017334
hold_forward,7.231656458000003,0.097778,-0.107483,1.013306
hold_forward,7.260649749999999,0.100525,-0.109436,1.012085
hold_forward,7.294484915999988,0.10199,-0.106445,1.01178
hold_forward,7.3239119579999965,0.100098,-0.099182,1.015442
hold_forward,7.357268415999982,0.094238,-0.104919,1.018616
hold_forward,7.386794332999983,0.095886,-0.101685,1.01648
hold_forward,7.420516290999984,0.096741,-0.103027,1.010132
hold_forward,7.4541198750000035,0.096313,-0.109375,1.00824
hold_forward,7.483309290999983,0.097351,-0.101501,1.013306
hold_forward,7.517314457999987,0.096375,-0.105774,1.00824
hold_forward,7.546544415999989,0.088013,-0.106995,1.019592
hold_forward,7.580341250000004,0.089233,-0.095459,1.017151
hold_forward,7.614121541000003,0.091003,-0.108093,1.01355
hold_forward,7.643176582999985,0.0979,-0.106079,1.008118
hold_forward,7.677298165999986,0.105591,-0.107056,1.008545
hold_forward,7.706617749999992,0.102112,-0.109863,1.012085
hold_forward,7.739979707999993,0.094604,-0.098022,1.018677
hold_forward,7.769012583000006,0.089966,-0.096313,1.019592
hold_forward,7.802907582999978,0.093079,-0.106323,1.019592
hold_forward,7.836945208000003,0.095459,-0.103394,1.012878
hold_forward,7.866191958000002,0.097778,-0.100037,1.01239
hold_forward,7.899841124999995,0.096802,-0.104004,1.010742
hold_forward,7.928973124999999,0.093079,-0.101868,1.015137
hold_forward,7.963101332999997,0.091431,-0.091919,1.020081
hold_forward,7.991683666,0.092712,-0.103943,1.014832
check_diagonal,0.029168207999987317,0.998474,0.006409,0.244507
check_diagonal,0.06314795800000184,0.997498,0.009521,0.244019
check_diagonal,0.09199095799999668,0.996155,0.008301,0.244751
check_diagonal,0.12617529199999922,0.993835,-6.1e-05,0.245361
check_diagonal,0.1595724999999959,0.996155,0.005981,0.246582
check_diagonal,0.18864095800000769,1.001282,0.001038,0.240723
check_diagonal,0.22445249999998396,1.001038,-0.003296,0.240784
check_diagonal,0.2524315420000107,0.998291,-0.002686,0.239136
check_diagonal,0.28614345799999796,0.997864,0.002502,0.242432
check_diagonal,0.3152105830000096,0.998535,6.1e-05,0.243652
check_diagonal,0.39440895799998543,0.999573,-0.001343,0.242126
check_diagonal,0.4283815000000004,1.000488,-0.004883,0.241943
check_diagonal,0.45742833299999575,1.002197,-0.003967,0.240601
check_diagonal,0.4912086669999951,1.003052,-0.003235,0.243225
check_diagonal,0.5208799579999948,1.001282,-0.006104,0.24176
check_diagonal,0.5544558329999916,1.000549,-0.000916,0.242737
check_diagonal,0.583329166999988,0.999634,0.00177,0.244202
check_diagonal,0.6169843330000049,0.997559,0.000916,0.246704
check_diagonal,0.6511182079999855,0.99939,0.008484,0.251099
check_diagonal,0.6800577079999925,1.0,0.009155,0.24939
check_diagonal,0.7138334580000105,0.99884,-0.002441,0.248108
check_diagonal,0.7430350829999952,1.001526,-0.000488,0.252686
check_diagonal,0.7767174999999895,1.000122,0.004089,0.254517
check_diagonal,0.8062972500000001,0.995728,0.005371,0.264893
check_diagonal,0.840024083000003,1.001099,0.01001,0.269531
check_diagonal,0.8692846669999881,1.003113,0.025574,0.278442
check_diagonal,0.9026068750000036,0.995056,0.018738,0.28125
check_diagonal,0.9317801669999994,0.996155,0.019714,0.28894
check_diagonal,0.9655441669999902,1.003967,0.032715,0.295349
check_diagonal,0.994492374999993,1.004822,0.035583,0.304382
check_diagonal,1.028741083,0.997742,0.037476,0.31781
check_diagonal,1.0625321670000005,0.994019,0.034668,0.332825
check_diagonal,1.0913555420000023,0.991516,0.037109,0.34198
check_diagonal,1.1255029579999984,0.986572,0.050537,0.352234
check_diagonal,1.1542735419999985,0.99054,0.047119,0.380432
check_diagonal,1.188205124999996,0.987366,0.045715,0.391663
check_diagonal,1.2178554170000098,0.984863,0.049194,0.399109
check_diagonal,1.2517013750000103,0.978027,0.068176,0.425354
check_diagonal,1.2794389999999964,0.954224,0.057434,0.434692
check_diagonal,1.359926250000001,0.9422,0.066406,0.479248
check_diagonal,1.3937053749999961,0.929443,0.053589,0.494934
check_diagonal,1.4224226670000064,0.921875,0.060303,0.520081
check_diagonal,1.4564525829999866,0.916931,0.048096,0.545044
check_diagonal,1.4902382079999938,0.897766,0.043762,0.596619
check_diagonal,1.5194140829999867,0.869995,-0.00531,0.584473
check_diagonal,1.553426083000005,0.858826,-0.072571,0.529236
check_diagonal,1.5824323329999856,0.873718,-0.048035,0.556824
check_diagonal,1.616143208000011,0.861328,0.026794,0.634827
check_diagonal,1.645465833000003,0.808594,0.058289,0.66864
check_diagonal,1.6789960419999943,0.767639,0.061096,0.693543
check_diagonal,1.7080100419999837,0.732666,0.045532,0.717102
check_diagonal,1.741749542000008,0.714966,0.014771,0.749939
check_diagonal,1.7703532499999994,0.698181,0.020447,0.797607
check_diagonal,1.8041144579999866,0.670776,-0.006226,0.79541
check_diagonal,1.837857041999996,0.654907,-0.010925,0.843323
check_diagonal,1.8671042499999828,0.640503,0.019104,0.848328
check_diagonal,1.9006833749999998,0.6297,0.016357,0.887329
check_diagonal,1.9298311670000032,0.600342,-0.008728,0.884338
check_diagonal,1.9632881670000017,0.57898,-0.002258,0.901856
check_diagonal,1.9925237079999931,0.539734,-0.041443,0.887512
check_diagonal,2.025693958000005,0.52124,-0.022522,0.918701
check_diagonal,2.0547432919999835,0.463074,-0.048706,0.888245
check_diagonal,2.08853770799999,0.440552,-0.045288,0.899963
check_diagonal,2.1221436250000068,0.415588,-0.111145,0.881165
check_diagonal,2.1509611669999913,0.38269,-0.113342,0.89386
check_diagonal,2.184625208,0.364563,-0.081909,0.915833
check_diagonal,2.2138678750000054,0.301575,-0.141541,0.906677
check_diagonal,2.246740041999999,0.288208,-0.12207,0.934448
check_diagonal,2.275193416999997,0.269592,-0.131775,0.950195
check_diagonal,2.3557783329999893,0.203796,-0.188171,0.950256
check_diagonal,2.3894332079999856,0.191345,-0.178528,0.960999
check_diagonal,2.4225113329999886,0.161377,-0.185364,0.960266
check_diagonal,2.451752749999997,0.149048,-0.183777,0.964478
check_diagonal,2.48530120800001,0.139343,-0.162415,0.965759
check_diagonal,2.51428520799999,0.11261,-0.18457,0.940125
check_diagonal,2.5479191670000034,0.101685,-0.197693,0.950134
check_diagonal,2.57686958299999,0.099976,-0.182129,0.971741
check_diagonal,2.6104241250000086,0.081055,-0.19104,0.945862
check_diagonal,2.644168707999995,0.066772,-0.206299,0.969482
check_diagonal,2.6732502079999847,0.061646,-0.177307,0.964844
check_diagonal,2.706628875000007,0.05249,-0.219971,0.957947
check_diagonal,2.735608874999997,0.045715,-0.225403,0.982361
check_diagonal,2.769577625000011,0.040833,-0.203247,0.978394
check_diagonal,2.803022625000011,0.034973,-0.195923,0.991333
check_diagonal,2.831729749999994,0.031006,-0.19574,1.009827
check_diagonal,2.865756916999999,0.030701,-0.201477,0.999878
check_diagonal,2.894494791999989,0.036194,-0.188599,1.002197
check_diagonal,2.9282249999999976,0.036621,-0.191589,0.996704
check_diagonal,2.9574570419999873,0.031067,-0.200806,1.000305
check_diagonal,2.9909307080000076,0.036682,-0.186829,1.009033
check_diagonal,3.024407416999992,0.035156,-0.192139,1.000061
check_diagonal,3.053855249999998,0.03363,-0.191711,1.004578
check_diagonal,3.0869782919999977,0.034851,-0.189697,1.0047
check_diagonal,3.116020375000005,0.031738,-0.200745,0.989624
check_diagonal,3.149944750000003,0.032349,-0.189636,1.005676
check_diagonal,3.1785738749999837,0.035828,-0.185181,1.00177
check_diagonal,3.2128514999999993,0.033447,-0.196228,0.996582
check_diagonal,3.246263875000011,0.032043,-0.185913,1.007446
check_diagonal,3.2755733749999933,0.034729,-0.178223,1.000916
check_diagonal,3.3543157499999836,0.039673,-0.178528,1.009094
check_diagonal,3.387707583000008,0.037659,-0.192566,1.000671
check_diagonal,3.4166109169999856,0.037903,-0.188232,1.008301
check_diagonal,3.450165499999997,0.036804,-0.184692,1.011414
check_diagonal,3.4792135419999966,0.032166,-0.200439,1.005249
check_diagonal,3.513167957999997,0.033203,-0.186096,1.004639
check_diagonal,3.5465017919999866,0.032837,-0.190491,0.996033
check_diagonal,3.575226332999989,0.030334,-0.195923,0.997925
check_diagonal,3.6091097080000054,0.031677,-0.192322,0.992249
check_diagonal,3.6380154999999945,0.028564,-0.20105,0.991638
check_diagonal,3.6718933749999962,0.031067,-0.196594,0.990662
check_diagonal,3.70532266699999,0.033752,-0.196228,0.982788
check_diagonal,3.734441583000006,0.037964,-0.205688,0.987793
check_diagonal,3.7681637919999957,0.047241,-0.195618,0.979919
check_diagonal,3.797306375000005,0.051025,-0.204346,0.975647
check_diagonal,3.830665707999998,0.059265,-0.202393,0.96875
check_diagonal,3.8595712499999877,0.072815,-0.19342,0.967773
check_diagonal,3.89317220800001,0.0755,-0.193542,0.963623
check_diagonal,3.927053041999983,0.083862,-0.194641,0.962097
check_diagonal,3.956186666999997,0.082214,-0.204407,0.973328
check_diagonal,3.9893962499999986,0.094116,-0.201233,0.956543
check_diagonal,4.018388999999985,0.113647,-0.185486,0.959778
check_diagonal,4.052243833000006,0.121948,-0.211304,0.943909
check_diagonal,4.081250332999986,0.141846,-0.197937,0.957031
check_diagonal,4.114784458000003,0.159241,-0.154419,0.941162
check_diagonal,4.148431082999991,0.182129,-0.175842,0.924744
check_diagonal,4.179048042000005,0.192017,-0.216064,0.947449
check_diagonal,4.215496083000005,0.203857,-0.205139,0.921936
check_diagonal,4.243435874999989,0.259399,-0.17334,0.893189
check_diagonal,4.278173500000008,0.280884,-0.160522,0.883057
check_diagonal,4.3567239580000034,0.269959,-0.045288,0.657776
check_diagonal,4.385490874999988,0.407043,-0.060791,0.765442
check_diagonal,4.419365749999997,0.481445,-0.043884,0.912231
check_diagonal,4.453288249999986,0.49939,-0.079895,0.835083
check_diagonal,4.481990375000009,0.573853,-0.061096,0.866455
check_diagonal,4.515865416999986,0.592468,-0.002563,0.879272
check_diagonal,4.545107166999998,0.620728,-0.045715,0.832825
check_diagonal,4.578524708000003,0.678894,-0.06897,0.795776
check_diagonal,4.607750041999992,0.71051,-0.012573,0.778442
check_diagonal,4.641188874999983,0.775208,-0.010315,0.734558
check_diagonal,4.67015866700001,0.819092,0.031921,0.739502
check_diagonal,4.7045027919999995,0.836121,0.032776,0.692566
check_diagonal,4.733289417000009,0.851807,-0.016663,0.651367
check_diagonal,4.766792082999984,0.867554,-0.0271,0.639343
check_diagonal,4.800778167000004,0.906982,-0.032043,0.58905
check_diagonal,4.829686250000009,0.914001,-0.053772,0.563232
check_diagonal,4.863414167000002,0.929443,-0.038513,0.547363
check_diagonal,4.892417082999998,0.963562,-0.035828,0.505615
check_diagonal,4.926292541999999,0.979553,-0.083862,0.46991
check_diagonal,4.955719832999989,0.99469,-0.13385,0.44281
check_diagonal,4.989541250000002,1.017822,-0.142517,0.396667
check_diagonal,5.018065624999991,1.020752,-0.119995,0.381897
check_diagonal,5.05218316700001,1.019287,-0.131104,0.370605
check_diagonal,5.086070833000008,1.013672,-0.130798,0.355408
check_diagonal,5.115134291999993,1.002197,-0.142456,0.335938
check_diagonal,5.149026958000007,1.000427,-0.176514,0.301514
check_diagonal,5.180449082999985,0.993408,-0.195557,0.286865
check_diagonal,5.212686749999989,0.986328,-0.18634,0.271667
check_diagonal,5.241626416999992,0.980469,-0.1875,0.262451
check_diagonal,5.274376499999988,0.976685,-0.193298,0.251953
check_diagonal,5.354823874999994,0.971252,-0.201477,0.248352
check_diagonal,5.38356141700001,0.964844,-0.209412,0.234314
check_diagonal,5.417766042000011,0.962769,-0.20636,0.237793
check_diagonal,5.4515063329999975,0.963989,-0.214355,0.22937
check_diagonal,5.4806088750000015,0.964356,-0.224731,0.211975
check_diagonal,5.514198292000003,0.965393,-0.2146,0.203369
check_diagonal,5.543329957999987,0.968567,-0.19812,0.198303
check_diagonal,5.57739354200001,0.970947,-0.207581,0.195923
check_diagonal,5.606633708000004,0.970825,-0.216797,0.194824
check_diagonal,5.640069541999992,0.981384,-0.204895,0.192261
check_diagonal,5.674154541999997,0.983337,-0.219116,0.191528
check_diagonal,5.702862167000006,0.983337,-0.22937,0.189941
check_diagonal,5.73703979199999,0.991211,-0.210999,0.181335
check_diagonal,5.766138249999983,0.989319,-0.19635,0.185181
check_diagonal,5.799643666999998,0.991577,-0.19458,0.190247
check_diagonal,5.828623666999988,1.001343,-0.169678,0.191406
check_diagonal,5.862540875000008,1.002197,-0.163086,0.195862
check_diagonal,5.896082124999992,1.006714,-0.162231,0.193726
check_diagonal,5.924893749999995,1.005981,-0.152039,0.185913
check_diagonal,5.958701125000005,1.00354,-0.150269,0.185486
check_diagonal,5.987601957999999,1.005432,-0.142883,0.179321
check_diagonal,6.021756374999995,1.007507,-0.125671,0.177002
check_diagonal,6.055778500000002,1.008423,-0.127197,0.180603
check_diagonal,6.084597250000002,1.007446,-0.123535,0.183105
check_diagonal,6.1184378330000015,1.014832,-0.121826,0.176392
check_diagonal,6.1475383750000105,1.01471,-0.118774,0.163879
check_diagonal,6.18327045800001,1.010986,-0.116455,0.167603
check_diagonal,6.210810207999998,1.011414,-0.116455,0.165344
check_diagonal,6.244775666999999,1.009949,-0.110413,0.162109
check_diagonal,6.274486249999995,1.006958,-0.103394,0.1698
check_diagonal,6.353558708000008,1.011536,-0.112793,0.159851
check_diagonal,6.387183916999987,1.009155,-0.11731,0.161438
check_diagonal,6.420957417000011,1.008301,-0.121826,0.164001
check_diagonal,6.449646374999986,1.010254,-0.123291,0.157898
check_diagonal,6.483531457999987,1.009644,-0.125244,0.161987
check_diagonal,6.512755042000009,1.006409,-0.109802,0.162964
check_diagonal,6.546671124999989,1.005005,-0.111511,0.160889
check_diagonal,6.575845832999988,1.005249,-0.120178,0.16217
check_diagonal,6.609759416999992,1.005432,-0.125671,0.161865
check_diagonal,6.639083916999994,1.004211,-0.11853,0.15802
check_diagonal,6.672627417000001,1.006165,-0.119202,0.163391
check_diagonal,6.706126874999995,1.008362,-0.120483,0.166687
check_diagonal,6.735162583000005,1.007202,-0.117126,0.169373
check_diagonal,6.769331625000007,1.005554,-0.125244,0.170166
check_diagonal,6.798127125000008,1.00415,-0.12561,0.170837
check_diagonal,6.83198891699999,1.002502,-0.124084,0.170288
check_diagonal,6.860972666999999,1.003418,-0.119019,0.171509
check_diagonal,6.894485207999992,1.001343,-0.124695,0.175354
check_diagonal,6.92353858300001,0.996765,-0.123047,0.177307
check_diagonal,6.9577138329999855,0.994629,-0.118835,0.17981
check_diagonal,6.9865453749999915,0.994934,-0.110413,0.186035
check_diagonal,7.020354124999983,0.995178,-0.113281,0.203003
check_diagonal,7.054597166999997,0.99469,-0.095154,0.21405
check_diagonal,7.083188917000001,0.995606,-0.080444,0.218506
check_diagonal,7.117208207999994,1.004456,-0.079773,0.220581
check_diagonal,7.1465980829999864,1.018738,-0.089233,0.240112
check_diagonal,7.180747792000005,1.02594,-0.089233,0.248962
check_diagonal,7.208524457999999,1.018921,-0.074036,0.280029
check_diagonal,7.242200416999992,1.018677,-0.052185,0.296326
check_diagonal,7.32309620800001,1.018799,-0.055847,0.335449
check_diagonal,7.356920792000011,1.01471,-0.045898,0.34906
check_diagonal,7.386345333000008,1.00592,-0.021362,0.375366
check_diagonal,7.419941666999989,0.999573,-0.030212,0.38916
check_diagonal,7.448856374999991,0.994324,-0.023254,0.429871
check_diagonal,7.482781541999998,0.980347,-0.020081,0.426819
check_diagonal,7.511639083000006,0.96637,-0.026489,0.43457
check_diagonal,7.545309457999991,0.967407,-0.00592,0.494934
check_diagonal,7.57906458299999,0.941101,0.007324,0.510132
check_diagonal,7.608013249999999,0.919189,0.013428,0.564636
check_diagonal,7.641786332999999,0.879578,0.051392,0.628479
check_diagonal,7.671257499999996,0.844482,0.04364,0.609985
check_diagonal,7.704594374999999,0.848694,0.068115,0.690002
check_diagonal,7.733391624999996,0.81604,0.062988,0.708984
check_diagonal,7.767269875000011,0.80072,0.045227,0.715149
check_diagonal,7.796016917000003,0.760986,0.011841,0.777649
check_diagonal,7.829963499999991,0.721314,0.020996,0.755066
check_diagonal,7.858774332999985,0.701599,0.011719,0.792236
check_diagonal,7.892513500000007,0.657227,-0.006714,0.830322
check_diagonal,7.925943958000005,0.617676,-0.037964,0.797791
check_diagonal,7.955123874999998,0.586548,-0.015991,0.855896
check_diagonal,7.988538250000005,0.531067,-0.037842,0.835754
check_diagonal,8.017489291999993,0.49823,-0.074158,0.867676
check_diagonal,8.051036874999994,0.456421,-0.031128,0.924561
check_diagonal,8.08008404200001,0.409546,-0.059387,0.887207
check_diagonal,8.113846749999993,0.377136,-0.08844,0.932007
check_diagonal,8.149411041999997,0.320496,-0.131348,0.916443
check_diagonal,8.176943542000004,0.299194,-0.124512,0.9328
check_diagonal,8.210636999999991,0.282898,-0.138184,0.922302
check_diagonal,8.239726332999993,0.247009,-0.174438,0.922913
check_diagonal,8.318548875000005,0.191162,-0.165588,0.944885
check_diagonal,8.35234166699999,0.167114,-0.195862,0.94104
check_diagonal,8.381324207999995,0.144287,-0.193787,0.944153
check_diagonal,8.415150374999996,0.127686,-0.176819,0.975769
check_diagonal,8.448673958,0.10437,-0.20636,0.95343
check_diagonal,8.477814042000006,0.09845,-0.2052,0.96521
check_diagonal,8.511367457999995,0.080627,-0.188232,0.960022
check_diagonal,8.540823082999992,0.059937,-0.223694,0.950012
check_diagonal,8.574694332999997,0.053528,-0.207825,0.963806
check_diagonal,8.604118499999998,0.040161,-0.201538,0.96521
check_diagonal,8.637435667000005,0.03418,-0.196167,0.984619
check_diagonal,8.671385791999995,0.025635,-0.196167,0.981018
check_diagonal,8.700574332999992,0.023987,-0.213867,0.98468
check_diagonal,8.734294583000008,0.02301,-0.206909,0.982056
check_diagonal,8.763627291999995,0.023926,-0.208008,0.985779
check_diagonal,8.797331541999995,0.023071,-0.203613,0.989014
check_diagonal,8.831339708000002,0.027344,-0.212952,0.999939
check_diagonal,8.860238417000005,0.034363,-0.202271,1.003052
check_diagonal,8.894325500000008,0.037476,-0.205383,0.999634
check_diagonal,8.923224624999989,0.039063,-0.195801,1.002564
check_diagonal,8.957260792,0.035461,-0.20282,0.997314
check_diagonal,8.986585916999985,0.033508,-0.209167,0.999146
check_diagonal,9.020523083,0.025208,-0.200989,0.994568
check_diagonal,9.054178457999996,0.023865,-0.198914,1.009888
check_diagonal,9.083186041999994,0.027527,-0.187439,1.006348
check_diagonal,9.116836041999989,0.024475,-0.198975,0.99469
check_diagonal,9.147685082999999,0.022034,-0.191895,1.002564
check_diagonal,9.180621041999984,0.021118,-0.188355,0.991638
check_diagonal,9.207988166999996,0.024719,-0.188599,0.999451
check_diagonal,9.243509541999998,0.019653,-0.190796,0.995361
check_diagonal,9.322558999999984,0.019897,-0.181335,0.999756
check_diagonal,9.356578417000009,0.019226,-0.202209,0.996521
check_diagonal,9.385592083000006,0.025146,-0.194092,0.999756
check_diagonal,9.419752958000004,0.028076,-0.184265,1.000732
check_diagonal,9.44879983300001,0.032593,-0.191772,1.000488
check_diagonal,9.482745792000003,0.040344,-0.185852,1.006165
check_diagonal,9.51163970799999,0.037048,-0.191101,0.995972
check_diagonal,9.54556500000001,0.038086,-0.189331,1.001831
check_diagonal,9.579546666999988,0.03949,-0.18457,0.998291
check_diagonal,9.60862904199999,0.039612,-0.187256,1.005005
check_diagonal,9.642425291999984,0.042236,-0.183594,1.007507
check_diagonal,9.671653292000002,0.039124,-0.191772,0.997803
check_diagonal,9.705613666999994,0.040466,-0.180664,0.997192
check_diagonal,9.739339666999996,0.043396,-0.180359,0.996399
check_diagonal,9.768762707999997,0.047302,-0.186768,0.999023
check_diagonal,9.802106082999984,0.051636,-0.183044,0.992004
check_diagonal,9.831478374999989,0.056335,-0.191101,0.973999
check_diagonal,9.865414708000003,0.066467,-0.187622,0.957031
check_diagonal,9.894574041999988,0.067749,-0.190857,0.946777
check_diagonal,9.928549250000003,0.07251,-0.204407,0.940613
check_diagonal,9.962295417000007,0.087036,-0.198181,0.919617
check_diagonal,9.991288792000006,0.107056,-0.187622,0.890808
check_diagonal,10.025132958,0.132324,-0.199463,0.905579
check_diagonal,10.054036207999985,0.156921,-0.173706,0.925476
check_diagonal,10.087614374999987,0.171204,-0.162109,0.908325
check_diagonal,10.1163885,0.180298,-0.168823,0.937195
check_diagonal,10.152043708000008,0.20282,-0.122864,0.927124
check_diagonal,10.184430916999986,0.253296,-0.120789,0.955261
check_diagonal,10.21182970800001,0.277222,-0.100037,0.963928
check_diagonal,10.246974082999998,0.327881,-0.117737,0.897949
check_diagonal,10.325803207999996,0.475525,-0.061462,0.848755
check_diagonal,10.355100666999988,0.551941,-0.075867,0.86554
check_diagonal,10.388555707999984,0.595947,0.004211,0.879211
check_diagonal,10.417093332999997,0.607056,-0.003296,0.820007
check_diagonal,10.450993374999996,0.679199,-0.029053,0.830505
check_diagonal,10.479802917,0.712585,0.029358,0.801941
check_diagonal,10.513860582999996,0.740601,-0.01062,0.754395
check_diagonal,10.543022374999993,0.78064,-0.021179,0.77478
check_diagonal,10.576207832999984,0.80426,0.039673,0.760742
check_diagonal,10.610157791999995,0.830689,0.044861,0.689758
check_diagonal,10.638845791999984,0.853699,0.054199,0.655029
check_diagonal,10.672804124999999,0.894592,0.119873,0.674622
check_diagonal,10.701945375000008,0.89148,0.134216,0.635559
check_diagonal,10.735267042000004,0.889893,0.088745,0.579163
check_diagonal,10.764651791999995,0.890442,0.036987,0.564636
check_diagonal,10.798128458000008,0.921387,0.003052,0.501343
check_diagonal,10.826922416999992,0.940613,-0.015015,0.468811
check_diagonal,10.860683207999983,0.962036,-0.054321,0.434937
check_diagonal,10.889590999999996,0.979797,-0.066956,0.398743
check_diagonal,10.923671832999986,0.991943,-0.048828,0.379822
check_diagonal,10.952402333000009,1.003113,-0.071167,0.345764
check_diagonal,10.986522250000007,1.016052,-0.07605,0.329651
check_diagonal,11.020272791999986,1.020569,-0.077271,0.308472
check_diagonal,11.049513999999988,1.022827,-0.074646,0.278748
check_diagonal,11.083122207999992,1.028259,-0.064148,0.29187
check_diagonal,11.112395958000008,1.030884,-0.068298,0.284912
check_diagonal,11.148121291999985,1.022095,-0.054443,0.283875
check_diagonal,11.176001374999998,1.020203,-0.053406,0.277283
check_diagonal,11.20973487500001,1.015137,-0.057983,0.267456
check_diagonal,11.239150375000008,1.008728,-0.06189,0.259644
check_diagonal,11.318066375,1.008972,-0.057861,0.236389
check_diagonal,11.351725041999998,1.001953,-0.059204,0.227844
check_diagonal,11.381149416999989,0.99762,-0.057251,0.224915
check_diagonal,11.415008457999988,0.999512,-0.061279,0.208862
check_diagonal,11.443739542000003,0.997864,-0.076538,0.197632
check_diagonal,11.477996208000008,0.994873,-0.068237,0.202026
check_diagonal,11.511364874999998,0.997253,-0.050537,0.202698
check_diagonal,11.540648000000004,1.003601,-0.048706,0.1875
check_diagonal,11.574292874999998,0.996582,-0.066162,0.193176
check_diagonal,11.60328312499999,1.002441,-0.059143,0.197754
check_diagonal,11.63678625,1.006714,-0.050903,0.192322
check_diagonal,11.665703250000007,1.00885,-0.053528,0.194641
check_diagonal,11.699637082999999,1.009888,-0.059082,0.195374
check_diagonal,11.733174708000007,1.011597,-0.052979,0.19873
check_diagonal,11.762078792000011,1.014099,-0.046326,0.200989
check_diagonal,11.796118250000006,1.014282,-0.03894,0.200439
check_diagonal,11.824975042000005,1.011292,-0.036499,0.205933
check_diagonal,11.858743707999992,1.010132,-0.027588,0.208984
check_diagonal,11.88787074999999,1.008301,-0.021301,0.20636
check_diagonal,11.921819333000002,1.009583,-0.016113,0.207336
check_diagonal,11.951044042000007,1.007141,-0.019836,0.20166
check_diagonal,11.985002207999997,1.005554,-0.020874,0.195496
