emg0,emg1,emg2,emg3,emg4,emg5,emg6,emg7,emg8,emg9,emg10,emg11,emg12,emg13,emg14,emg15,emg16,emg17,emg18,emg19,emg20,emg21,emg22,emg23,emg24,emg25,emg26,emg27,emg28,emg29,emg30,emg31
0.01464,0.62991,0.03101,0.00894,0.06409,0.01485,0.04653,0.45902,0.04217,0.02511,0.04106,0.31318,0.02872,0.03893,0.02506,-0.00871,0.75966,0.02034,0.00869,0.00160,0.57384,0.00543,0.36496,0.76660,0.58820,0.72574,0.67719,0.67380,0.77339,0.00561,0.32020,0.66820
-0.01993,0.53177,0.00677,0.01442,0.02605,0.00206,0.02048,0.67278,0.03410,0.03864,0.01273,0.32220,0.02950,0.01498,-0.00538,0.03953,0.57579,0.06516,0.03716,0.01079,0.42379,0.02365,0.62846,0.28066,0.69198,0.38232,0.68761,0.39283,0.47488,0.06124,0.66395,0.31682
0.06841,0.57076,0.00831,0.00993,0.01947,0.02565,0.02718,0.53163,0.05337,0.06964,0.04714,0.50313,-0.00737,0.03826,-0.00243,0.02473,0.56498,0.01533,0.06277,0.02638,0.51298,0.02960,0.40829,0.57995,0.62537,0.60916,0.57855,0.62008,0.61816,0.04529,0.66653,0.31911
0.01428,0.41314,0.05182,0.04385,0.01976,0.02932,0.01583,0.35124,0.04915,0.03163,0.01771,0.68278,0.03889,0.01245,0.03168,0.00318,0.72306,-0.01094,0.03822,0.02779,0.54366,0.03915,0.58580,0.70993,0.50446,0.63577,0.39432,0.55616,0.48792,0.01606,0.71165,0.39041
0.01921,0.54867,0.03369,0.02934,0.00944,0.05009,0.03130,0.29545,0.07047,0.04546,0.04296,0.39445,0.02470,0.02041,0.01808,0.03444,0.25047,0.00785,-0.00680,0.01537,0.38283,0.05455,0.64125,0.44199,0.53231,0.39197,0.26152,0.44510,0.43281,0.02356,0.53909,0.39264
0.02868,0.22896,0.03089,0.02394,0.04942,-0.01787,0.02552,0.44189,0.01381,0.00754,0.03049,0.33283,0.00618,0.08840,0.05046,0.00834,0.45301,-0.00076,0.03205,0.04617,0.45956,0.03962,0.49699,0.27786,0.63370,0.48684,0.48311,0.76496,0.32262,0.02413,0.68793,0.26889
-0.02150,0.47560,0.04168,0.04865,0.04271,0.02765,0.02326,0.34120,0.00861,0.02713,-0.03442,0.54979,0.02383,0.04822,-0.01250,0.01831,0.66770,0.06898,0.00690,0.00524,0.42323,0.00451,0.35549,0.71558,0.32205,0.61368,0.55272,0.53630,0.56377,0.02043,0.63810,0.38187
0.03312,0.24219,0.02265,0.01346,-0.01407,0.03966,0.03244,0.42109,0.03966,0.03869,-0.01151,0.34234,0.02539,0.03351,0.04567,-0.01837,0.70191,0.01053,0.02608,0.00961,0.42511,0.00374,0.33498,0.77234,0.34725,0.37158,0.51277,0.55703,0.35158,-0.00887,0.59440,0.54887
0.01293,0.47186,0.00848,0.00253,0.01994,0.02388,0.05390,0.62982,0.03419,0.03162,0.00311,0.47678,0.01523,0.02149,0.00980,0.00723,0.37148,0.08303,0.02449,0.01553,0.57749,0.07751,0.55982,0.65846,0.66953,0.48528,0.53236,0.72008,0.36055,0.04084,0.36779,0.59350
0.01755,0.70900,0.01000,0.00981,0.01944,0.01771,0.01206,0.66696,0.03638,0.02432,0.02601,0.26937,0.05226,0.03437,0.05526,-0.00165,0.42247,0.02011,0.05169,0.04108,0.26885,0.00297,0.45423,0.68232,0.53689,0.26278,0.54520,0.60523,0.46375,0.03619,0.70549,0.30326
0.05448,0.39048,0.03034,0.03104,0.01379,0.01037,0.06497,0.63336,0.01196,0.01424,0.00561,0.31818,0.03854,0.00728,0.00356,0.01498,0.50273,0.01239,0.05256,0.03476,0.44595,0.02033,0.25307,0.71580,0.34130,0.40617,0.65680,0.64627,0.39834,0.03669,0.29294,0.41947
0.03912,0.42763,0.04586,0.02282,0.03099,0.01432,0.03498,0.57768,0.02466,0.02811,0.05266,0.33063,0.03613,0.02631,0.04397,0.00410,0.38033,0.00332,0.03019,0.04328,0.65290,0.05036,0.69677,0.46355,0.66431,0.61346,0.24494,0.72618,0.47613,0.01457,0.33098,0.32038
0.00330,0.60400,0.04726,0.03088,0.04854,0.02406,0.03717,0.47065,0.06826,0.02053,0.01927,0.42653,0.01623,-0.02844,0.05935,0.03597,0.72144,0.04091,0.05657,0.05736,0.37822,-0.01585,0.53636,0.29035,0.46375,0.73166,0.36007,0.23668,0.50773,-0.00025,0.40062,0.52352
0.00729,0.66819,0.03781,0.05504,0.01018,0.06060,0.02780,0.48605,0.04225,0.03435,0.05071,0.27934,0.00010,0.01130,0.00405,0.04745,0.63893,0.00945,0.04349,0.05999,0.50173,0.04029,0.25761,0.52962,0.78696,0.71454,0.45158,0.39366,0.39538,0.01692,0.66586,0.27979
0.00460,0.39563,-0.00124,0.04699,0.01509,0.02867,0.01902,0.40275,0.05621,0.05054,0.02329,0.67134,0.02595,0.04296,0.09174,0.04842,0.40095,0.08136,0.01306,0.00411,0.59849,0.05011,0.71344,0.33066,0.25968,0.47422,0.41391,0.66110,0.29113,0.05679,0.71802,0.36192
0.05334,0.77080,0.02861,0.01973,0.04950,0.04693,0.03270,0.64119,-0.01498,0.02176,0.02952,0.36886,0.04009,0.02790,0.00561,0.00147,0.24642,-0.00937,0.06339,0.01219,0.49254,-0.01513,0.49072,0.69632,0.73090,0.71959,0.70852,0.39796,0.42663,0.02123,0.33331,0.55346
0.01990,0.44839,0.04555,0.02518,0.03057,0.03671,0.00662,0.59218,0.06487,0.02414,-0.02120,0.41243,0.04498,0.02672,0.05026,0.03643,0.57012,0.01452,0.02501,0.06330,0.29049,0.01388,0.37282,0.31455,0.63067,0.32169,0.62420,0.69865,0.45254,-0.00165,0.58936,0.49394
0.04735,0.32937,0.02881,0.05345,0.00156,-0.00258,0.03047,0.46177,0.00684,0.05274,-0.00471,0.44688,0.06743,0.03644,0.06153,0.01746,0.30412,0.03501,0.02451,0.03389,0.24234,0.02829,0.32533,0.31582,0.47453,0.64522,0.62167,0.72159,0.59939,0.03057,0.57365,0.62786
0.03472,0.54383,0.00273,0.02834,0.00504,0.02359,0.03786,0.74798,0.02731,0.06391,0.03846,0.46233,0.01690,0.04056,0.03078,0.07468,0.29650,0.03367,0.04110,0.03722,0.53024,0.03376,0.35824,0.36607,0.37260,0.35700,0.31573,0.28045,0.47882,0.02763,0.35852,0.56432
0.02869,0.27843,0.03842,0.00568,-0.00248,0.01930,0.04253,0.30251,0.04435,0.03155,0.01612,0.60434,0.01990,0.05136,0.02177,0.04711,0.28762,0.01466,0.02989,0.05045,0.67880,-0.00120,0.40817,0.30462,0.61464,0.64063,0.39985,0.63304,0.27441,0.03978,0.65365,0.50304
0.01292,0.45323,0.06395,-0.00781,0.05282,0.02357,0.06359,0.45894,0.02045,0.05343,0.01063,0.44782,0.03355,-0.00434,0.01947,0.03572,0.42838,0.02309,0.02642,0.01712,0.32774,0.03924,0.64821,0.62198,0.40080,0.69962,0.59184,0.48960,0.76956,0.02869,0.72405,0.41742
0.06298,0.60509,0.02842,0.38705,0.07789,0.03053,0.05162,0.29639,0.03339,0.03642,0.04483,0.27550,0.05425,0.00717,0.02247,0.01016,0.63615,0.01010,-0.00054,0.04950,0.64481,0.07621,0.58574,0.36378,0.39650,0.45337,0.69601,0.71789,0.28596,0.03305,0.40468,0.72219
0.07410,0.68727,0.03978,0.63977,0.01185,0.07479,0.03398,0.66621,-0.03165,0.03540,0.01402,0.32498,0.04153,0.03824,0.02814,0.00095,0.73296,0.01068,0.01298,0.04636,0.53971,0.05548,0.72891,0.51362,0.62732,0.69389,0.71623,0.44206,0.56333,0.04889,0.29384,0.42980
0.00221,0.66654,0.03896,0.56528,-0.01224,0.02041,0.03626,0.51037,0.06516,-0.00448,0.00323,0.45780,0.03321,0.03915,0.03856,0.03299,0.61476,0.00935,0.03408,0.02606,0.58349,0.02084,0.68273,0.41402,0.38471,0.26883,0.24669,0.64586,0.34129,0.01424,0.61799,0.73713
0.02989,0.45198,0.02162,0.59814,0.04554,0.07034,0.02078,0.75966,0.04856,0.00315,0.03597,0.66039,0.02421,0.01833,0.05225,0.02938,0.62649,0.01521,0.02485,0.05109,0.72739,0.01814,0.75042,0.55721,0.66118,0.34554,0.67008,0.50189,0.35129,0.06045,0.74914,0.63941
0.03751,0.68742,0.04664,0.58582,0.04495,0.00250,0.02498,0.34431,0.05046,0.04956,0.06443,0.55584,0.01976,0.09146,0.06094,0.01641,0.56682,-0.01609,0.02766,0.05057,0.57272,0.03408,0.70219,0.68778,0.49163,0.56679,0.51169,0.52595,0.30425,0.04743,0.71109,0.56592
0.05399,0.36237,0.02097,0.64627,0.03980,0.06642,0.05582,0.65791,0.00554,0.06256,0.03280,0.44789,0.05986,0.05385,0.02194,0.04461,0.29079,-0.00500,0.00663,0.01505,0.49944,0.02264,0.46919,0.56428,0.60262,0.31325,0.42800,0.61648,0.48420,0.02427,0.55216,0.52601
0.03330,0.51193,-0.01012,0.29542,0.03238,0.03950,0.05997,0.48200,0.00834,0.07374,0.02616,0.55975,0.03083,0.04391,0.04359,0.08109,0.63456,0.00914,0.02186,0.04549,0.61788,0.04647,0.48809,0.50226,0.62639,0.53079,0.43707,0.49520,0.42636,0.03092,0.72361,0.46236
0.02352,0.67407,0.00044,0.60984,0.06098,0.05193,-0.00624,0.43639,-0.00087,-0.00262,0.03819,0.61074,0.03038,0.01316,0.03080,0.03871,0.43892,0.03034,0.02390,0.01447,0.38222,0.05549,0.46193,0.39795,0.72988,0.38837,0.41691,0.57486,0.47175,0.02593,0.36037,0.34992
0.03462,0.72934,-0.00672,0.57384,0.03564,0.02982,0.00965,0.70358,0.03262,0.01656,0.04063,0.36226,0.06045,0.03425,0.01530,0.02014,0.25179,0.06851,-0.00315,0.00053,0.45230,-0.00152,0.38778,0.47072,0.41242,0.55057,0.53817,0.60874,0.43435,0.04448,0.50592,0.48334
0.04253,0.58859,0.06500,0.45939,0.06344,0.03053,0.01206,0.39263,0.01841,0.02713,0.00260,0.42846,0.02607,0.02482,0.02734,0.01847,0.31723,0.03174,-0.00311,0.03815,0.60290,0.02058,0.70027,0.75151,0.56515,0.49317,0.39133,0.27590,0.67729,0.04537,0.70901,0.75293
0.02784,0.35836,0.06344,0.28988,0.02692,0.01642,0.02076,0.59459,0.04114,0.05498,0.03481,0.32799,0.04095,0.04059,0.02481,0.04407,0.27329,-0.00002,0.03137,0.03947,0.29381,0.04124,0.41309,0.38493,0.47984,0.35296,0.33557,0.64120,0.35095,0.04542,0.67007,0.48643
0.05455,0.61391,0.06441,0.33378,0.02475,0.02551,0.02934,0.67871,0.03931,0.02335,0.04294,0.58126,0.02401,0.04804,0.06258,-0.01822,0.40591,0.03620,0.00726,-0.00012,0.69680,0.03752,0.62505,0.42711,0.62609,0.51860,0.64155,0.55608,0.47665,0.01268,0.32033,0.51865
0.07381,0.74931,0.04320,0.24416,0.05024,0.03947,0.01027,0.65192,0.02777,0.02184,0.03337,0.56782,0.04475,0.01228,0.06020,0.01043,0.36304,0.01116,0.04649,0.02820,0.58340,0.02710,0.48351,0.60863,0.23797,0.73483,0.35660,0.27451,0.47742,0.02963,0.41476,0.33717
0.02611,0.49097,-0.00560,0.31833,0.00749,0.04267,0.01783,0.71355,0.02702,0.03387,0.00751,0.33576,0.03761,0.05869,0.05698,0.03730,0.53595,-0.00068,0.06450,0.06333,0.63657,0.03578,0.62259,0.44861,0.47948,0.44293,0.65830,0.69787,0.25843,0.03540,0.49183,0.27842
0.04397,0.64830,0.01271,0.69998,0.05652,0.04835,0.07168,0.66205,0.01775,0.06976,-0.00288,0.51209,0.04787,0.01435,0.05163,0.04300,0.27303,0.03492,0.07569,0.02054,0.73428,0.02227,0.50216,0.61685,0.71934,0.67271,0.62604,0.45774,0.31104,0.04540,0.59713,0.29192
0.01800,0.39899,-0.00159,0.29929,0.07823,0.01501,0.04664,0.67486,0.03771,0.01511,0.03900,0.32844,0.01673,0.02230,0.03154,0.00083,0.59474,0.01630,0.04277,-0.00409,0.44924,0.03270,0.41974,0.52825,0.35577,0.48126,0.29919,0.35344,0.63996,0.02139,0.48312,0.64352
0.05084,0.51817,0.05909,0.68054,0.04520,0.03036,0.02678,0.54376,0.08454,0.02745,0.04779,0.39367,0.04093,0.04211,0.00245,-0.00930,0.35572,0.02545,0.04847,0.01722,0.61760,0.02214,0.60838,0.21250,0.70671,0.57751,0.44801,0.52705,0.27315,0.00326,0.57357,0.59471
0.00971,0.48733,0.07075,0.49342,0.02508,0.00441,0.04791,0.77234,0.05129,0.04222,0.02771,0.34706,0.03316,0.02068,0.00120,0.02378,0.31875,0.05925,0.05549,0.02517,0.32100,0.01979,0.48951,0.52461,0.76832,0.56764,0.46876,0.53794,0.39694,0.01169,0.54050,0.27883
0.04198,0.63945,0.00233,0.48307,0.03215,0.04924,0.05459,0.65038,0.02935,0.05612,-0.00309,0.66000,0.04292,0.07801,0.03409,0.04393,0.38924,0.03595,0.00547,0.02731,0.67605,0.03233,0.34205,0.48623,0.56915,0.54377,0.50337,0.27443,0.43844,0.01803,0.74066,0.23047
0.00773,0.60103,-0.00668,0.52613,0.08657,0.03142,-0.00813,0.33363,-0.00915,0.03480,0.00654,0.47993,0.04659,0.03039,0.02411,0.01422,0.58741,0.03706,0.03676,0.03578,0.31085,0.02617,0.60718,0.70738,0.64734,0.28133,0.32263,0.69527,0.53465,0.03336,0.48334,0.38297
0.02642,0.57973,0.03026,0.50126,0.01030,0.05160,0.00257,0.39757,0.02441,0.00878,0.04076,0.34751,0.03926,0.05169,0.07282,0.03823,0.62281,0.00181,-0.00811,0.04205,0.55527,0.04084,0.50361,0.41900,0.39897,0.31283,0.53193,0.45158,0.59857,0.06318,0.40818,0.28945
0.06207,0.28617,0.04247,0.41563,0.03178,-0.00272,-0.00349,0.63094,0.06387,0.05171,0.01444,0.56995,0.01044,0.06283,0.00034,0.02348,0.31408,0.04679,0.03752,0.07125,0.73525,0.03168,0.53755,0.32361,0.62467,0.25768,0.64762,0.28824,0.32469,0.03057,0.60939,0.47693
0.02994,0.53157,-0.00210,0.40665,0.00848,0.02898,0.04537,0.57547,0.01187,0.03963,-0.00464,0.54539,0.04589,0.03005,0.03992,-0.01125,0.49458,0.02470,0.03560,0.08230,0.32480,0.00338,0.52112,0.39051,0.42048,0.38560,0.64974,0.59474,0.51768,0.05105,0.67569,0.59360
-0.02241,0.61493,0.05083,0.47408,0.02927,0.01469,0.05994,0.36817,0.00326,-0.00493,0.03522,0.54191,0.06848,0.02952,0.04247,0.01684,0.66721,0.02782,0.01323,-0.00690,0.50187,-0.02046,0.29251,0.55429,0.51239,0.58223,0.72900,0.58340,0.69772,0.01868,0.64199,0.44405
0.04874,0.50782,0.02375,0.65614,-0.00894,0.03667,0.02873,0.55024,0.01899,0.03377,0.02013,0.28168,0.00542,0.03657,0.01367,0.00480,0.61849,0.03277,0.05138,-0.00108,0.25206,0.06030,0.60936,0.42895,0.60398,0.41677,0.45801,0.59098,0.48381,0.00609,0.34806,0.54213
0.08548,0.66235,-0.00551,0.51227,-0.00082,0.00739,0.00939,0.42438,0.05464,0.03663,0.04571,0.50687,0.00018,0.04258,0.00130,0.04242,0.26669,0.02204,0.02610,0.04369,0.46529,0.04703,0.50784,0.34339,0.53632,0.41400,0.43361,0.26079,0.57432,0.04127,0.26716,0.47741
0.03373,0.56635,0.01180,0.54660,0.04530,-0.01169,0.05472,0.38658,0.07214,0.01413,0.04811,0.50311,0.03304,0.05578,0.00143,0.06445,0.62012,0.00134,0.05707,0.04611,0.74610,0.04617,0.76505,0.62549,0.68444,0.60162,0.26292,0.51480,0.53276,0.04072,0.47076,0.31012
-0.00593,0.49383,0.06626,0.57028,0.07105,0.05280,0.07672,0.30543,0.02933,0.03165,0.01399,0.36430,0.06276,0.01980,0.02333,0.03831,0.31184,0.04634,0.03659,0.04534,0.44298,-0.00329,0.25224,0.30239,0.58767,0.54826,0.45499,0.47032,0.66204,0.02795,0.35589,0.50525
0.03416,0.39552,0.03324,0.44860,0.02132,0.01504,-0.00126,0.37026,0.04119,0.05212,0.03059,0.26297,0.03554,0.02736,0.04457,0.04048,0.72677,0.02753,0.04196,0.02398,0.43218,-0.03382,0.47421,0.62058,0.25603,0.30813,0.51602,0.50861,0.67916,0.00121,0.27026,0.69542
0.03675,0.71397,0.03639,0.76372,0.04462,0.02296,0.05361,0.62473,0.03361,-0.02150,0.01722,0.41834,-0.00715,0.00168,0.06682,0.01992,0.41844,-0.00280,0.01027,0.01131,0.56540,0.04979,0.50486,0.66982,0.66263,0.32499,0.73280,0.50333,0.31518,0.03443,0.32906,0.70418
0.02624,0.42886,0.03167,0.54457,0.00645,0.04415,0.03966,0.47254,0.06469,0.01019,0.06158,0.47408,0.08897,0.01019,0.00598,0.05632,0.48817,0.04261,0.06918,0.02935,0.32558,-0.00148,0.34203,0.53302,0.49878,0.31724,0.33730,0.50631,0.39928,0.04454,0.29948,0.52439
0.04520,0.70408,0.01869,0.29402,0.00053,0.02195,0.02429,0.31406,-0.01077,0.03570,0.05226,0.65612,0.05313,0.01565,0.01184,-0.00749,0.52736,0.01916,0.03566,0.00533,0.53982,0.05313,0.44910,0.71801,0.66144,0.37227,0.41531,0.67208,0.70599,0.01960,0.34053,0.74824
0.05153,0.43267,0.01681,0.37303,0.03301,-0.02697,0.04997,0.68832,0.00382,0.03559,0.04469,0.72502,0.03315,0.06254,0.03059,0.02131,0.30600,0.06810,0.03256,-0.00621,0.52904,0.01649,0.55385,0.27244,0.71094,0.51943,0.28367,0.33564,0.38801,0.00594,0.41930,0.74358
0.01226,0.30868,0.06226,0.40824,0.01316,-0.00966,0.05678,0.25602,0.04265,0.00977,0.03208,0.46921,0.03779,0.04378,0.06026,0.04330,0.34827,0.03598,0.02608,0.02696,0.57519,0.05078,0.46874,0.37652,0.69175,0.59902,0.39785,0.35024,0.35212,0.06158,0.66456,0.29811
0.03249,0.50164,0.02778,0.60631,0.03844,0.04353,0.00715,0.33568,0.04464,-0.01446,0.04791,0.73757,0.04818,0.00108,0.01914,0.00040,0.36480,0.02848,0.06737,0.02772,0.67470,0.05694,0.65119,0.54716,0.48370,0.31677,0.48214,0.40058,0.32647,0.07914,0.39646,0.63898
0.03192,0.30135,0.02479,0.62538,0.00941,0.04064,0.03547,0.37795,0.04050,0.02712,0.03827,0.53942,0.05863,0.02248,0.00617,-0.00164,0.69312,0.00074,0.03119,0.02126,0.45514,0.03754,0.67093,0.32994,0.67815,0.41660,0.66657,0.34599,0.43839,0.06146,0.27419,0.29244
0.05061,0.72955,0.04971,0.31437,0.04156,0.01773,0.03009,0.72775,0.04112,0.00744,0.00596,0.51400,0.01706,0.02150,0.00461,0.02834,0.65849,0.02232,0.06013,0.02544,0.59005,0.01616,0.41251,0.31231,0.33987,0.52049,0.64787,0.53547,0.60066,-0.00566,0.28567,0.61429
0.03795,0.26057,0.05690,0.75574,0.04325,0.02276,0.04781,0.49404,0.02446,0.03903,-0.00645,0.71923,0.02273,0.01119,0.02405,0.05488,0.52916,0.03776,0.02702,0.03102,0.75154,0.05849,0.29617,0.63057,0.53461,0.57047,0.26947,0.39950,0.46294,0.02652,0.68527,0.71371
0.00502,0.69873,0.05067,0.23445,0.04668,0.06301,0.02338,0.66894,0.03778,0.01047,0.05106,0.37465,0.02655,0.01501,0.04045,0.01225,0.65118,0.03260,0.04655,0.03579,0.63492,0.01759,0.60738,0.74753,0.68400,0.32186,0.43052,0.35079,0.49551,0.09320,0.64205,0.71885
0.02497,0.64036,0.06168,0.30434,-0.00778,0.02069,0.03499,0.27586,0.04797,0.06661,0.04634,0.34295,0.04654,0.05695,0.07146,0.02569,0.49317,0.04286,0.02659,0.06479,0.44229,-0.00209,0.74783,0.58842,0.34119,0.36557,0.26647,0.68054,0.65256,0.02841,0.36501,0.42408
0.01880,0.75572,0.05125,0.42230,0.00321,0.02291,0.02482,0.49861,0.02394,0.01343,0.05661,0.45460,0.00800,0.02236,0.05071,0.00373,0.60126,0.04551,0.00705,0.03902,0.60349,-0.01126,0.44751,0.67100,0.61008,0.62533,0.71017,0.49921,0.39172,0.03541,0.37974,0.51015
0.02326,0.37737,0.05574,0.27833,0.02881,0.01852,-0.00987,0.49965,0.03277,0.04787,0.04640,0.68843,0.02641,0.01432,0.05346,0.04582,0.34312,0.01073,0.01919,0.03036,0.35460,0.04510,0.36146,0.25494,0.29652,0.56075,0.57073,0.41457,0.58491,0.05414,0.53800,0.67566
0.06971,0.27306,0.00999,0.70572,0.05104,0.01497,0.02703,0.69745,0.02790,0.04892,0.01592,0.76075,0.05665,0.03236,0.03794,-0.00090,0.66991,0.02628,0.02031,0.01980,0.29483,-0.02888,0.55672,0.33100,0.44019,0.74258,0.52226,0.46968,0.44571,0.03113,0.66542,0.73306
0.02956,0.57630,0.01166,0.49967,0.05725,0.04539,0.03999,0.26885,0.01326,0.03468,0.03037,0.62905,0.05013,-0.00596,0.03731,0.03532,0.27395,0.06774,0.02140,0.02224,0.46400,0.05140,0.62267,0.35150,0.69507,0.43223,0.62040,0.44381,0.47799,0.02726,0.36607,0.37881
0.03161,0.31539,0.05261,0.42454,0.00944,0.01180,0.04799,0.26278,0.07395,0.04985,0.04979,0.54232,0.05455,0.03996,0.00387,0.02819,0.34641,0.02194,0.02464,0.02204,0.42999,0.01818,0.46057,0.49744,0.32705,0.70553,0.37465,0.53133,0.70880,0.05149,0.61687,0.46089
0.06366,0.33347,0.02178,0.68402,0.03443,0.04602,0.04767,0.39448,0.02106,0.02169,0.02110,0.54697,0.04755,0.00815,0.04809,0.03407,0.68504,0.03863,0.03526,0.06039,0.72273,0.01124,0.72646,0.51999,0.44066,0.32107,0.35567,0.55694,0.51762,0.04845,0.26152,0.60953
0.03733,0.45773,0.03709,0.48335,-0.01196,0.01079,0.03104,0.63390,-0.00458,0.01776,0.04092,0.37322,0.06151,-0.00573,0.03832,0.03078,0.42595,0.00090,0.05754,0.02947,0.72045,0.02892,0.65135,0.27569,0.72688,0.37229,0.36969,0.63208,0.54150,0.02337,0.48509,0.39621
0.01890,0.76337,0.02839,0.67496,0.04883,0.01895,0.04927,0.44249,0.01315,0.01662,0.05180,0.45506,0.06476,0.05796,0.01382,0.02749,0.47957,0.02456,0.05660,0.02056,0.31245,0.00769,0.53790,0.39792,0.30858,0.65265,0.59772,0.38776,0.50205,0.03718,0.40938,0.33042
0.03605,0.71077,0.03504,0.33263,0.04831,0.01435,0.03203,0.67684,0.02115,0.05034,0.01272,0.30558,0.01198,0.04844,0.05694,0.01343,0.34048,0.05356,0.02691,0.05497,0.27483,0.02570,0.64719,0.42176,0.31531,0.30323,0.68981,0.34368,0.68775,0.03564,0.60532,0.63829
-0.00893,0.20598,0.00703,0.69272,0.04106,0.02243,0.01179,0.28207,0.02664,0.02409,0.00755,0.68073,0.03270,0.01205,0.02778,0.02644,0.43039,0.04620,0.05995,-0.00957,0.42751,0.03278,0.33255,0.72034,0.26121,0.25876,0.40914,0.26377,0.23643,0.03329,0.69563,0.41894
0.01347,0.41170,0.02549,0.71168,0.02760,0.01394,0.00176,0.36650,0.00868,-0.00769,0.01442,0.27028,0.04819,0.03893,0.06506,0.02310,0.56005,0.01266,0.03467,0.06839,0.67577,0.02768,0.44501,0.63268,0.61284,0.47337,0.44902,0.72976,0.44086,0.02817,0.33360,0.25221
0.00287,0.61969,0.00524,0.28347,0.02947,0.02365,-0.00728,0.67410,0.02850,0.06645,0.01039,0.58489,0.02051,0.01592,0.00432,-0.01157,0.63722,0.04579,0.00632,0.01638,0.36745,0.02523,0.58339,0.56588,0.76557,0.74669,0.42832,0.25786,0.39545,0.00043,0.25420,0.56706
0.03841,0.37970,0.07325,0.43123,0.04161,0.02247,0.02800,0.56381,0.06825,0.03299,0.03049,0.56538,0.04175,0.03246,0.00217,0.03084,0.73371,0.04006,0.06394,0.02808,0.57793,0.04378,0.64239,0.55394,0.32402,0.68560,0.32697,0.50673,0.70627,0.01799,0.34954,0.56680
0.03937,0.63370,0.05254,0.24993,-0.00687,0.02390,0.01782,0.37038,-0.00306,0.02757,-0.01596,0.65440,0.00050,0.01893,0.01845,0.03648,0.45435,0.01763,0.00828,-0.01315,0.36559,0.01600,0.55872,0.68165,0.50482,0.61835,0.38222,0.37421,0.56444,0.03013,0.33983,0.45679
0.04046,0.57491,0.03979,0.34642,0.02636,0.04177,0.01623,0.63996,0.05377,0.04084,0.01963,0.51633,-0.00383,0.07071,0.07040,-0.00355,0.67734,0.02486,0.01408,0.03754,0.38339,0.02496,0.73104,0.45718,0.49024,0.40155,0.56080,0.55264,0.52779,0.02006,0.33208,0.55722
0.03699,0.57770,0.00860,0.48072,0.03214,0.03553,0.06988,0.71995,0.05983,0.06970,0.03024,0.62160,0.05042,0.01530,0.02403,0.04640,0.46216,0.04505,0.05082,0.03010,0.66757,0.03839,0.34556,0.73714,0.49313,0.40261,0.30553,0.71088,0.29879,-0.00521,0.64458,0.64707
0.03807,0.33327,0.02893,0.53288,0.00307,0.00012,0.00489,0.65923,0.04537,0.07282,0.03408,0.72510,0.04640,0.02945,0.00115,0.01797,0.56301,-0.00369,0.00610,0.05802,0.74594,-0.00008,0.28615,0.51549,0.71491,0.38796,0.69819,0.30676,0.46333,-0.00455,0.65695,0.62108
0.05557,0.72033,0.03840,0.37097,0.02728,0.05208,0.05049,0.49981,0.08900,0.05263,0.04421,0.59511,0.05488,0.04801,0.03380,0.01653,0.49357,0.02951,0.00228,0.08766,0.47403,0.02305,0.41822,0.47542,0.32333,0.76947,0.68437,0.38961,0.61138,0.01179,0.72386,0.70124
0.00046,0.28529,0.02209,0.45471,0.07984,0.04021,0.04406,0.62116,0.04311,0.02360,0.01732,0.55730,-0.00018,-0.02266,0.02341,0.01644,0.37443,0.02154,0.05370,0.02636,0.60261,0.00991,0.34058,0.35034,0.44536,0.58530,0.22567,0.51816,0.47635,0.02686,0.23706,0.33425
0.01052,0.72400,0.01527,0.32395,0.02377,0.05080,0.03812,0.45406,0.01671,0.01613,0.03269,0.61236,-0.01922,0.03852,0.01194,0.02694,0.31607,0.00237,0.04976,0.01493,0.69024,0.03374,0.41472,0.29147,0.32114,0.31725,0.53326,0.48696,0.60311,0.02354,0.54798,0.48914
0.01913,0.59694,0.06685,0.70445,0.07523,-0.00342,0.02943,0.69354,0.02875,0.00164,0.06203,0.25014,0.02758,0.06345,0.00696,0.06054,0.44111,0.00199,0.00908,0.01402,0.42955,0.04979,0.46608,0.47217,0.28536,0.70240,0.28334,0.24232,0.55128,0.05985,0.55312,0.61988
0.04088,0.56260,0.01231,0.44839,-0.00029,0.02741,0.01076,0.43585,0.01207,-0.00176,0.02265,0.52637,0.00796,0.07733,0.04414,0.05072,0.72810,0.04095,0.03299,0.03438,0.59390,0.01509,0.38487,0.60573,0.41568,0.57090,0.60669,0.51634,0.40484,0.04580,0.46849,0.36925
0.01182,0.68726,-0.02013,0.27936,0.02312,0.02326,0.00642,0.26164,0.01605,-0.00793,0.04735,0.43510,0.03793,0.02665,0.01778,0.04604,0.36948,-0.01399,0.05592,0.05677,0.73721,0.03804,0.31902,0.56818,0.49444,0.72300,0.73009,0.34075,0.43412,0.00406,0.39890,0.57551
0.02655,0.59265,0.02234,0.63677,-0.00263,0.03652,0.05099,0.53291,0.00297,0.00937,0.03327,0.52394,0.03178,0.02154,0.03943,0.04659,0.69591,0.06998,0.06066,0.01999,0.55152,0.04029,0.37914,0.60565,0.68015,0.36410,0.32763,0.73886,0.27195,0.02931,0.50442,0.41177
0.01547,0.67981,0.00689,0.39467,0.03437,-0.00675,0.04527,0.45718,0.02604,0.03445,0.05652,0.64520,0.04718,0.04950,0.00346,0.01777,0.48264,0.04603,0.02276,-0.01466,0.47838,0.00181,0.67690,0.27673,0.46619,0.34068,0.49228,0.31899,0.63954,-0.00339,0.28954,0.57819
0.00781,0.50881,0.01094,0.72226,0.02958,0.04533,-0.00753,0.60153,0.04655,-0.00277,0.04206,0.30602,0.02930,0.06110,0.00740,0.03062,0.62077,0.01014,0.05101,-0.00529,0.54362,0.01236,0.55322,0.69931,0.55286,0.64881,0.62467,0.32132,0.32557,-0.00473,0.29522,0.69124
0.01387,0.68123,0.01381,0.40912,0.01155,0.01644,0.07796,0.31558,0.00014,0.02907,0.03156,0.75017,0.00205,0.04345,0.04955,0.00252,0.71960,0.05012,0.06183,0.05457,0.39021,0.04005,0.75365,0.56826,0.42361,0.56863,0.52911,0.25065,0.55939,0.03078,0.53748,0.57661
0.05009,0.70981,0.01166,0.67589,0.03194,0.01230,0.03332,0.71072,0.02879,0.00462,0.07342,0.38971,0.02285,0.03611,0.04335,0.03640,0.25820,0.03591,0.01697,0.03344,0.41266,0.03428,0.35788,0.35500,0.61573,0.38609,0.32962,0.50368,0.70978,0.03822,0.68550,0.57879
0.04837,0.26749,0.03947,0.69347,0.01991,0.04545,0.05122,0.52559,-0.01558,0.01177,0.01984,0.63236,0.04429,0.00921,0.05168,0.00600,0.66438,0.03292,0.00911,0.02557,0.42195,0.04116,0.43274,0.48899,0.72078,0.55917,0.36136,0.42229,0.66462,0.02867,0.47966,0.40929
0.03669,0.36102,0.04070,0.61703,0.01768,0.05322,0.01854,0.30353,0.02583,0.01155,-0.00973,0.27510,0.00329,0.02124,0.03062,0.01344,0.50475,-0.01312,0.05591,0.01718,0.37759,0.02935,0.38073,0.61459,0.40002,0.61882,0.31281,0.72508,0.36754,0.01842,0.45308,0.60291
0.02621,0.72335,0.05756,0.46328,0.02688,0.03726,0.01659,0.57605,0.05348,0.02264,0.01679,0.47295,0.00220,0.04399,0.04567,0.06207,0.28095,-0.00349,0.06181,0.01115,0.46195,0.01700,0.71498,0.27012,0.63028,0.35956,0.55338,0.51944,0.58343,0.02673,0.50269,0.50290
-0.00003,0.73442,0.02941,0.65470,0.01926,0.05119,0.06334,0.55386,0.04261,0.05725,0.05272,0.53749,0.02964,0.04879,0.04599,0.06005,0.48935,0.05691,0.05457,0.06156,0.51131,0.02777,0.74264,0.47963,0.30479,0.52876,0.43245,0.37845,0.58293,0.00162,0.54784,0.60867
-0.00585,0.55837,0.04909,0.70910,0.00748,0.05625,0.02607,0.63592,0.04144,0.01858,0.01968,0.43895,0.02419,0.05317,0.01874,0.00124,0.60431,0.03197,0.04381,0.07604,0.39782,0.04327,0.30946,0.58582,0.43063,0.75140,0.29302,0.70281,0.52184,0.03666,0.66847,0.28340
0.04752,0.70571,0.01888,0.40044,0.02941,0.03493,0.05355,0.65909,0.04653,0.01472,0.01312,0.51204,0.04756,0.02958,0.02279,0.03092,0.57706,0.01783,0.04591,0.00262,0.55419,0.05620,0.53947,0.31159,0.37062,0.63933,0.26573,0.54565,0.54282,0.02478,0.34856,0.50450
0.02718,0.63066,0.00432,0.70274,0.02697,-0.01196,0.01081,0.73062,0.06810,0.04087,0.00236,0.65772,0.02193,0.00679,0.02720,0.02613,0.66532,0.05061,0.04253,0.03593,0.28824,0.06151,0.73617,0.32100,0.69582,0.58509,0.52557,0.64396,0.32432,0.01543,0.31013,0.39629
0.11254,0.62395,0.03609,0.74683,0.02513,0.02690,0.04125,0.29627,0.04749,0.04845,0.00506,0.62916,0.03597,0.00403,0.03075,0.04329,0.27115,0.05363,0.01020,0.04473,0.71402,0.06746,0.28774,0.32960,0.32727,0.41396,0.68206,0.43610,0.54827,0.04620,0.46459,0.37442
0.02465,0.68506,0.01554,0.66957,0.05452,0.03369,0.07720,0.70585,0.00086,0.01343,0.04242,0.48520,0.02382,0.04102,0.02576,0.02726,0.40164,0.00782,0.02720,0.00881,0.54187,0.04786,0.27161,0.37348,0.48957,0.35068,0.60710,0.25764,0.56106,0.00598,0.36065,0.28690
0.00138,0.56806,0.07900,0.29213,0.05732,0.04231,0.01894,0.49407,-0.00160,-0.00758,0.05369,0.34589,0.08218,0.04127,0.04248,0.02094,0.29767,0.01963,0.07545,0.00002,0.41913,0.02663,0.29904,0.44986,0.26222,0.63339,0.58992,0.45774,0.70542,0.05080,0.32145,0.74978
0.03243,0.58092,-0.00457,0.31807,0.03025,0.01322,0.03710,0.37892,0.01975,0.03270,0.06154,0.32310,0.03600,0.06514,0.03545,0.04216,0.40835,0.00199,0.01309,0.05175,0.38288,0.00016,0.40800,0.59346,0.57255,0.56988,0.51624,0.47711,0.33751,0.04448,0.30103,0.46932
0.03401,0.61908,0.04599,0.71562,0.01516,0.00983,0.02692,0.35580,0.03669,0.03019,0.08139,0.43260,0.02753,0.01609,0.02960,0.01840,0.65323,0.01806,0.03254,0.07968,0.45428,0.01283,0.49966,0.59086,0.74851,0.51349,0.35592,0.44035,0.50309,0.03503,0.26740,0.49968
-0.00417,0.56324,0.03953,0.25345,0.03703,0.00699,0.03724,0.33385,0.03311,0.03998,0.01280,0.34853,0.04886,0.03132,0.00246,0.03922,0.54866,0.05721,0.07367,0.01970,0.35222,-0.00647,0.31809,0.59454,0.73243,0.58656,0.38524,0.37061,0.33419,0.07619,0.54675,0.44592
0.00262,0.74569,-0.00125,0.41739,-0.00321,0.03544,-0.00048,0.38419,0.02068,0.04064,-0.00202,0.29166,0.02193,-0.00223,0.03314,0.01358,0.38297,0.05751,0.03251,0.02428,0.52167,0.03550,0.64547,0.75965,0.66853,0.28752,0.36652,0.25263,0.37637,0.01268,0.65235,0.70457
0.02956,0.52490,0.06901,0.41574,0.08197,0.05193,0.03332,0.73855,0.03601,0.08548,0.02326,0.29157,0.03093,0.03256,0.07590,0.06450,0.31709,0.00802,0.06392,0.03570,0.50088,0.04648,0.52733,0.29423,0.34240,0.23562,0.69958,0.28944,0.31263,0.05881,0.41458,0.61604
-0.00309,0.45512,0.01362,0.46531,0.03563,0.05256,0.01492,0.30572,0.06348,0.04181,0.03320,0.70358,0.02082,0.06635,-0.00095,0.02268,0.43154,0.03380,0.00507,0.06008,0.41569,0.03087,0.51011,0.43975,0.51690,0.49743,0.68057,0.51557,0.69495,-0.01661,0.33399,0.41850
0.06994,0.33744,-0.01578,0.67459,0.01503,0.01319,0.02837,0.41457,0.03875,0.01871,0.03592,0.36466,0.07709,0.03146,0.03259,0.02222,0.56602,0.05360,-0.00855,-0.00066,0.52178,-0.01355,0.30740,0.49414,0.32453,0.42550,0.65400,0.53836,0.32515,0.02544,0.50184,0.41076
0.02897,0.38358,0.01630,0.53687,-0.00589,0.06112,0.04027,0.68052,0.05617,0.09242,0.05749,0.57071,0.08871,0.02589,0.05156,0.02230,0.72209,0.00921,-0.01898,0.00589,0.36845,0.00591,0.40598,0.71194,0.31570,0.26407,0.57188,0.67469,0.40175,0.00908,0.26708,0.55353
0.01889,0.75876,0.03067,0.74334,0.02042,0.01433,0.00454,0.58214,0.03538,0.02930,0.06945,0.52944,0.07388,0.01493,0.02704,-0.00158,0.53476,-0.00469,0.00805,0.00250,0.30710,-0.00024,0.30046,0.48523,0.36751,0.67759,0.28247,0.31632,0.35744,0.02614,0.53490,0.27111
0.00342,0.55955,0.04395,0.38703,-0.00561,0.02500,0.05755,0.34303,0.04737,0.01683,0.02315,0.60635,0.02082,0.02529,0.04620,0.03999,0.43510,0.01419,0.02202,0.01233,0.31815,0.04226,0.38274,0.61587,0.40149,0.30416,0.57967,0.43826,0.31028,0.03792,0.47146,0.53281
0.04187,0.33826,0.03070,0.46607,0.03644,-0.01732,0.03137,0.57032,0.03123,0.02152,0.01561,0.36182,0.02000,0.01190,0.03948,0.01731,0.45600,0.02673,0.04092,0.05666,0.49259,0.03360,0.32598,0.29074,0.33370,0.59267,0.36639,0.43541,0.72322,0.06242,0.57235,0.38429
0.03044,0.26387,0.05024,0.47757,0.03474,0.02324,0.01984,0.43401,0.05080,0.04904,-0.01237,0.68096,0.05596,0.02419,0.03949,0.03360,0.68917,0.04360,0.04637,0.04070,0.51718,0.04098,0.28505,0.31253,0.44542,0.24866,0.54368,0.42058,0.32509,0.05306,0.55270,0.66411
0.02535,0.48046,0.05654,0.33436,0.02915,0.03805,0.00596,0.57230,0.04063,0.01609,0.04004,0.43724,0.01520,0.03311,-0.03240,0.04329,0.29438,0.02420,-0.01005,0.00758,0.34941,0.01709,0.41266,0.62528,0.31686,0.47282,0.71187,0.40608,0.58953,0.02931,0.46533,0.48420
0.03192,0.61033,0.04878,0.46845,0.01309,0.04481,0.02254,0.22446,0.02860,0.02905,0.00267,0.50959,0.05350,0.04015,0.04292,0.04307,0.48421,0.01626,-0.01666,0.03532,0.69387,0.02647,0.42042,0.67903,0.34690,0.48053,0.55418,0.56305,0.65889,0.04590,0.57162,0.44607
0.03343,0.50770,0.00663,0.27695,0.00813,0.00063,0.02027,0.63724,0.04398,0.04503,0.02047,0.43047,0.05011,0.03488,0.05547,0.01075,0.47064,0.01935,0.06035,0.07049,0.69115,0.00637,0.37258,0.74225,0.53098,0.49351,0.47186,0.64301,0.35787,0.02362,0.59190,0.41700
0.03082,0.69689,0.06105,0.24309,0.05863,0.02840,0.02409,0.55250,0.05935,0.03575,-0.00754,0.21599,0.00845,0.04662,0.00853,0.03040,0.29006,0.02101,0.00954,-0.00866,0.39245,0.02991,0.24682,0.44362,0.60008,0.55589,0.28758,0.40383,0.39662,0.03326,0.27729,0.39756
0.05300,0.49984,0.06133,0.29342,0.04899,-0.00118,0.02324,0.32506,0.02731,0.03420,0.05065,0.45832,-0.01619,0.01035,0.02353,0.01074,0.36691,0.05278,0.01329,0.06946,0.32935,0.05216,0.45040,0.43902,0.43338,0.59311,0.61897,0.44301,0.61577,0.06026,0.44671,0.52784
0.00055,0.56377,0.03495,0.22144,0.03232,0.04962,0.02089,0.50889,0.03418,0.03372,0.05344,0.69399,0.02320,0.03119,0.02639,0.04513,0.49680,0.03270,0.01838,-0.00438,0.70994,-0.00177,0.52747,0.28434,0.67842,0.31405,0.59029,0.31230,0.66015,0.02563,0.30141,0.36125
0.01030,0.67357,0.02687,0.69824,0.01446,0.04508,0.04911,0.67507,0.01563,0.01503,0.00478,0.46507,0.02087,0.06291,0.03438,0.02795,0.24370,0.00720,0.03757,0.04594,0.56813,0.05991,0.74434,0.57447,0.63120,0.28459,0.25267,0.35024,0.29261,0.04952,0.32209,0.61284
0.04638,0.71801,0.03263,0.45165,0.02583,0.01119,0.00969,0.68623,0.01115,0.05804,0.04708,0.28723,0.02350,0.02410,0.04114,0.01300,0.58497,-0.00184,0.02593,0.03871,0.51627,0.05010,0.30600,0.51737,0.41495,0.71658,0.50003,0.65647,0.59178,-0.01353,0.46177,0.62837
0.02739,0.55391,0.02801,0.69945,0.00829,0.01500,0.04056,0.71315,0.05687,0.02584,0.04096,0.70660,0.02309,0.04116,0.05248,0.02714,0.28828,0.01664,-0.03970,0.01242,0.59627,0.05920,0.56303,0.58822,0.39281,0.55220,0.48771,0.46507,0.50194,0.02061,0.33866,0.53151
0.05914,0.39818,0.02377,0.46444,-0.00318,0.04324,0.04529,0.42435,0.03966,0.05614,-0.00118,0.57126,0.03082,0.04235,0.04442,0.01669,0.39891,0.02541,0.01311,0.00936,0.50544,0.01164,0.70223,0.67267,0.37745,0.50354,0.57704,0.58406,0.69194,0.03110,0.34735,0.48518
0.02936,0.59682,0.01560,0.44095,0.05183,0.05631,0.02358,0.19932,-0.00770,0.01371,0.00575,0.51513,0.00757,0.05429,0.01159,0.02780,0.71268,0.03922,0.05802,0.03221,0.32341,0.02304,0.49677,0.29798,0.75483,0.39497,0.28840,0.30540,0.73290,0.04028,0.46118,0.35043
0.01949,0.71183,0.04605,0.46961,0.01689,0.02288,0.04402,0.34766,0.05591,0.04935,0.01197,0.76024,0.01561,0.03047,0.03200,0.00483,0.29125,0.03425,0.04268,0.00715,0.31715,0.03883,0.62529,0.56094,0.39691,0.57427,0.74129,0.67524,0.60703,-0.00763,0.74159,0.44936
0.03193,0.44037,0.04669,0.38357,0.04667,0.03454,0.00365,0.52910,0.01495,0.05329,0.03595,0.41155,0.04359,0.07258,0.02076,0.03259,0.47900,0.03200,0.04687,0.07208,0.48449,0.02994,0.55584,0.60964,0.62491,0.65560,0.37801,0.51971,0.53563,0.04682,0.63599,0.26281
0.05699,0.38704,0.02863,0.47639,0.05271,0.02111,0.02489,0.68677,0.06332,0.06607,0.06022,0.72080,0.01069,0.02582,0.03470,0.01572,0.31568,0.04291,0.02591,0.04794,0.42991,0.02166,0.37034,0.33894,0.32241,0.63133,0.35349,0.26957,0.30664,0.00140,0.67408,0.48780
-0.01342,0.42800,0.01571,0.26712,0.02808,0.04934,0.01236,0.42774,0.07310,0.03452,0.01851,0.28022,0.05123,0.01720,0.04181,0.03754,0.64089,0.05003,0.03418,0.04710,0.75426,0.03111,0.51884,0.62397,0.62465,0.28536,0.64181,0.31204,0.72663,-0.00109,0.58496,0.30138
0.04208,0.40271,0.02953,0.62908,0.04132,0.02967,0.02410,0.65448,0.03648,0.00186,0.08580,0.34172,0.05000,0.00995,0.03711,0.06021,0.57476,0.02052,0.02397,0.05193,0.33679,0.04680,0.34408,0.47689,0.47757,0.60466,0.41260,0.38187,0.66658,0.03022,0.38868,0.69472
0.04581,0.33530,0.03444,0.57228,-0.00078,0.03501,0.02501,0.70372,0.05966,-0.01948,0.03599,0.60627,0.03984,0.02967,0.04840,0.04475,0.54929,0.02959,0.03054,0.00612,0.29663,0.01313,0.55645,0.58149,0.60525,0.38661,0.46836,0.25681,0.61204,0.04760,0.46549,0.59518
0.02046,0.55277,0.01087,0.37477,0.03459,0.06354,-0.00447,0.60642,0.05254,0.03259,0.02997,0.28543,0.01217,0.01692,0.01647,0.01315,0.45157,0.02965,-0.00659,0.02030,0.39281,0.02588,0.63756,0.49124,0.60260,0.65978,0.34156,0.28113,0.70432,0.02840,0.25616,0.37633
0.02347,0.26226,0.01749,0.67203,0.06289,0.01656,-0.00048,0.67388,0.04437,0.00544,0.02068,0.30357,0.03904,0.01106,0.02298,0.05214,0.30649,0.05079,0.01050,0.02886,0.46909,0.02854,0.49100,0.46843,0.53360,0.45714,0.68372,0.34943,0.25371,0.02827,0.53588,0.37498
0.05032,0.60317,0.04401,0.42392,0.01125,0.04549,0.03376,0.41191,0.05530,0.04799,0.04921,0.46379,0.02781,0.07153,0.04915,0.06653,0.26358,0.04850,-0.00400,0.01897,0.32524,0.01094,0.24184,0.54575,0.55865,0.67979,0.62155,0.72019,0.62673,-0.02846,0.56507,0.41567
0.06184,0.29214,0.02693,0.26679,0.03664,0.03782,0.05516,0.47635,0.05268,0.01519,0.02876,0.57521,0.03453,0.01105,0.02331,0.06068,0.29975,0.05236,0.01158,0.07727,0.72371,0.05732,0.55535,0.76236,0.43809,0.59368,0.72328,0.35196,0.74932,0.04135,0.72807,0.67285
0.03754,0.53900,0.04213,0.54695,0.02498,0.02892,0.01140,0.24325,0.06020,0.00844,0.03167,0.44193,0.04124,0.04825,0.03660,-0.00136,0.31445,0.02660,0.03020,0.04587,0.39978,0.02521,0.32122,0.52103,0.42129,0.73234,0.66280,0.56986,0.64560,0.03943,0.60706,0.69837
0.04568,0.64842,-0.00943,0.39201,0.07136,0.05780,0.04287,0.48381,0.05432,0.03007,0.03162,0.60118,0.01284,0.01599,0.03550,-0.00054,0.27031,0.05521,0.01834,0.00466,0.55439,0.05928,0.53786,0.67486,0.51214,0.71351,0.29343,0.68058,0.57373,0.04868,0.45729,0.44401
0.04267,0.73701,0.04923,0.48030,0.00488,0.02571,0.03030,0.56699,0.02985,-0.03015,0.06132,0.33850,0.00176,0.04377,0.00551,0.05761,0.51191,0.00919,0.06387,0.01602,0.57894,0.01320,0.65431,0.54804,0.44446,0.32958,0.55501,0.73723,0.45413,0.05951,0.28846,0.51999
0.05413,0.39645,0.06533,0.77360,0.01853,0.02303,0.06482,0.65978,0.02193,0.05218,-0.03318,0.23905,0.04471,0.04605,0.05183,0.01205,0.32563,0.03842,0.03820,0.04374,0.65195,0.06815,0.65009,0.37352,0.56625,0.46339,0.33831,0.32979,0.64162,-0.00024,0.37401,0.73815
0.00544,0.40650,-0.01722,0.67048,0.02042,0.05221,0.04556,0.27372,0.00279,0.06427,0.06404,0.56046,0.06406,-0.02283,0.07527,0.02266,0.33553,0.06041,0.01947,0.03353,0.67594,0.03215,0.64940,0.03759,0.64327,0.51347,0.53121,0.59644,0.53937,0.05513,0.44155,0.36451
0.00876,0.65560,0.06215,0.43773,0.03239,0.01932,0.03097,0.50863,0.08313,0.01440,0.00640,0.46838,0.02019,0.03030,0.03658,0.03087,0.36669,0.00807,0.03722,0.08339,0.54769,0.02515,0.75405,0.03438,0.57689,0.58361,0.64787,0.29096,0.66235,0.00467,0.56443,0.53505
0.00943,0.41930,0.02063,0.68604,0.00148,0.03517,0.03694,0.68263,0.03736,0.01051,0.00673,0.60857,0.02114,0.02419,0.02238,0.04335,0.29071,0.04445,0.02560,0.03422,0.59095,0.04278,0.70402,0.06843,0.44648,0.26928,0.35284,0.73263,0.62733,0.04007,0.56321,0.57269
0.03458,0.50433,0.04353,0.48138,-0.01038,0.04765,0.03039,0.48336,0.00950,0.04522,0.05055,0.70898,0.02609,0.03877,0.06575,0.02550,0.34803,0.02714,0.01978,0.03796,0.48777,0.06342,0.45825,0.04361,0.26405,0.42983,0.45550,0.68676,0.27525,0.01009,0.39150,0.29864
0.01109,0.64094,-0.01319,0.55309,0.03583,0.01252,0.01137,0.38967,0.02246,0.05941,0.02720,0.35569,0.07790,-0.00173,0.05546,0.03960,0.63573,0.02707,0.04855,0.01701,0.62833,0.01326,0.42371,0.03952,0.51921,0.65331,0.75473,0.69817,0.50104,0.02108,0.47960,0.50016
0.05169,0.58979,0.02242,0.46661,0.00904,0.05553,0.05010,0.23722,0.03982,0.05945,0.06109,0.28692,0.02732,-0.01415,0.01379,0.01978,0.66240,0.07039,-0.00550,0.03782,0.31465,0.04770,0.43190,0.05704,0.34928,0.47219,0.61202,0.41278,0.41016,0.04248,0.43344,0.69135
0.01388,0.45600,0.01660,0.71435,0.03607,0.00389,0.02404,0.35222,0.05103,0.03133,0.00336,0.39904,0.02808,0.04803,0.07011,0.02404,0.43731,0.04026,0.05077,-0.00861,0.52489,0.07816,0.32159,0.10624,0.42870,0.70073,0.27264,0.34714,0.52747,0.01841,0.52466,0.69330
0.03101,0.66786,0.01593,0.39926,0.04836,0.04105,0.00314,0.46956,0.07862,0.03489,0.04287,0.41151,0.03221,0.02579,0.04960,0.03294,0.54531,0.07315,0.03138,0.02591,0.24713,0.03948,0.66575,-0.00078,0.54576,0.44219,0.46472,0.60665,0.41968,0.03721,0.63180,0.34514
0.06007,0.39957,0.01376,0.56682,0.05365,0.03071,0.01468,0.61428,0.04902,0.05231,0.02556,0.58031,0.01775,-0.00108,0.04996,0.01230,0.63768,0.04255,0.05176,0.00418,0.29522,0.02476,0.64127,-0.01664,0.55736,0.59419,0.70293,0.61271,0.49564,0.02827,0.29375,0.69915
0.01057,0.33413,-0.00524,0.30592,0.02189,0.04884,0.00572,0.69129,0.03123,0.02308,0.04994,0.39597,0.02555,-0.01363,0.01689,0.04243,0.48592,0.00428,0.02437,0.03686,0.59338,0.02028,0.44092,0.00531,0.43140,0.63923,0.33734,0.70448,0.48488,0.02327,0.67718,0.26245
0.04676,0.30870,0.04521,0.29050,0.01603,0.01349,0.01616,0.58572,0.05314,0.01088,0.03921,0.63183,0.05200,0.01993,0.03472,0.01810,0.52526,0.06253,0.03451,0.01349,0.34280,0.04203,0.71113,0.01602,0.24845,0.30033,0.57878,0.37942,0.46875,0.02693,0.64422,0.57891
0.03430,0.56965,0.01389,0.29467,0.03331,-0.00429,0.02129,0.36955,0.00981,0.02991,0.04353,0.69587,0.00670,0.02657,0.00305,0.01577,0.37842,0.04831,0.00902,0.05358,0.39148,0.05404,0.59180,0.01535,0.50321,0.73774,0.24732,0.40277,0.71272,0.01551,0.31004,0.54853
0.02915,0.57079,0.01145,0.67039,0.04890,0.01026,0.03546,0.73869,0.03437,0.02499,0.03074,0.32855,0.01709,0.01148,0.04177,0.03314,0.35843,0.01564,0.04461,0.04862,0.51867,0.03274,0.29925,0.04428,0.28028,0.70568,0.56208,0.70239,0.47110,0.06635,0.44994,0.41357
0.01975,0.37430,-0.00199,0.48593,0.07458,0.01149,0.02974,0.41655,0.05608,0.00624,0.05617,0.62440,0.02699,0.05142,0.04171,-0.00172,0.77605,0.01055,0.05366,0.01125,0.54775,0.00567,0.67913,0.01714,0.33825,0.48308,0.47239,0.44647,0.44372,0.01594,0.69539,0.54851
0.05127,0.49199,0.04994,0.60488,0.03131,-0.00626,0.05729,0.58630,0.02232,-0.00321,0.02250,0.45057,0.01530,0.05400,0.01848,0.04636,0.56694,-0.00339,0.02399,0.03914,0.39635,0.05725,0.62054,0.01961,0.65055,0.60095,0.40968,0.55581,0.51283,0.01720,0.71105,0.66193
0.02625,0.57131,0.02294,0.46596,0.04122,0.02208,0.04159,0.58520,0.02802,0.03170,0.03151,0.59247,0.03544,0.02496,0.05983,0.04132,0.65483,0.01320,0.02470,0.05259,0.47516,0.06632,0.69761,0.01359,0.34126,0.67533,0.55316,0.48833,0.39972,-0.03570,0.60659,0.64032
0.04318,0.33826,-0.00597,0.52506,0.03095,0.04157,0.02676,0.47527,0.02490,0.00911,0.01258,0.24328,0.01806,-0.01866,0.03807,0.03647,0.61108,0.04649,0.02753,0.03086,0.43803,0.01785,0.62707,0.02421,0.43327,0.76996,0.42536,0.49694,0.43179,0.02050,0.51810,0.36520
0.05332,0.52579,0.02732,0.73066,0.00709,0.03425,0.05482,0.37037,0.03341,0.01759,0.05658,0.72682,0.02684,-0.01851,0.06060,0.00648,0.40554,0.00393,0.03042,0.02279,0.44957,0.01267,0.63245,-0.00872,0.66494,0.65025,0.45385,0.65162,0.62051,0.01044,0.37226,0.31478
0.04985,0.63255,0.03528,0.40600,0.01461,0.08924,0.02605,0.46683,0.03042,0.05848,0.03197,0.29438,0.00002,0.03429,0.03544,0.06457,0.72889,0.01087,0.03406,0.02558,0.49246,0.01764,0.30275,0.01397,0.28220,0.27121,0.27939,0.35875,0.39191,0.02385,0.33979,0.36694
0.04472,0.38168,0.06724,0.75316,0.02531,0.03232,0.01472,0.45949,0.01219,-0.00823,0.05020,0.26483,0.04269,-0.00006,-0.01268,0.02144,0.36863,0.02983,0.03901,0.01311,0.39218,0.01169,0.60318,0.02217,0.47377,0.51578,0.72624,0.53987,0.38974,0.07181,0.57765,0.29447
0.03379,0.28056,0.00162,0.47496,0.01362,0.03483,-0.00083,0.43248,0.05400,-0.00796,0.02472,0.63614,0.01500,0.01857,0.06322,0.04547,0.36868,0.00296,0.02110,0.06257,0.27304,0.05346,0.42804,0.05129,0.44487,0.45257,0.26729,0.28058,0.69127,0.04553,0.28177,0.58839
0.03336,0.35902,0.05351,0.47965,0.04910,-0.00349,-0.01828,0.69654,0.05424,0.06788,0.03177,0.53147,0.00507,0.00557,0.01055,0.04791,0.48776,0.02177,0.04646,0.02910,0.44919,0.03201,0.62225,0.04818,0.65686,0.35083,0.37548,0.48373,0.66157,0.01985,0.56400,0.41206
0.03315,0.53204,0.00289,0.50777,0.05293,0.02396,0.05056,0.30079,-0.01569,0.02001,-0.01105,0.63120,0.03447,0.03594,0.02793,0.03141,0.39407,0.00804,0.03322,0.01551,0.53313,0.06070,0.59151,0.00696,0.36921,0.40191,0.46918,0.52877,0.59252,0.01323,0.45596,0.46533
0.06483,0.47862,0.00230,0.49151,0.04489,0.06455,0.02315,0.36403,0.03856,0.01346,0.04942,0.73301,-0.00098,0.01369,-0.00473,0.06343,0.33830,0.04939,0.04882,0.03706,0.71426,0.05815,0.68637,0.01930,0.45432,0.36182,0.69379,0.32616,0.40112,0.03368,0.56942,0.38399
0.06993,0.69128,-0.01387,0.41089,0.03436,0.00027,0.02084,0.48509,0.02457,0.04041,0.02499,0.72046,0.08038,0.02374,-0.00029,0.04858,0.51120,0.01036,0.06626,0.05189,0.33444,0.03732,0.74491,0.07117,0.57420,0.71569,0.62473,0.46479,0.46755,0.03508,0.35384,0.64311
0.00659,0.32216,0.01028,0.45099,0.01090,0.04427,0.00871,0.25876,0.04101,0.03065,0.03798,0.59390,0.03597,0.03528,0.01540,0.06335,0.37684,0.04106,0.02777,0.01580,0.67334,0.06813,0.40269,0.04528,0.39447,0.59779,0.24436,0.38882,0.53342,0.01055,0.71050,0.69992
0.04088,0.59632,0.03909,0.37944,0.05046,0.03840,0.01359,0.58617,0.02494,0.01854,-0.00677,0.68483,0.04819,0.04599,0.06936,0.03077,0.60303,0.04793,0.04244,0.02360,0.58107,0.04675,0.34623,0.03406,0.55357,0.32517,0.47128,0.49824,0.39323,0.04203,0.43277,0.67299
0.08805,0.38934,0.05158,0.30579,-0.00050,0.01702,0.04854,0.75240,0.07179,0.00564,0.01039,0.50418,0.04081,0.03719,0.02453,0.05614,0.53708,0.07289,0.01862,0.05373,0.43531,0.00969,0.64776,0.02087,0.38917,0.55775,0.27339,0.73777,0.55855,-0.01019,0.27567,0.46714
0.03360,0.58320,0.04926,0.37186,0.03980,0.03724,0.01868,0.35247,0.08348,0.02833,0.02195,0.35481,0.03731,0.02415,0.04004,0.02771,0.66451,0.01108,0.00786,0.03529,0.57131,0.03754,0.30643,0.02706,0.72080,0.44451,0.44549,0.61562,0.26718,0.04743,0.29429,0.63936
0.03268,0.23534,0.05258,0.55748,0.02214,0.02421,0.04618,0.37892,-0.00978,0.03885,0.02098,0.70502,0.02046,0.05001,0.01734,0.02116,0.73112,0.01750,0.02868,0.04586,0.53708,0.07582,0.60936,0.00913,0.30707,0.42318,0.36651,0.26622,0.38340,0.02615,0.39847,0.25723
0.03638,0.34366,0.00868,0.56910,0.04458,0.05417,0.01213,0.30084,0.01654,0.02852,0.01095,0.40980,-0.00507,0.04399,0.02956,0.01946,0.71008,0.01608,0.05100,0.03130,0.66306,0.01362,0.67290,0.03563,0.56399,0.58556,0.70819,0.61089,0.59584,0.09031,0.70674,0.27781
0.04669,0.48459,0.03800,0.35647,0.03658,0.01551,0.03374,0.60456,0.03687,0.01727,0.05939,0.34877,0.01950,0.02751,0.02836,0.02741,0.50384,0.05901,-0.01098,0.03796,0.58554,0.02277,0.50178,-0.00852,0.28211,0.64909,0.67185,0.46589,0.49763,0.03277,0.28209,0.53771
0.02764,0.47813,0.02170,0.26290,0.02690,0.04953,0.02435,0.41976,0.04616,-0.00495,0.02628,0.72416,0.03710,0.03514,0.00937,-0.01878,0.33198,0.04049,-0.01654,0.03317,0.25814,0.02568,0.49698,0.01006,0.72455,0.44407,0.37238,0.68965,0.35451,0.04642,0.41875,0.43432
0.02888,0.32031,0.02403,0.58925,0.04475,0.01182,0.04814,0.56628,0.01861,0.03065,-0.03111,0.45494,0.04546,0.06954,0.03098,0.04801,0.48860,0.03511,0.05291,0.03964,0.33351,0.02602,0.29315,0.05123,0.27900,0.55143,0.29756,0.58161,0.53007,0.03612,0.42731,0.49544
0.03567,0.35908,0.03391,0.66017,0.02478,0.02322,0.00319,0.78696,0.04567,0.02547,0.05209,0.74028,0.00918,0.04546,0.04293,0.04233,0.34210,0.06268,0.02431,0.03199,0.69388,0.05609,0.50442,-0.01990,0.27189,0.29064,0.41574,0.31486,0.68333,0.01500,0.47535,0.31412
0.31951,0.51563,0.01064,0.54429,0.02933,0.02702,0.01552,0.67873,0.03695,0.03033,0.03745,0.40095,0.00623,0.04234,0.01242,0.02024,0.74270,0.00787,0.03328,0.05861,0.68696,0.01617,0.37224,0.01654,0.41378,0.67182,0.53259,0.61961,0.62780,0.01880,0.42437,0.67156
0.59180,0.65222,0.03753,0.28650,0.01865,-0.00574,0.05809,0.38362,0.03884,0.04322,0.00547,0.52724,0.01294,0.03103,0.01389,0.00376,0.68533,0.04438,0.02974,0.02222,0.62802,0.05809,0.49776,0.02104,0.70970,0.45677,0.39066,0.75760,0.36334,0.02480,0.56043,0.37458
0.30769,0.78234,0.03474,0.75768,0.01897,0.01684,0.02387,0.28711,0.05661,0.04997,0.02010,0.25839,0.01608,0.03722,0.00904,0.04472,0.41429,0.05164,-0.00620,0.00241,0.54688,0.01098,0.37899,0.03581,0.49939,0.74766,0.44518,0.47883,0.72619,0.01531,0.53218,0.36332
0.76896,0.31096,0.01713,0.63870,0.05609,0.01497,0.04077,0.73898,0.02579,0.05155,0.02491,0.43081,0.00599,0.04240,0.05094,0.08715,0.60331,-0.00347,0.06621,0.00076,0.58654,0.02733,0.74435,0.03761,0.58248,0.37297,0.75265,0.42706,0.47743,0.02156,0.62331,0.61743
0.51584,0.69877,0.04521,0.71074,0.01801,0.03199,0.08650,0.38389,0.04519,0.06650,0.04631,0.42449,0.06444,0.06387,0.05799,0.04787,0.34869,0.03737,0.05102,0.01518,0.40802,0.06172,0.48738,0.05430,0.57167,0.68849,0.55199,0.51706,0.69024,0.04140,0.71697,0.40537
0.55619,0.25655,0.03762,0.27820,0.05313,0.02547,0.05291,0.29578,0.00587,0.01605,0.02630,0.47943,0.03153,0.02400,0.00809,0.01860,0.66707,0.01542,-0.00420,-0.00197,0.67368,0.00268,0.73009,0.02985,0.29098,0.44015,0.54975,0.68565,0.42288,0.05220,0.36867,0.55035
0.70313,0.29263,0.02364,0.50022,-0.02032,-0.01777,0.02165,0.32266,0.01745,0.00755,0.03668,0.66911,0.04292,0.02316,0.05604,0.03259,0.32034,0.06037,0.02815,0.01340,0.28098,0.04736,0.39467,0.01901,0.33768,0.56924,0.62925,0.41952,0.74125,-0.00357,0.57877,0.67983
0.72312,0.37704,0.01511,0.53710,0.01618,0.02504,0.01166,0.58079,0.06426,0.00338,0.00225,0.33949,0.03506,0.04303,0.01169,0.02938,0.49563,-0.00730,0.02646,0.03794,0.54549,0.02652,0.53849,0.02850,0.64581,0.34113,0.70402,0.40222,0.39672,0.00809,0.60888,0.29058
0.63894,0.47404,0.01039,0.42561,0.02306,0.02299,-0.00448,0.31910,0.02845,0.00187,0.09130,0.60944,0.04002,0.04732,-0.03074,0.05088,0.36778,0.06229,0.03425,0.03998,0.64182,0.01980,0.43359,0.03588,0.57280,0.29794,0.48862,0.58429,0.31401,0.02781,0.55923,0.62606
0.39865,0.28617,0.04756,0.30402,0.00916,0.01525,0.04213,0.28352,0.03830,0.02195,0.01550,0.22688,0.02748,0.01479,0.04135,0.06011,0.57107,0.01509,0.07052,0.04627,0.60851,0.06259,0.44391,0.05365,0.40309,0.41664,0.38841,0.49261,0.46600,0.03818,0.51517,0.55769
0.29874,0.44475,0.05474,0.32230,0.02127,0.03229,0.05180,0.65615,0.05400,0.03410,0.06557,0.63060,0.01629,-0.01026,0.03286,0.02806,0.55288,0.03120,0.05095,0.02804,0.65293,0.08141,0.42906,0.01625,0.67371,0.66120,0.64569,0.69500,0.47430,-0.00399,0.28905,0.52651
0.26050,0.74721,0.00412,0.24600,0.00033,0.03488,0.04906,0.68659,0.03443,0.04298,0.01891,0.59979,0.04035,0.05493,0.01158,0.04060,0.76697,0.05447,0.04886,0.02266,0.57702,0.03901,0.37830,-0.01250,0.39163,0.65743,0.69418,0.25062,0.64942,0.02360,0.34300,0.59143
0.54578,0.50876,-0.00712,0.32860,0.00895,0.02221,0.00442,0.34885,0.04009,0.00378,0.03290,0.66910,0.04697,0.04893,0.01989,0.04240,0.68173,0.06662,0.02304,-0.01770,0.40283,0.00338,0.49666,0.03745,0.38159,0.47402,0.36122,0.21290,0.25417,0.05999,0.76813,0.53799
0.39487,0.72230,0.04654,0.29257,0.01869,0.04771,0.05617,0.73463,0.02735,0.07392,0.06022,0.73095,0.03709,0.06892,0.00759,0.02230,0.59924,0.03662,0.01709,0.02089,0.39292,0.03450,0.39693,-0.01371,0.47488,0.78019,0.53887,0.35876,0.74280,0.02819,0.49155,0.70825
0.57862,0.59840,0.00107,0.54124,0.02970,0.05448,0.03231,0.53232,0.04245,0.03284,0.04233,0.76459,0.03477,0.00262,0.01716,0.05240,0.30111,0.02469,0.02330,0.03108,0.48440,0.05912,0.26751,0.04482,0.60326,0.74049,0.24926,0.29877,0.44196,0.08261,0.54273,0.27145
0.31568,0.57656,0.00271,0.59913,0.04833,0.01332,0.03727,0.31795,0.02704,0.01042,0.01999,0.61747,0.03785,0.02651,0.02968,0.03397,0.44813,0.00964,-0.00530,0.01563,0.64801,0.03808,0.71906,0.01035,0.68536,0.60248,0.64664,0.59175,0.69162,0.08120,0.54371,0.35266
0.51933,0.27455,0.01893,0.56621,0.07410,0.04844,0.03851,0.54800,0.01937,0.03293,0.03436,0.34961,-0.00082,0.01313,0.01538,0.02523,0.64498,0.07606,0.06291,0.04703,0.51435,0.05413,0.23912,0.01522,0.56096,0.48255,0.27131,0.52046,0.54781,0.01907,0.72890,0.33438
0.59621,0.23389,0.03829,0.53804,0.01129,0.04763,0.01536,0.41474,0.03889,0.01857,-0.01815,0.39940,-0.01134,0.01292,-0.00101,0.03430,0.33182,0.02424,0.03974,-0.00561,0.37517,0.02347,0.48429,0.05154,0.49899,0.31560,0.51428,0.63794,0.29739,0.05480,0.62698,0.27209
0.31917,0.72208,-0.00813,0.54207,0.02454,0.07310,0.01930,0.70621,0.03281,0.02406,0.02957,0.04650,0.00513,0.03789,0.03037,0.07664,0.24871,-0.00171,0.04422,0.04559,0.33329,0.03690,0.45666,0.01342,0.47071,0.25156,0.67688,0.46745,0.50889,0.04186,0.58973,0.27824
0.28551,0.71178,0.06216,0.27559,0.00035,0.03034,0.03302,0.40003,0.01116,-0.02060,0.03921,0.05207,0.03852,0.02901,0.01020,0.04005,0.58847,0.00802,0.01557,0.08085,0.62315,0.05918,0.42973,0.01237,0.59268,0.46626,0.30896,0.38231,0.72954,-0.02018,0.70749,0.66097
0.55905,0.48337,0.03573,0.55905,-0.00384,0.03511,0.06259,0.42249,0.04594,0.01230,0.00541,0.04946,0.04453,0.04096,0.03934,0.06105,0.44912,0.03161,0.01013,0.05488,0.47631,0.03995,0.29772,0.02755,0.30582,0.59419,0.43328,0.50994,0.43389,0.04258,0.74157,0.34575
0.38094,0.48178,0.03050,0.57724,0.02088,-0.02134,0.04625,0.67172,-0.00685,0.07301,0.08198,0.02602,0.05042,0.01987,0.03988,-0.00207,0.35147,0.03670,0.04306,0.05569,0.41490,0.02282,0.50325,0.06195,0.63210,0.28686,0.44219,0.52380,0.64812,0.04923,0.29536,0.47984
0.68216,0.54162,0.00937,0.40207,0.02378,0.04575,0.01537,0.56495,0.04024,0.00977,0.06598,0.03426,0.01558,0.03724,0.07105,0.02053,0.69323,0.01913,0.03963,0.02152,0.52093,0.04209,0.35219,-0.00944,0.65865,0.71884,0.72803,0.50082,0.57083,0.02902,0.41023,0.33505
0.30416,0.36133,-0.00649,0.66526,0.03299,-0.02569,0.01769,0.46513,0.00657,0.05851,0.00848,0.02622,0.04443,0.00874,0.05692,0.02322,0.59005,0.05694,0.01705,0.03785,0.70713,0.04216,0.67201,0.00790,0.74002,0.50774,0.51042,0.67884,0.52187,0.06197,0.64122,0.34923
0.58025,0.68837,0.03266,0.36235,0.04507,0.01809,0.03769,0.30146,0.04926,0.02125,0.01110,0.04510,0.04272,-0.00602,0.03313,-0.01257,0.30303,0.02040,0.08616,0.03202,0.54099,-0.00133,0.59702,0.03821,0.34896,0.67099,0.65840,0.48164,0.40939,0.04043,0.69245,0.55450
0.65038,0.42600,0.01357,0.71369,0.04350,0.06770,-0.00530,0.51178,0.03780,0.03368,0.05554,0.02188,0.01033,0.59590,0.00245,0.03207,0.48819,0.02973,-0.00419,0.01421,0.51596,-0.00342,0.57460,0.05841,0.68479,0.73391,0.36897,0.58548,0.46528,0.02272,0.58944,0.40484
0.53774,0.61265,0.00454,0.31318,0.03404,0.05748,0.03318,0.39889,0.05481,0.02852,0.03875,0.04480,0.03935,0.30644,0.02790,0.03753,0.32496,0.05000,0.03613,0.02901,0.24675,-0.01698,0.32247,0.03110,0.48003,0.47870,0.33367,0.40176,0.41763,0.00758,0.56115,0.40582
0.47231,0.42397,0.03975,0.56307,0.01616,0.05076,0.02237,0.71315,0.06067,0.01837,0.03934,0.03075,0.07078,0.75766,0.04609,0.00154,0.66330,0.03093,0.00821,0.01470,0.67239,0.02629,0.28998,0.06882,0.46576,0.39942,0.31683,0.31795,0.73770,0.06543,0.36953,0.32562
0.75783,0.60702,0.03077,0.39955,0.03548,0.01845,0.01252,0.66420,0.03166,0.01885,-0.00401,0.01044,0.02762,0.30858,0.04329,0.03560,0.22873,0.03475,0.04330,0.06017,0.73692,0.04957,0.29192,0.06699,0.61244,0.44480,0.34532,0.34490,0.32012,0.01954,0.60029,0.36990
0.28184,0.25785,0.03969,0.52055,0.04853,0.03572,0.04475,0.54449,0.03897,0.01564,0.04222,0.05051,0.04528,0.34663,0.05838,0.01060,0.77696,0.03071,0.01407,0.03495,0.60257,0.01337,0.50441,0.00811,0.70781,0.66158,0.27296,0.71650,0.37854,0.03330,0.34401,0.41834
0.64474,0.60215,0.03984,0.34593,0.04027,0.01315,0.01348,0.45876,-0.00524,0.00533,0.02132,0.07607,0.09313,0.62086,0.00728,0.04048,0.44625,0.03361,0.05760,0.02353,0.41713,-0.00518,0.63735,0.03768,0.29385,0.23236,0.21903,0.38843,0.26096,0.02872,0.39056,0.42521
0.50089,0.59886,0.00935,0.56657,0.00577,0.06816,0.05425,0.44291,0.02048,0.00304,0.02247,0.05835,0.02647,0.68533,0.08218,0.02048,0.33268,0.01013,0.02013,0.02003,0.52388,0.01381,0.25775,0.03729,0.42420,0.66917,0.50503,0.33503,0.43786,0.01664,0.34624,0.33920
0.46290,0.43519,0.01439,0.63734,0.04148,0.04163,0.02871,0.66556,0.00745,0.02177,0.06859,-0.01433,0.04716,0.28982,0.00989,0.05022,0.42362,0.06288,0.00705,0.03985,0.64763,0.01659,0.74898,0.02886,0.57658,0.73312,0.66129,0.47830,0.29343,0.01594,0.72089,0.48973
0.32939,0.67384,0.02804,0.30980,0.06193,0.03655,0.02553,0.41995,0.06338,0.04912,0.06894,0.02556,0.01037,0.42767,0.02651,0.03632,0.45051,0.02722,0.05413,0.03277,0.37035,0.08397,0.68644,0.02667,0.46497,0.52468,0.71411,0.57264,0.42043,0.06027,0.42008,0.62736
0.61536,0.40100,0.01606,0.25580,-0.02435,0.06519,0.04017,0.73912,0.01206,0.06322,0.03056,0.03597,0.00688,0.37144,0.01409,0.06513,0.59749,-0.01160,0.04313,0.04542,0.30887,0.01880,0.50548,0.01247,0.70260,0.69525,0.39471,0.70696,0.32903,0.01431,0.36480,0.61000
0.70395,0.34820,-0.00199,0.42469,-0.03627,0.02196,0.03927,0.40269,-0.00712,0.02641,0.00700,0.03569,0.06509,0.69570,0.03278,0.01118,0.28627,0.03558,0.02868,0.02332,0.44976,0.04902,0.28094,0.00506,0.52718,0.62861,0.41304,0.60904,0.60978,0.03199,0.41459,0.73559
0.60973,0.66467,0.03025,0.53192,0.02934,0.00667,0.06137,0.64133,0.08336,0.04778,0.00329,0.02187,0.03160,0.52266,0.02320,0.03156,0.65302,0.00182,0.02571,-0.01068,0.29653,-0.01614,0.70931,0.04400,0.67752,0.37380,0.53632,0.63644,0.45075,0.00446,0.72047,0.65567
0.64019,0.66962,0.02816,0.34302,0.00645,0.04391,0.05234,0.44990,0.00055,0.04350,0.02230,0.04105,0.02301,0.54126,0.07592,0.06553,0.46504,0.07122,0.01546,0.02869,0.36283,0.04160,0.37091,0.06446,0.72558,0.72548,0.72671,0.70807,0.65172,0.03813,0.38112,0.33115
0.28206,0.32319,0.02830,0.29342,0.04666,0.06439,0.07764,0.68385,0.00474,0.05407,0.05093,0.04379,0.06173,0.44541,0.03202,-0.01203,0.32884,-0.01669,0.04823,0.05194,0.27936,0.01016,0.61521,0.02485,0.55056,0.72846,0.26688,0.34577,0.36883,0.00374,0.52382,0.37770
0.45015,0.42177,-0.01357,0.37143,0.04119,0.05077,0.03431,0.27635,0.02569,0.00694,0.03269,0.02827,0.01347,0.35778,0.01345,0.00018,0.56945,0.03850,0.02135,0.01855,0.72597,0.01128,0.35047,0.03421,0.35851,0.54635,0.52220,0.56086,0.51172,0.04930,0.27510,0.46017
0.51719,0.60311,0.02482,0.28462,-0.02232,0.05314,0.00860,0.42561,0.05204,0.02773,0.05360,0.00787,0.00486,0.55094,0.06622,0.02071,0.31137,0.02040,0.02645,0.02045,0.34513,-0.00391,0.51841,-0.00585,0.33431,0.61528,0.43029,0.44563,0.30894,0.02425,0.32694,0.32039
0.64010,0.58846,0.02110,0.60581,0.00374,0.04750,0.01802,0.48624,0.03562,0.08218,0.03440,-0.00921,-0.00493,0.60360,0.03663,0.02711,0.31053,0.07068,0.05934,0.00254,0.47265,0.05802,0.33124,0.03676,0.57132,0.30029,0.48701,0.56104,0.44193,0.02060,0.63814,0.43009
0.73853,0.48369,0.03555,0.46665,0.06364,0.05378,0.06899,0.30009,-0.01633,0.03497,-0.02014,0.02607,-0.00937,0.49483,0.00796,0.02800,0.28176,0.01197,0.00389,0.03704,0.34393,0.03087,0.57969,0.07892,0.34794,0.68030,0.40270,0.33363,0.31905,-0.00086,0.65403,0.51036
0.26419,0.57605,0.04333,0.65126,0.00371,0.04121,0.01165,0.67612,0.03165,0.03428,0.04656,0.06149,0.06106,0.45106,0.03690,0.02848,0.60565,0.02857,0.03311,0.03269,0.51542,-0.01368,0.64013,0.01330,0.69033,0.69308,0.33711,0.68688,0.27228,0.04091,0.49143,0.43537
0.27697,0.26617,-0.00005,0.33392,0.03119,0.02242,-0.00147,0.60619,0.04590,0.00826,-0.00939,0.02930,0.03246,0.72520,0.03632,0.05150,0.69954,0.02705,0.02765,0.05971,0.29049,0.03813,0.37530,0.04958,0.43220,0.68437,0.68189,0.27066,0.75532,0.05672,0.69016,0.42499
0.30357,0.45220,0.00264,0.70118,0.05012,0.00475,0.09058,0.51366,0.05975,0.02231,0.03737,0.03267,-0.00706,0.57243,0.00480,-0.00316,0.61514,-0.01709,-0.00496,0.06211,0.49568,0.01726,0.33760,0.04571,0.52131,0.59023,0.76368,0.65529,0.58453,0.00782,0.54225,0.41799
0.29854,0.36348,0.00743,0.38463,0.00856,-0.00827,0.02851,0.25166,0.05570,0.05475,0.03120,-0.00179,0.02032,0.70207,-0.00611,0.05452,0.64100,-0.02275,0.03200,0.00456,0.43769,0.02340,0.69039,0.05335,0.32885,0.32067,0.58702,0.47996,0.65416,-0.01503,0.66115,0.36884
0.44658,0.55566,0.04449,0.68388,0.05960,0.07002,0.02056,0.72546,0.03357,0.03251,0.06050,0.07007,0.01861,0.61461,-0.00020,0.03775,0.50506,0.08852,0.00900,0.00159,0.58882,0.03330,0.46852,0.01805,0.25079,0.76118,0.35080,0.31292,0.34299,0.05080,0.46886,0.62768
0.49142,0.67083,0.06746,0.30964,0.05705,0.03794,0.02452,0.61763,0.01616,0.03982,0.03206,0.00792,0.01467,0.22217,0.04232,0.05585,0.37789,0.00665,0.01189,-0.01051,0.30299,0.00350,0.34899,-0.01285,0.63437,0.55401,0.51565,0.61237,0.33303,0.04991,0.24894,0.68511
0.67711,0.57405,0.05242,0.30091,0.04243,0.02584,0.03882,0.33715,0.00306,0.02293,0.03735,0.02997,-0.01294,0.32115,0.07470,0.01763,0.40527,0.01418,0.04522,0.04002,0.53030,0.02055,0.36729,0.04948,0.35478,0.74074,0.45143,0.44275,0.28951,0.04801,0.40267,0.26728
0.60382,0.36155,0.04933,0.41640,0.03294,0.05540,0.03932,0.28835,0.02897,-0.02346,0.04899,0.04656,0.07852,0.44990,0.04591,0.00965,0.58635,0.06427,0.01548,0.02451,0.58244,0.03321,0.36916,0.02304,0.66239,0.62679,0.62757,0.38085,0.51711,0.03204,0.40839,0.27784
0.47722,0.48650,0.09002,0.63319,0.00107,0.04988,-0.03042,0.37473,0.04053,0.00120,0.04522,0.03211,0.03005,0.73767,0.02480,0.03172,0.43666,0.03039,0.00380,0.04232,0.60927,0.01559,0.39150,0.07525,0.50333,0.44004,0.64135,0.72948,0.34452,0.02712,0.27348,0.65700
0.51817,0.47178,0.03955,0.37003,0.02791,0.00762,0.02923,0.72090,0.04494,0.07123,0.03205,0.02213,0.02703,0.38877,0.04745,0.05687,0.40711,0.00057,0.01619,0.06494,0.31142,0.01326,0.44680,0.04307,0.65399,0.61596,0.34277,0.53419,0.27620,0.03515,0.45596,0.56030
0.44714,0.55633,0.03132,0.30920,0.05124,0.05376,0.00771,0.51139,0.02014,0.04888,0.03664,0.05109,0.00083,0.34504,-0.00827,0.01727,0.66486,0.07238,0.01824,0.03732,0.70484,0.04250,0.28904,0.03359,0.72898,0.36131,0.72425,0.28734,0.73963,0.03574,0.48409,0.46445
0.67625,0.56854,0.04546,0.53172,0.07982,0.05953,0.04821,0.54734,0.01808,0.03201,0.02703,0.00626,0.02482,0.41464,0.05757,0.03499,0.57518,0.03725,0.00461,0.04331,0.45067,0.00983,0.63173,0.01864,0.41389,0.72446,0.59797,0.65003,0.72711,0.02923,0.38969,0.68213
0.58702,0.71742,0.02023,0.70077,0.05278,0.03794,0.01101,0.70407,0.06302,0.02222,0.03647,0.04136,0.01743,0.59779,-0.00631,0.04802,0.38648,0.03780,0.00919,0.02043,0.27210,0.05954,0.37323,0.02991,0.25819,0.62564,0.34359,0.25360,0.59820,0.00336,0.41144,0.44406
0.22927,0.40315,0.09235,0.52313,0.01319,0.02834,0.03150,0.54737,0.00874,0.02715,0.04817,-0.00196,0.03498,0.73839,0.05880,0.02189,0.64510,-0.01234,0.01555,0.01483,0.33757,0.02214,0.34590,0.04280,0.43844,0.66163,0.44203,0.36150,0.69365,0.05711,0.52559,0.54887
0.63264,0.35928,0.04762,0.34236,0.06437,0.02836,0.03184,0.75598,0.03955,0.01858,0.02592,0.05389,0.02663,0.42458,0.01928,0.05184,0.54766,0.03585,0.02665,-0.00811,0.26617,0.02226,0.49698,0.04583,0.31022,0.56457,0.31668,0.70223,0.46118,0.02618,0.32532,0.57684
0.50166,0.62849,0.05670,0.44745,0.07453,0.03267,0.03699,0.27293,0.01545,0.03475,0.01072,0.01862,0.03559,0.59661,0.02535,-0.00290,0.25428,0.06391,0.03753,0.01591,0.61688,0.00337,0.46210,0.01824,0.64856,0.36010,0.53658,0.41012,0.69441,0.03920,0.58516,0.70408
0.66652,0.69129,0.04114,0.74562,0.07159,0.03205,0.01096,0.44384,0.06484,0.03076,0.01461,-0.00127,0.01887,0.34584,0.04907,0.01159,0.66218,0.02435,-0.00434,0.02905,0.43964,0.00301,0.59439,0.03007,0.67014,0.28317,0.73625,0.31775,0.29958,0.01260,0.77672,0.27626
0.69146,0.67956,0.02008,0.75702,-0.00544,0.01551,-0.00450,0.56298,0.02068,0.02477,0.01720,-0.00307,0.06202,0.54211,0.03778,0.02049,0.35460,0.01636,0.05598,0.05176,0.00556,0.03512,0.51001,0.00728,0.29316,0.54553,0.63067,0.65021,0.36109,0.03503,0.43460,0.47600
0.38811,0.63117,0.02631,0.37695,0.02351,0.03922,0.04422,0.40885,0.00967,0.02169,0.01418,0.06153,0.02321,0.44462,0.02771,0.06106,0.47905,0.04205,0.03336,0.01463,0.04788,0.01312,0.35139,-0.00020,0.01295,0.44959,0.72515,0.58893,0.49397,0.01299,0.29089,0.53774
0.63151,0.30754,0.03373,0.75742,0.02410,0.04360,0.00460,0.73877,0.01445,0.02866,0.03598,0.03230,0.00721,0.48666,0.04572,0.01733,0.39906,0.01348,0.01424,0.07501,0.05933,0.02630,0.73918,0.06295,0.02232,0.41959,0.47205,0.41510,0.28681,0.01537,0.50174,0.34401
0.47453,0.49877,0.03985,0.56309,0.03678,0.06674,-0.00035,0.65059,0.01369,0.05537,0.06651,0.03176,0.03205,0.65510,0.02432,0.02102,0.37195,0.02199,0.04444,0.05010,0.00804,0.02621,0.37221,0.02254,0.02028,0.58139,0.70031,0.50400,0.41414,0.02854,0.43664,0.62981
0.39245,0.24497,0.01318,0.39628,0.02355,0.03271,0.02314,0.27332,-0.00292,0.02563,0.02053,0.00972,0.01876,0.57189,-0.00536,0.03680,0.52408,0.05759,0.04290,0.02720,0.01620,0.00938,0.64482,0.04310,0.01717,0.32440,0.44862,0.64098,0.72474,0.02879,0.38641,0.54232
0.77165,0.38162,0.02138,0.57148,0.06294,0.01844,0.05991,0.39613,-0.00422,0.02535,0.04115,0.02393,0.01675,0.54977,0.01830,0.02291,0.38855,0.02704,0.02948,0.00545,0.03987,0.02038,0.50000,0.04111,0.03135,0.43919,0.61529,0.36504,0.55536,0.04191,0.47702,0.73811
0.45414,0.31470,0.04961,0.55070,0.01947,0.02857,0.00356,0.32146,0.01649,0.05493,0.01871,0.02829,0.03527,0.29192,0.02780,0.03242,0.54668,0.01094,0.04730,0.07283,0.05122,0.02599,0.52974,0.04451,0.03301,0.65640,0.26479,0.29864,0.34669,0.04806,0.67929,0.41442
0.54394,0.26870,0.00464,0.71459,0.04834,0.07236,0.00552,0.60093,0.05480,-0.00055,0.04003,0.03208,0.05461,0.55944,0.02805,0.01614,0.34201,0.03668,0.03252,0.02862,0.04800,0.04456,0.68399,0.02956,0.01267,0.47807,0.30557,0.33005,0.48274,0.02737,0.55775,0.47851
0.44895,0.43016,0.05406,0.44284,0.02830,0.02953,0.02857,0.60431,-0.01221,0.06002,0.05807,0.03552,0.03617,0.39630,0.01701,0.05487,0.64010,0.01956,0.04948,0.03136,0.03841,0.03138,0.37325,0.04704,0.01747,0.59773,0.54008,0.28855,0.65208,0.01430,0.50387,0.54444
0.33039,0.38593,0.04870,0.42197,0.02477,0.04147,0.07813,0.70053,0.02065,0.01302,0.02128,0.02992,0.03083,0.27745,0.02277,0.05977,0.51049,0.00816,0.02465,0.01057,0.04189,0.00545,0.28854,0.03109,0.00035,0.73526,0.63947,0.31847,0.26771,0.05532,0.26725,0.36829
0.63260,0.75941,0.02332,0.54734,0.03848,0.01966,0.00500,0.65171,0.05772,0.01872,0.01132,0.04664,0.04625,0.37874,0.04518,0.03637,0.44432,0.00234,0.04104,0.01913,0.05848,0.01298,0.68311,0.04055,0.04065,0.54857,0.72674,0.58134,0.27939,0.06507,0.27742,0.34944
0.30710,0.48610,0.04189,0.57048,0.04620,0.00358,0.00690,0.57918,0.03694,0.02563,0.00965,0.01518,0.04705,0.35523,0.00806,0.02780,0.62974,0.01728,0.04115,0.00882,0.02888,0.08574,0.69829,0.00642,0.02411,0.26250,0.39897,0.70480,0.59168,0.03728,0.31700,0.62064
0.32782,0.51714,-0.00743,0.75551,0.06245,0.01435,0.01211,0.56465,0.04247,0.02612,0.02693,0.07117,0.01776,0.64959,0.03606,0.04364,0.32402,0.04340,0.01939,-0.00122,0.01627,0.04556,0.59746,0.02694,0.01406,0.32355,0.59576,0.32743,0.52141,0.04386,0.66322,0.42539
0.46517,0.30861,0.05735,0.51963,0.05745,0.01746,0.01637,0.39884,0.02735,0.02996,0.01284,0.04108,0.01491,0.32023,0.01843,0.04211,0.49893,0.01780,0.03241,0.03544,0.00207,0.02063,0.31109,0.00716,-0.01038,0.39873,0.36974,0.70957,0.68135,0.02578,0.38499,0.38379
0.70145,0.63844,0.01608,0.31948,0.02941,0.01100,0.03167,0.70083,0.03627,0.00124,0.02069,0.02497,0.03684,0.68510,0.03446,0.06540,0.34682,0.05618,0.00735,0.06162,0.01948,0.02261,0.70616,0.06152,0.03433,0.45206,0.40136,0.71200,0.73962,0.00652,0.44160,0.57001
0.57286,0.29263,0.02111,0.42998,0.07372,0.02512,0.03824,0.64073,0.05015,0.05389,0.03724,0.03174,0.04830,0.32490,0.02346,0.01189,0.72066,0.05405,0.02266,0.03713,0.02374,0.02968,0.70205,0.04817,0.00510,0.34809,0.45367,0.27054,0.68886,-0.00728,0.44708,0.59423
0.49583,0.32630,0.02889,0.65050,0.03509,0.01621,0.04555,0.29798,0.02668,0.03983,0.03684,0.01347,0.04916,0.48317,0.05080,0.01865,0.22528,0.03249,0.01661,0.02357,-0.01726,0.02571,0.42970,0.03878,0.05404,0.36360,0.45628,0.54173,0.25756,0.06095,0.59050,0.34443
0.34680,0.71532,0.03405,0.32526,-0.01550,0.06158,0.04275,0.38802,0.04678,0.04225,0.05893,0.03375,0.04229,0.64750,0.02494,0.05162,0.62849,0.04259,0.04781,-0.00500,0.01440,0.01248,0.55309,0.00841,0.05200,0.43626,0.50847,0.69622,0.67189,0.01708,0.58237,0.60905
0.27560,0.66432,0.05347,0.67071,0.03250,0.01978,-0.02916,0.43517,-0.00320,0.06233,0.06606,0.01933,0.04169,0.61170,0.03158,-0.00111,0.33386,0.02834,0.02587,0.02552,0.01498,0.02943,0.52092,0.04339,0.04936,0.69132,0.45570,0.34778,0.48946,0.00139,0.26679,0.35528
0.29591,0.61768,0.01572,0.77194,0.06775,0.01566,0.06941,0.51211,0.00735,0.00448,0.01566,0.04259,0.02917,0.70255,0.05539,0.02343,0.63055,0.01272,0.04155,0.00959,0.02823,0.00538,0.42893,0.03931,0.01763,0.61489,0.73377,0.51472,0.39557,-0.00944,0.44915,0.56354
0.71885,0.28672,0.05433,0.29117,-0.00443,0.05533,-0.01110,0.28051,0.06411,-0.00482,0.02345,0.01434,0.02334,0.53746,0.03678,0.02215,0.58534,-0.01441,0.02248,0.01293,0.05734,0.03099,0.50213,0.01720,0.05696,0.36130,0.23826,0.73256,0.24586,0.05259,0.53850,0.30099
0.63365,0.25451,0.02156,0.65468,0.04446,0.02483,0.02295,0.28940,-0.03692,0.01090,0.01268,0.04277,0.02172,0.53706,0.03188,0.03344,0.72592,0.06317,0.01991,0.00199,-0.00973,0.07012,0.39129,0.03838,0.03136,0.42954,0.61296,0.60575,0.66030,0.01855,0.38634,0.67511
0.60198,0.44505,0.02967,0.51512,0.06145,0.02724,0.05250,0.46723,0.02314,0.03525,0.06027,0.04952,0.03150,0.47566,0.04266,0.04296,0.25231,0.04493,0.01702,0.05268,0.04378,-0.01464,0.27814,0.01956,0.02513,0.58494,0.24505,0.39851,0.48469,0.03707,0.53705,0.38789
0.57988,0.69518,0.01231,0.52153,0.02045,0.00043,-0.01126,0.69417,0.04769,0.03921,0.00365,0.05220,0.01344,0.57421,0.01817,0.03662,0.39152,0.03236,0.03474,-0.00038,0.01154,0.04365,0.56446,0.02181,0.02839,0.71092,0.60958,0.58607,0.74607,0.02887,0.63930,0.34118
0.44401,0.47819,0.04842,0.71118,0.00975,0.01163,0.01423,0.38460,0.05548,0.05155,0.05825,0.03709,0.03177,0.31109,0.03148,0.00545,0.49730,0.02858,0.05329,0.02696,0.00452,0.05617,0.67896,0.02648,0.03623,0.24998,0.65704,0.70777,0.44395,0.02457,0.53403,0.36871
0.47859,0.32662,0.04622,0.47126,0.04480,0.05450,0.02899,0.26431,0.04824,0.03395,0.05358,0.02751,0.03355,0.35931,0.04941,-0.00527,0.68618,0.01510,0.04345,0.03538,0.02542,0.02020,0.32889,-0.00269,0.02511,0.61918,0.58481,0.46380,0.34098,0.03662,0.53270,0.59809
0.72291,0.33101,0.04563,0.33603,0.06357,0.05423,0.02991,0.60042,0.02002,0.01694,0.03340,0.07776,0.04444,0.30998,0.01746,0.04124,0.56798,0.01733,0.02522,0.04394,0.04372,0.01452,0.72217,0.01322,0.00215,0.71100,0.52041,0.58945,0.27754,0.00082,0.63156,0.68828
0.69584,0.61324,0.01348,0.70668,0.02954,0.04252,0.03002,0.24843,0.06390,-0.00564,0.05453,0.05213,0.04676,0.52466,0.04885,0.01853,0.67150,0.01644,0.05753,0.02110,-0.00359,0.05364,0.34097,0.03152,0.07142,0.65507,0.31037,0.25426,0.52320,0.04157,0.71444,0.36451
0.59491,0.42201,0.03804,0.62627,0.03315,0.05863,0.07556,0.46476,0.05769,0.06548,-0.00533,0.03227,0.01834,0.58293,0.02042,0.06243,0.62529,0.02808,-0.00391,0.03722,0.04768,-0.00223,0.39153,-0.01410,0.02755,0.49748,0.59645,0.49521,0.70842,0.03992,0.73127,0.46276
0.45546,0.37803,0.01995,0.25577,0.02631,0.02879,-0.00881,0.59379,0.00313,0.07081,0.06476,0.03592,0.01174,0.35499,0.01692,0.02428,0.68204,0.03622,-0.02889,0.05203,0.03091,0.03989,0.32933,0.03115,0.04965,0.56943,0.39998,0.72770,0.54700,-0.00904,0.42694,0.69597
0.49174,0.34373,0.02496,0.47390,0.03780,-0.03884,0.04586,0.65615,0.05046,0.03579,0.06575,0.02155,0.08311,0.34766,0.00208,-0.02782,0.65671,0.00429,0.04345,0.01953,0.00304,0.02228,0.74106,0.05587,0.03485,0.59596,0.40692,0.37016,0.27461,0.06298,0.55333,0.25993
0.43159,0.32893,0.03789,0.26877,0.05527,0.04369,0.07857,0.62080,0.01945,0.03265,0.00810,0.04391,0.02476,0.44609,0.02243,0.00421,0.40677,0.06411,0.02045,0.05299,0.02810,0.04422,0.54426,0.04315,0.03827,0.52383,0.62997,0.73270,0.37192,0.04680,0.38623,0.70061
0.68699,0.63668,0.03350,0.43384,0.00447,0.04700,0.02039,0.67857,0.08199,0.00210,-0.00815,-0.01699,0.03488,0.55068,0.04219,0.03693,0.34623,0.02994,0.01385,0.02113,0.03922,0.03057,0.41649,-0.00186,0.10017,0.46271,0.24180,0.49733,0.53883,0.03510,0.45283,0.75916
0.70895,0.26880,0.05282,0.53414,0.07019,0.08549,0.05234,0.70835,0.05626,0.02168,0.02001,0.00845,0.03460,0.35745,0.05057,0.05785,0.22235,0.00711,0.07282,0.00317,0.08211,0.03011,0.69659,0.08112,0.01548,0.32879,0.46488,0.40247,0.66328,0.01728,0.65327,0.49484
0.29437,0.72573,0.01539,0.70051,0.03126,0.03781,0.00381,0.64341,0.00719,0.04875,0.04539,0.01408,-0.00152,0.71908,0.03237,0.00534,0.61892,0.04942,0.01148,0.02874,0.04114,0.03518,0.68063,0.02584,0.02080,0.35358,0.37167,0.32690,0.36034,0.07963,0.53625,0.27366
0.55358,0.66441,0.05027,0.24781,0.05121,0.03346,0.04798,0.42109,0.03658,0.06133,0.02290,0.03818,0.03369,0.30771,0.03419,0.01539,0.50260,-0.00038,0.07297,0.02137,0.04129,0.00930,0.54765,0.05385,0.00843,0.38488,0.69709,0.42847,0.37645,0.01395,0.48008,0.48347
0.39759,0.47748,0.00665,0.44685,0.01271,0.02459,-0.01264,0.38207,0.02027,0.01702,0.04544,0.02514,0.04071,0.30124,0.07297,0.02213,0.66804,0.01257,0.04073,0.02976,0.01922,0.04639,0.31388,0.03797,0.02189,0.49906,0.32888,0.36945,0.26150,0.03896,0.53122,0.59073
0.46299,0.69725,0.04888,0.33121,0.03405,0.01089,0.02331,0.48781,0.06148,0.06384,0.03619,0.05174,0.03261,0.28516,0.05649,0.02225,0.60834,0.05055,0.02493,0.02827,0.06447,0.06361,0.43197,0.02652,0.01714,0.57585,0.73666,0.52361,0.28541,0.01359,0.64558,0.31520
0.71871,0.31692,0.04735,0.50908,0.06012,0.00727,0.05261,0.42916,0.03990,0.03217,0.02859,0.01837,0.00926,0.61363,0.01324,0.04457,0.39096,0.05300,0.02312,0.00972,0.04077,0.03713,0.53262,0.06166,0.07296,0.55465,0.61901,0.28981,0.56614,0.02928,0.26206,0.71570
0.37860,0.48822,0.00416,0.40911,0.04543,0.03714,0.01480,0.40915,0.00553,0.04116,0.03200,0.04909,0.00933,0.70637,0.06036,0.04839,0.36311,-0.01392,0.01669,0.02067,0.04379,0.03159,0.39464,0.00949,-0.01060,0.52654,0.57432,0.68019,0.64245,0.04387,0.54578,0.52812
0.26243,0.55327,-0.00581,0.54338,0.02682,0.04488,0.03852,0.32682,0.04803,0.05152,0.05601,-0.00035,0.03374,0.37610,0.04107,0.00973,0.37366,0.06860,0.03697,0.04192,0.03697,0.00164,0.36917,0.00267,0.02064,0.29367,0.60038,0.68501,0.40303,0.04323,0.34423,0.24311
0.56790,0.33838,0.02654,0.48919,0.08154,0.00624,0.00655,0.53823,0.01965,0.02479,0.02996,0.02561,0.01821,0.65841,0.03814,0.02730,0.27658,0.04071,0.01345,0.05666,0.04760,-0.00366,0.63460,0.03428,0.03350,0.52268,0.40864,0.71738,0.72333,0.01450,0.63678,0.46891
0.38559,0.26531,0.03008,0.29438,-0.00402,0.06966,0.04937,0.39204,0.03422,0.02145,0.03076,0.05285,0.04762,0.34416,0.03496,0.04119,0.43163,0.02711,0.03638,0.04849,0.04720,0.04106,0.55432,0.00048,0.02599,0.62839,0.37274,0.52768,0.37290,0.02983,0.47437,0.73399
0.49537,0.75901,0.01707,0.48969,0.08792,0.03562,0.01144,0.59753,0.02241,0.00072,0.02530,0.01159,0.02029,0.69317,0.03081,0.02267,0.62911,0.02628,0.01855,0.04951,0.02972,0.03657,0.49433,0.05016,0.07331,0.41905,0.27419,0.43661,0.59542,0.06089,0.66630,0.53883
0.62814,0.69703,0.03419,0.72781,0.07491,0.03366,0.04372,0.67678,0.00486,0.03355,0.05289,0.03856,0.05471,0.57564,0.01696,0.01172,0.54785,0.05352,0.01755,-0.00687,0.01592,0.01290,0.55803,0.02702,0.02403,0.44077,0.29904,0.24039,0.30997,0.01233,0.71588,0.60594
0.58570,0.23747,0.05182,0.35284,0.00121,0.00879,0.04757,0.27595,0.04139,0.05818,0.01300,0.05121,0.02466,0.54125,0.04452,-0.02287,0.43476,0.03425,0.05760,0.00284,0.05033,-0.00367,0.45105,0.03701,0.04482,0.57800,0.69087,0.29629,0.36291,0.03145,0.25571,0.59593
0.52597,0.59430,0.01696,0.31147,0.04358,0.03472,0.00081,0.32042,0.02546,0.03394,0.02078,0.00670,0.04621,0.36331,-0.00009,0.02746,0.52610,0.03392,0.06263,0.02303,0.05605,0.06775,0.49601,0.01531,0.06114,0.41733,0.52724,0.44242,0.37912,0.03465,0.36336,0.72520
0.36453,0.57410,0.03472,0.41641,0.01482,0.02061,0.00134,0.32783,0.04337,0.01260,0.02983,0.05170,0.00703,0.73641,0.01157,0.05826,0.40228,0.03544,0.00329,0.02019,0.04904,0.03506,0.51505,0.03173,0.05515,0.30883,0.33592,0.44996,0.34399,0.04493,0.54003,0.28020
0.42799,0.61571,0.05749,0.59859,0.02101,0.01168,0.01947,0.51299,0.03704,0.04746,0.05374,-0.00781,0.06284,0.52599,0.01868,0.08758,0.54664,0.03287,0.04813,0.01090,0.02131,0.05447,0.53391,0.04040,-0.00992,0.64769,0.47218,0.70716,0.64998,0.02630,0.32679,0.60375
0.42775,0.70875,0.01849,0.33007,0.00563,0.02009,0.01181,0.52293,0.02337,0.03836,0.04173,0.06758,0.01654,0.66520,0.05608,0.05271,0.65888,0.05861,0.00162,0.02277,0.02117,0.03916,0.54628,0.05863,0.04539,0.29957,0.59749,0.34405,0.71784,0.04742,0.36454,0.26869
0.46657,0.48826,0.01995,0.38783,0.05822,0.03189,0.05390,0.68565,0.04048,0.06718,0.02436,0.03460,-0.00022,0.33566,0.03239,0.00913,0.40008,0.03543,0.00816,0.02439,0.02112,0.05048,0.52464,0.02142,0.02476,0.44315,0.37319,0.48964,0.61844,0.01295,0.45547,0.52478
0.47043,0.44389,0.01687,0.48094,0.02886,0.01793,-0.02047,0.38855,0.02362,-0.00741,0.03263,0.02726,0.01009,0.71326,0.01419,0.02910,0.62486,0.05268,0.04375,0.05696,0.03073,0.02925,0.27690,0.01607,-0.00170,0.55985,0.34301,0.55349,0.45660,-0.01100,0.71431,0.31348
0.68106,0.25061,-0.00951,0.40086,0.00940,0.03747,0.06401,0.33767,0.04489,0.00243,0.06785,0.07317,0.06711,0.72972,0.04351,0.03964,0.69149,0.06244,0.04091,0.03194,0.00388,0.02657,0.50226,0.02197,0.04990,0.33759,0.43719,0.48313,0.39820,-0.02007,0.72915,0.59652
0.66953,0.51846,0.01864,0.48859,0.06678,0.01460,0.02244,0.51754,0.01773,0.00815,0.02350,0.04269,0.05214,0.37046,0.01881,0.00687,0.40524,0.02296,0.03706,0.01051,0.03403,0.00543,0.72880,0.03509,0.01343,0.72966,0.22005,0.65195,0.30762,0.03545,0.55386,0.41905
0.33659,0.68243,0.01900,0.76407,0.03523,0.04250,0.01725,0.65120,0.05479,0.03364,0.01041,0.04090,0.02447,0.69139,0.03625,-0.00752,0.71473,0.02669,0.03538,0.00067,0.00484,0.00176,0.49037,0.03062,0.02982,0.51692,0.53552,0.35182,0.33564,0.00304,0.71122,0.26844
0.28402,0.40841,0.04267,0.30048,0.04125,0.02449,0.01410,0.39864,0.01893,0.04744,0.05659,0.00835,0.01820,0.32288,0.03591,0.04415,0.30833,0.03190,0.05176,0.04211,0.02844,0.03636,0.39464,0.01201,0.04474,0.72960,0.31873,0.46345,0.75727,0.07497,0.34636,0.39013
0.50795,0.67196,0.01259,0.53935,0.06182,0.04336,0.04027,0.30239,-0.00550,0.05296,0.05987,0.01568,0.01345,0.48031,0.01734,0.04318,0.38453,0.02268,0.04081,0.05601,0.02728,0.02738,0.52698,0.02706,0.03364,0.36168,0.58623,0.57999,0.73073,0.05148,0.62759,0.43902
0.28164,0.28437,0.02462,0.73235,0.02671,0.06448,0.05922,0.44221,0.05599,0.01939,0.00672,-0.00355,0.02993,0.48286,0.01277,0.02171,0.27152,0.07917,0.03626,0.03979,0.03284,0.05881,0.55072,0.02517,0.05274,0.54683,0.70186,0.58387,0.27652,-0.00111,0.64904,0.38538
0.36931,0.55538,0.03318,0.41005,0.04760,0.00324,0.01967,0.70679,0.01609,0.02934,0.03656,0.02526,0.05709,0.54558,0.02774,0.03939,0.43193,0.03299,0.02089,0.00085,0.02041,-0.00659,0.38842,0.01767,0.03040,0.63982,0.56486,0.31574,0.68222,0.03463,0.40358,0.58037
0.58645,0.54065,0.01792,0.68840,0.03486,0.02256,0.01217,0.62042,0.00101,0.06919,-0.00512,0.04462,0.03830,0.72107,0.02201,0.05381,0.67931,0.04691,0.04733,0.05356,0.05009,0.07498,0.48627,0.03657,0.04603,0.45577,0.55762,0.49422,0.64880,0.01326,0.47899,0.54755
0.74465,0.45400,0.00830,0.29459,0.00505,0.07094,0.00560,0.31035,0.02698,0.06644,-0.00382,-0.00115,0.03237,0.56213,0.01107,0.02868,0.61532,0.03762,0.00584,0.03298,0.00495,0.03871,0.55733,0.04434,0.05070,0.42836,0.29498,0.62983,0.61175,0.06140,0.25949,0.49470
0.59436,0.46948,0.02369,0.39168,0.01676,0.03560,0.05245,0.73900,0.03687,0.00229,0.02240,0.05340,0.03564,0.71663,0.06624,-0.00449,0.70697,0.02940,0.03809,0.01399,0.03045,0.07191,0.40540,0.02936,0.04281,0.36849,0.26427,0.58448,0.59518,0.02105,0.26841,0.44122
0.58946,0.34218,0.03564,0.58427,0.03302,0.03715,0.06858,0.65248,0.00643,0.04895,0.05704,0.05090,0.01656,0.43442,0.04810,0.04720,0.52590,0.04119,0.04881,0.01430,0.01332,0.03963,0.36995,0.00531,0.01386,0.76715,0.71891,0.40876,0.65348,0.01202,0.54835,0.68994
0.51689,0.63342,0.04272,0.59082,-0.01151,0.03178,0.02426,0.50666,0.03025,0.05350,0.07074,0.01663,0.00529,0.46379,0.04680,0.07659,0.57372,0.00984,0.03852,-0.00420,0.02012,0.02574,0.24630,0.04207,0.04593,0.52272,0.74692,0.32021,0.73868,0.01025,0.47961,0.31440
0.61055,0.66630,0.03011,0.27048,0.04012,0.06413,0.02980,0.26522,0.00709,0.01066,0.01815,0.07232,0.02074,0.25469,0.02843,0.01014,0.44591,0.04129,0.04213,0.05238,0.03063,0.01998,0.60403,0.02842,0.02409,0.30897,0.74038,0.67120,0.31065,0.05342,0.29180,0.27951
0.27112,0.32007,0.03244,0.22323,0.04158,0.02901,0.01971,0.72646,-0.00869,0.03416,0.00932,0.02742,0.04433,0.24050,0.04067,0.03676,0.71777,0.02677,0.03623,0.01405,0.01585,0.01412,0.43698,0.04561,0.04087,0.41774,0.61335,0.53304,0.29230,0.05708,0.59185,0.34689
0.63629,0.49883,-0.01080,0.27589,0.05277,-0.00277,0.07345,0.67399,0.04023,0.01817,0.05829,0.02687,0.00945,0.23527,0.02287,0.04967,0.54212,0.06234,0.04812,0.02751,0.04652,0.00971,0.42003,0.03021,0.06861,0.52719,0.25805,0.67944,0.44723,0.00582,0.63091,0.62177
0.69814,0.73929,0.03564,0.28619,0.03030,0.02257,-0.00155,0.50404,0.00567,0.00690,0.02642,0.01414,0.02487,0.45524,-0.00945,0.06091,0.29684,0.01114,0.01836,0.06931,0.03782,-0.00361,0.72739,0.06325,0.03780,0.30344,0.54242,0.29069,0.30408,-0.00017,0.37130,0.47405
0.33798,0.60478,-0.01752,0.76563,0.00484,0.02858,0.05380,0.45597,0.04621,0.05096,0.02809,0.06543,0.02016,0.69840,0.02512,0.02666,0.71497,0.05474,0.00837,0.06278,-0.01939,0.00960,0.31033,0.01092,0.01634,0.71678,0.33087,0.51778,0.59040,0.00427,0.67094,0.76181
0.34398,0.74417,0.04193,0.58896,0.04784,0.03681,0.03058,0.27856,0.04854,0.04282,0.00577,0.03107,0.05945,0.40723,0.01723,-0.00006,0.68350,0.04603,0.06057,0.03648,0.04892,0.02973,0.47495,0.01374,0.06490,0.42453,0.37524,0.54502,0.47634,0.06879,0.28073,0.62484
0.71974,0.67123,0.02354,0.26779,0.01813,0.01166,-0.02207,0.39605,0.01188,0.01469,-0.00464,0.02508,-0.01327,0.50412,-0.00338,0.00692,0.49322,0.01149,0.02835,0.06287,-0.01615,0.05040,0.32792,0.00667,0.03932,0.66856,0.40977,0.52006,0.49912,0.05244,0.58777,0.33490
0.76690,0.31733,0.02984,0.72125,0.02536,0.02167,0.01719,0.39095,0.07747,-0.00236,0.02154,0.04536,0.00701,0.28771,0.04195,0.00439,0.65335,0.03330,0.03688,0.02389,0.04659,0.06944,0.69637,-0.02231,0.02832,0.44637,0.47893,0.48049,0.72150,0.00808,0.45566,0.35575
0.70240,0.39751,0.03920,0.28538,0.04419,0.02384,0.02490,0.58922,-0.01042,0.05390,0.01343,0.03041,0.02382,0.47094,-0.01505,0.03512,0.64132,0.04935,0.04846,0.06128,0.02511,0.03237,0.73181,0.03583,0.04945,0.29602,0.68995,0.29206,0.63928,0.03558,0.26953,0.62439
0.76531,0.57517,0.01005,0.36479,0.04397,0.01818,0.01998,0.34611,0.02218,0.01455,0.05801,0.01863,0.02034,0.38072,0.02318,0.03062,0.62845,0.01782,0.00280,0.02602,0.01062,0.00156,0.27169,0.04792,0.03344,0.70700,0.57799,0.41157,0.54758,0.00825,0.29415,0.38348
0.53730,0.29532,0.05520,0.24042,0.02023,0.05541,0.02190,0.49601,0.02161,0.02495,0.00930,0.02861,-0.00635,0.65377,0.04489,0.00442,0.51655,0.02699,0.00932,0.02633,0.02717,-0.00044,0.37294,0.00174,-0.01184,0.43529,0.71570,0.48713,0.57457,0.00625,0.60213,0.52054
0.50236,0.55734,0.02319,0.40354,0.05075,0.02111,0.02870,0.76610,0.00022,0.06588,0.00232,0.02196,0.03350,0.65407,0.02956,0.01599,0.62302,0.03090,0.02298,0.02779,0.01286,0.03633,0.53952,0.02148,0.00973,0.76497,0.39649,0.55764,0.32371,0.02554,0.36791,0.70982
0.53607,0.68982,0.03013,0.28809,0.05220,0.03011,0.02834,0.62881,0.04397,0.05329,0.01124,0.00473,0.05133,0.43124,0.03882,0.04290,0.30943,0.02993,0.06300,0.03262,0.02920,0.04342,0.34240,-0.00279,0.04457,0.48509,0.51551,0.41434,0.57168,0.08227,0.53874,0.41223
0.56521,0.70209,0.05230,0.31048,0.04832,0.06288,0.01712,0.51197,0.05364,0.06337,0.01301,-0.01443,0.05728,0.38686,0.03438,0.02659,0.70378,0.04686,-0.02004,0.05077,0.02080,0.03520,0.52836,0.00434,0.03290,0.76263,0.57637,0.30955,0.71127,0.06846,0.49720,0.58489
0.71021,0.71870,0.04980,0.56847,0.05783,0.03198,0.07463,0.39086,0.04386,0.02333,0.04148,0.00040,0.00444,0.27934,-0.01133,0.04307,0.39000,0.02361,0.04852,0.04495,0.00865,0.03966,0.51161,0.04467,0.01359,0.57993,0.27154,0.42691,0.46007,0.02896,0.45447,0.25019
0.36896,0.49147,0.02609,0.68487,0.03012,0.02964,0.04813,0.75814,0.02506,0.04325,0.05620,0.05461,-0.01474,0.33736,0.02574,-0.00384,0.62141,0.05576,0.02370,-0.00149,0.01060,-0.00947,0.32026,0.06180,0.03484,0.44858,0.73465,0.36895,0.56259,0.06223,0.57385,0.37420
0.38787,0.66781,0.01346,0.43906,0.04504,0.06810,0.02658,0.44887,0.06019,0.01608,0.02661,0.04338,0.02529,0.26011,0.00842,-0.03358,0.75883,0.05633,-0.00877,0.02532,0.03545,0.07540,0.69330,0.02289,0.04368,0.53796,0.68759,0.28873,0.56473,0.04186,0.49318,0.60110
0.57121,0.38075,0.04127,0.30151,0.03164,0.04172,0.03915,0.24183,0.03795,0.01894,0.01691,0.06062,0.04555,0.60523,0.04437,0.02438,0.30669,0.02747,0.02721,0.02055,0.01127,0.05045,0.63325,0.03439,-0.00045,0.56507,0.37864,0.47852,0.65341,0.01275,0.32303,0.32026
0.62496,0.25557,0.02940,0.56875,0.02718,0.07025,0.01887,0.36079,0.09952,0.04165,0.02287,-0.01462,0.03991,0.55308,0.01656,0.00228,0.27281,0.03074,-0.00049,0.03510,0.03419,0.04141,0.72265,0.04897,0.02643,0.34823,0.58903,0.65640,0.46027,0.05783,0.57655,0.35042
0.69639,0.64694,0.03400,0.36369,0.03569,-0.00145,0.02479,0.71103,0.01979,0.05555,0.03389,0.04684,0.04365,0.69977,0.03249,0.00144,0.40447,0.04611,0.01992,0.03196,0.02890,0.03941,0.31959,0.07643,0.03584,0.34903,0.30749,0.47134,0.67414,0.00180,0.44516,0.41137
0.48666,0.72417,0.01128,0.73353,0.02996,0.01070,0.04123,0.33147,0.01347,0.03401,0.04396,0.00876,0.02462,0.44703,0.02987,0.00077,0.35017,0.02764,0.02740,0.05980,0.05508,-0.01535,0.71029,0.00400,0.08130,0.50299,0.59938,0.39986,0.71682,0.03851,0.53414,0.44651
0.39078,0.59453,0.03229,0.35504,0.04259,0.02062,0.03962,0.62629,0.05012,0.01608,0.00901,0.02435,0.02384,0.68262,0.00122,0.01485,0.46542,0.03166,0.00447,0.04889,0.02963,0.03282,0.72729,0.04657,0.05397,0.44143,0.59816,0.48295,0.35897,0.02601,0.31153,0.39913
0.31158,0.39811,0.04763,0.53493,0.00538,0.05035,0.04867,0.63298,0.04240,0.00922,0.02614,0.00694,-0.00080,0.47304,0.04840,0.02568,0.65955,0.01381,0.01159,0.03546,-0.00814,0.05789,0.55368,0.03525,0.02963,0.62728,0.51168,0.44320,0.60860,0.01366,0.52490,0.55738
0.71228,0.26630,0.02540,0.38329,0.04030,0.03199,0.00282,0.31975,0.00035,0.02524,0.02667,0.09228,0.03012,0.58056,0.00694,0.01200,0.23280,0.00678,0.01530,0.02701,0.01853,0.01320,0.40279,0.03894,0.03266,0.59373,0.44906,0.71953,0.25589,0.02288,0.69714,0.33955
0.34636,0.73504,0.05415,0.72468,0.02470,0.01387,0.06011,0.38372,0.01875,0.01896,0.02940,0.06414,0.02077,0.52415,0.02525,0.00015,0.70403,0.02870,0.01559,0.01186,0.06634,0.03450,0.54868,0.05185,0.02890,0.49333,0.68722,0.77035,0.53261,0.02866,0.72070,0.49524
0.54917,0.70462,0.00524,0.34354,0.02385,0.05014,0.02877,0.32640,-0.00777,0.08168,0.03784,0.04591,0.05465,0.39524,0.04845,0.03097,0.59432,0.06187,0.00475,0.04818,0.00686,-0.02217,0.43744,0.06953,-0.01720,0.32976,0.55948,0.51644,0.44300,0.05459,0.25739,0.69404
0.46062,0.25756,0.03796,0.72346,0.06721,0.03666,-0.02363,0.72988,0.04316,0.01847,0.05281,0.04312,0.04822,0.70782,0.03633,-0.02964,0.54437,0.05152,0.04421,0.00563,0.01037,0.02503,0.40390,0.03531,0.05986,0.70721,0.44660,0.36687,0.61707,0.06328,0.28532,0.64878
0.66516,0.51486,0.02920,0.30914,0.02439,-0.01491,-0.00476,0.62439,0.03257,0.03174,0.02301,0.00902,-0.03700,0.45560,0.03956,0.03780,0.68503,0.01324,0.03716,0.01360,0.03781,0.01608,0.37085,0.01016,0.03418,0.47948,0.45188,0.69122,0.55956,0.07285,0.59597,0.43720
0.57844,0.34532,0.03284,0.73414,0.07552,0.00638,0.05237,0.44243,0.04140,0.00845,0.00738,0.01687,0.05866,0.52844,0.01183,0.05199,0.37186,0.02139,0.03441,0.00284,-0.00035,0.04553,0.42869,0.03380,0.02748,0.34396,0.69121,0.30961,0.66674,-0.02192,0.32361,0.33229
0.50365,0.53952,0.01681,0.34859,0.07666,0.01750,0.02924,0.48447,0.03125,0.01262,0.00699,0.03285,0.05183,0.62323,0.04366,0.04502,0.41339,0.02598,-0.00173,0.03436,0.01837,0.06709,0.41247,0.00283,0.00165,0.71136,0.38915,0.41901,0.71052,0.04620,0.46669,0.37174
0.58256,0.39386,-0.00073,0.31796,0.00746,0.00611,0.02101,0.55005,0.04325,0.02539,0.07305,0.05129,0.04110,0.62099,0.00973,0.04087,0.38751,0.01263,0.04016,0.04476,0.04967,0.03980,0.37850,0.03986,0.02880,0.66494,0.65578,0.44231,0.68194,0.01935,0.75588,0.61264
0.56832,0.51780,0.02765,0.59591,0.03777,0.00992,0.04296,0.53839,0.03452,0.05858,0.00421,0.02338,0.00868,0.64528,0.07789,0.03232,0.57561,0.09891,0.04114,0.05896,0.03496,-0.01550,0.61459,0.02427,0.03982,0.31751,0.49723,0.27414,0.54494,-0.00099,0.29357,0.54652
0.71661,0.45834,0.00684,0.58902,0.04715,0.01424,0.03638,0.48243,0.03920,0.00869,0.02498,0.01563,-0.02080,0.71731,-0.01365,0.02465,0.29329,0.03885,0.03808,0.02236,0.02770,0.03768,0.66780,0.04808,-0.01155,0.62000,0.33767,0.33100,0.26971,0.01892,0.68344,0.64049
0.50948,0.52864,-0.01968,0.46188,0.03278,0.02727,0.00669,0.46800,0.02400,0.04606,0.01775,0.04714,0.02951,0.44454,0.01042,-0.00262,0.57759,0.01864,0.03995,0.00492,0.03276,0.02986,0.40015,0.04073,0.02461,0.50455,0.31313,0.71870,0.25387,0.05740,0.63322,0.36573
0.48275,0.46664,0.04921,0.44545,0.01311,0.02915,0.00900,0.28318,0.02488,0.00813,0.03319,0.03018,0.03398,0.57240,0.02237,0.04238,0.35392,0.04301,0.06360,-0.00045,0.01404,0.01011,0.40408,0.03514,0.04596,0.26465,0.61543,0.63887,0.39044,0.01320,0.57391,0.57749
0.45107,0.66256,0.03604,0.71736,0.06720,0.04473,0.05362,0.59982,0.03868,0.03910,0.01224,0.03948,0.04534,0.49427,-0.02901,0.01343,0.77738,0.00694,0.04535,0.05167,0.02224,0.00313,0.30034,0.04282,0.03494,0.33800,0.41539,0.45615,0.47323,0.04094,0.64211,0.48683
0.60796,0.38135,0.04008,0.51228,0.07010,0.06413,0.00553,0.73643,0.01270,0.06266,0.03479,-0.00116,0.02256,0.41492,0.02429,0.05835,0.56278,0.03295,0.03757,0.02821,0.00219,0.00667,0.31348,0.06066,-0.00273,0.45134,0.26983,0.36955,0.35944,0.03106,0.71161,0.22401
0.64495,0.43494,0.02413,0.63255,0.04133,0.03657,0.02015,0.35586,0.02910,0.02253,0.06798,0.01085,0.04679,0.38824,0.03755,0.01542,0.51088,0.03208,0.01819,0.04024,0.03567,0.00881,0.33214,0.05161,0.00347,0.70247,0.61688,0.34961,0.38530,0.04542,0.69294,0.69816
0.39405,0.31082,0.02879,0.75377,0.01809,0.03995,0.03755,0.37344,0.00119,0.05073,0.04124,0.01752,0.02481,0.76863,0.00954,0.02114,0.69046,0.00971,-0.01362,0.06236,0.03828,0.02910,0.38484,0.03891,0.03071,0.67545,0.58918,0.25201,0.44219,0.05600,0.42251,0.67618
0.33079,0.70175,0.02563,0.31501,0.05512,0.00393,0.05043,0.39290,0.00275,0.04852,0.00526,0.05090,0.01696,0.45339,-0.00721,0.05225,0.33698,0.01644,0.06514,-0.00250,0.04970,0.04326,0.43292,0.00120,0.03507,0.27731,0.43003,0.69093,0.66597,0.02749,0.61000,0.52732
0.54792,0.71805,0.01406,0.74981,-0.01068,0.02076,0.04825,0.26696,0.03062,0.03315,0.05830,0.02899,-0.00438,0.70853,0.05239,0.04959,0.44103,0.01862,0.01086,0.01020,0.05683,0.01709,0.50506,0.01966,-0.01225,0.71101,0.32928,0.30428,0.45450,-0.02170,0.25996,0.61652
0.56560,0.48177,0.03410,0.53058,0.01688,0.05373,-0.01128,0.66939,0.05348,0.01779,0.00752,0.01520,0.05420,0.57018,0.04523,0.01885,0.46322,0.04024,0.03913,0.01617,0.04563,0.03960,0.34621,0.05024,0.02591,0.63802,0.57296,0.30015,0.28447,0.03841,0.36200,0.33630
0.62091,0.67805,0.02121,0.73229,0.05079,0.05458,0.02841,0.28222,0.03674,0.02476,-0.00819,0.04103,0.03785,0.41002,0.00515,-0.00666,0.28923,0.03839,0.02065,0.06876,-0.00065,0.07296,0.41703,0.04453,0.02457,0.73737,0.34309,0.55587,0.61955,0.02810,0.40249,0.54618
0.71893,0.48808,0.01555,0.49109,0.03371,0.03967,0.07053,0.48009,0.04015,0.03269,-0.01860,0.04348,0.06622,0.59483,0.02172,-0.02148,0.71482,0.06359,0.02108,0.01399,0.03198,0.04178,0.46743,0.08654,0.04827,0.66031,0.64221,0.27339,0.44081,0.03344,0.55542,0.65116
0.35623,0.74071,-0.02366,0.29651,0.03886,0.03377,0.02786,0.37067,0.04472,0.02617,0.04337,0.02731,0.00870,0.40955,-0.01089,0.02800,0.72899,0.01010,0.06665,0.04306,0.04947,0.03202,0.69433,0.05278,0.03364,0.63103,0.39421,0.39566,0.43311,0.04381,0.32803,0.61025
0.70496,0.27964,0.03106,0.26995,0.05618,0.01698,0.02788,0.39920,0.02696,0.04750,0.01408,0.04591,0.05355,0.37416,0.04401,0.02502,0.68517,0.03994,0.05286,0.01764,0.01434,0.01319,0.56650,0.02680,0.02145,0.49164,0.53126,0.60771,0.24487,0.00979,0.28032,0.58556
0.71855,0.65118,0.02066,0.75698,0.05385,0.01032,0.06197,0.50733,0.03559,0.00597,0.04751,0.02160,0.05189,0.35345,0.02399,0.01962,0.42933,0.02477,0.02088,0.04486,0.04339,0.02355,0.71512,0.02914,0.01856,0.46342,0.37249,0.67704,0.36861,0.03045,0.41871,0.64685
0.68087,0.40575,-0.00486,0.55232,-0.00162,0.02802,0.02943,0.30314,0.05347,0.01248,0.04126,0.03192,0.02025,0.42289,0.03047,0.03674,0.64838,0.03550,0.00066,0.04992,0.04283,0.05167,0.49506,0.00855,0.03706,0.40026,0.73832,0.63649,0.25584,0.03813,0.69688,0.52326
0.27855,0.40527,0.00930,0.26080,0.04765,0.02731,0.06752,0.51532,0.04336,0.00502,0.06000,0.02136,0.04083,0.55502,0.03411,0.04950,0.73212,0.02497,0.01357,0.05002,0.01360,0.01053,0.39033,0.04070,0.01936,0.74208,0.67821,0.65930,0.35596,0.04528,0.69930,0.62850
0.49827,0.68075,0.02064,0.50399,0.02580,0.02118,0.06990,0.46578,0.01849,0.02330,0.00163,0.05378,0.00500,0.53919,0.04119,0.02544,0.40025,0.00668,0.00263,0.02943,0.04047,0.07150,0.46796,0.00422,0.02352,0.38198,0.40201,0.44015,0.29122,-0.01702,0.41248,0.59366
0.51310,0.39177,0.01942,0.23357,0.04417,0.04820,0.08793,0.63103,0.00432,0.03292,0.00753,0.04507,0.04999,0.39635,0.05311,-0.01778,0.26934,0.00807,0.08075,0.05163,0.02862,0.02731,0.73741,0.01466,0.02938,0.35037,0.51535,0.67252,0.39948,0.04180,0.78482,0.49539
0.57050,0.67545,0.06329,0.36409,0.03655,0.01866,0.02443,0.75136,0.01627,0.06736,-0.00022,0.05181,0.07373,0.52492,0.01167,0.06275,0.68109,0.02915,0.08282,0.03378,0.00177,0.05566,0.56261,0.03003,0.04641,0.52228,0.63636,0.48206,0.66467,0.01837,0.39230,0.55130
0.61658,0.43698,0.04470,0.42876,0.01432,0.01157,0.06888,0.44618,0.03400,0.04552,0.00008,0.03905,0.03479,0.73563,0.04700,-0.00921,0.67013,0.03945,0.04159,0.02357,0.05663,0.02513,0.25824,0.02555,0.01216,0.41446,0.53505,0.42127,0.74070,0.00854,0.28477,0.55148
0.67129,0.47826,0.04085,0.59316,0.03245,0.02159,0.04780,0.41984,0.01646,0.02937,0.02399,0.02595,0.06503,0.72027,0.00944,0.02812,0.40912,0.03079,0.02683,0.04652,0.01789,0.02000,0.64682,0.04506,0.04479,0.73846,0.25489,0.38623,0.53992,0.06743,0.55434,0.38896
0.70838,0.69401,0.04751,0.38986,0.06161,0.06963,-0.00817,0.65988,-0.00956,0.00905,0.02906,0.02462,0.06620,0.38878,0.02631,0.01743,0.58937,0.01029,0.01892,0.00981,0.04454,-0.00664,0.72906,0.01216,-0.00047,0.68196,0.49176,0.43449,0.39291,0.02578,0.52648,0.52637
0.43934,0.47929,0.03026,0.55934,-0.00142,-0.00530,0.05857,0.59301,-0.01659,0.04265,0.07821,0.03107,0.03656,0.57323,0.00804,0.05263,0.59532,-0.00299,0.01112,0.04360,0.09972,-0.00902,0.39081,0.05526,0.08192,0.61217,0.56592,0.41755,0.36874,0.00878,0.67331,0.34912
0.42881,0.70796,0.02265,0.40248,0.01408,0.02348,0.03680,0.65186,0.03728,0.04185,0.06780,0.04348,0.03377,0.70338,-0.00174,0.03276,0.46052,0.02840,0.05399,0.03637,0.06156,0.00967,0.45119,0.05112,0.00523,0.33487,0.47519,0.50494,0.57722,-0.01170,0.39054,0.72451
0.54412,0.43300,0.04477,0.49646,-0.00166,0.02482,0.02784,0.71215,0.00814,0.06957,0.03221,0.02646,0.04552,0.49768,0.00903,0.00879,0.59212,0.02243,0.02887,0.04610,0.02345,0.00360,0.71526,0.02347,0.01839,0.32000,0.42317,0.54670,0.30131,0.03063,0.45905,0.76049
0.46126,0.68198,0.04587,0.28432,0.03978,0.06859,0.07876,0.71493,0.01714,0.04208,0.04719,0.06435,0.02705,0.48600,0.02274,-0.01357,0.30979,0.02911,0.02060,0.06204,0.01808,0.07372,0.67639,0.04049,0.01223,0.43377,0.44586,0.34327,0.45395,0.03331,0.56558,0.53795
0.62627,0.64832,-0.00360,0.62019,0.00413,0.03456,0.02896,0.48964,0.00460,0.03985,0.02165,0.01117,0.05068,0.52317,0.05987,0.01528,0.63877,0.03190,0.03862,0.01680,0.03494,0.00455,0.25466,0.00214,-0.02182,0.35617,0.42319,0.55849,0.35792,0.03632,0.45912,0.24826
0.29936,0.46303,0.04871,0.35697,0.04635,0.02584,0.00980,0.30239,0.01229,0.07708,0.09290,0.03822,0.09043,0.35576,0.03291,0.01420,0.29430,-0.01629,0.03842,0.03160,0.06728,0.01618,0.71110,0.01341,0.03267,0.44753,0.37750,0.43171,0.31249,0.01242,0.36804,0.69413
0.69693,0.62446,0.02723,0.37063,0.01150,0.03075,0.04417,0.69614,0.05170,0.02105,-0.00942,0.05832,0.02920,0.67353,0.02864,0.02748,0.33623,0.02564,0.00211,0.05092,0.04653,0.00135,0.67239,0.00123,0.01521,0.65329,0.68907,0.62683,0.32387,0.05691,0.34714,0.27819
0.25272,0.41533,0.05412,0.49914,0.04192,0.00204,0.01248,0.74487,0.05829,0.06365,-0.00984,0.03556,0.01916,0.24548,0.04380,0.06418,0.75489,0.00867,0.03945,0.01906,0.01237,-0.01075,0.32669,0.04310,0.06042,0.28585,0.52893,0.42181,0.47945,0.02484,0.61803,0.61220
0.42246,0.30710,0.02227,0.26978,0.00749,0.02728,0.03881,0.47296,0.02913,0.06800,0.00323,0.03733,0.03598,0.47374,0.02629,0.03266,0.52952,0.04493,0.04666,0.01137,0.01395,0.02958,0.49630,0.06051,0.03655,0.72763,0.61334,0.29073,0.55954,0.00172,0.56792,0.64723
0.73603,0.58345,0.02115,0.24469,0.02431,0.03372,-0.00718,0.29830,-0.00668,0.05303,0.02514,0.02573,0.06697,0.68021,0.02542,0.06011,0.60765,0.05261,0.03345,0.02342,0.04224,0.02487,0.28060,0.06966,0.06221,0.54311,0.35208,0.63903,0.76404,0.01283,0.51312,0.64287
0.69425,0.47684,0.04172,0.53055,0.02865,0.02109,-0.00402,0.52358,0.05931,0.03335,-0.00656,0.01835,0.05207,0.41840,0.00755,0.04943,0.64743,-0.00374,0.04070,0.01401,0.03406,0.05524,0.28388,0.01641,0.02200,0.49772,0.55333,0.46847,0.43604,0.04330,0.30521,0.68162
0.27636,0.38185,0.02559,0.53414,0.02608,0.02094,0.00294,0.64047,0.02037,0.02719,0.05419,0.02012,0.03823,0.33296,0.04703,0.04202,0.60452,0.03431,0.04642,0.03284,0.03565,0.00930,0.62837,0.00732,0.04695,0.54520,0.26229,0.33827,0.43358,-0.00165,0.60525,0.32797
0.59799,0.52595,-0.00959,0.34892,0.04323,0.05613,0.02848,0.46096,0.03523,0.02636,0.05569,0.04920,0.04855,0.53250,0.00084,0.00926,0.39980,0.05965,0.02258,0.01633,0.01620,0.09263,0.41419,0.01104,-0.00096,0.29974,0.38612,0.68087,0.27995,0.03752,0.46285,0.68386
0.32598,0.66292,0.02645,0.58947,0.01173,0.02127,0.00043,0.30653,0.05017,0.02361,0.07991,0.00493,0.04689,0.33228,0.02558,0.05170,0.56584,0.02614,0.04838,0.02672,0.04872,-0.03458,0.36068,-0.00454,0.05823,0.39623,0.48473,0.28320,0.58874,0.03760,0.60094,0.68013
0.64960,0.75652,0.01576,0.45577,0.04089,0.04042,0.05631,0.68518,0.03614,0.00366,0.04316,0.04567,0.02199,0.52287,0.00705,0.03728,0.27353,0.02222,0.02948,0.02255,0.01962,0.03071,0.68672,0.03202,0.03885,0.65806,0.74250,0.33134,0.46532,0.01867,0.47800,0.26919
0.35984,0.62215,-0.00082,0.41391,-0.00187,-0.00269,0.03627,0.50372,0.03920,0.01916,0.03138,0.02858,0.03853,0.70138,0.01432,0.04222,0.43898,0.03703,0.00339,0.02058,0.04993,0.08626,0.57605,0.03647,0.04795,0.34492,0.31724,0.36125,0.62974,0.06137,0.48420,0.26045
0.67380,0.44635,0.04348,0.45661,0.01966,0.03997,0.00942,0.38872,0.04297,0.00711,0.00353,0.02065,0.02727,0.47865,0.01463,0.00097,0.48392,0.04076,-0.00324,0.04047,0.00127,0.03524,0.37721,0.04119,0.02676,0.42739,0.66970,0.47158,0.57625,-0.01861,0.41916,0.53865
0.52094,0.73451,0.04922,0.43233,0.02817,0.02567,0.04944,0.47361,-0.00541,0.05642,0.02044,0.06614,0.06767,0.46592,0.00521,-0.01084,0.73528,0.01068,0.01352,0.02513,0.05658,0.01725,0.59606,0.07325,0.02903,0.57307,0.48272,0.59155,0.69459,0.03293,0.32382,0.63607
0.45457,0.46971,0.02501,0.68550,0.04439,0.02692,0.01053,0.71079,0.05206,0.09445,0.04146,0.04947,0.01559,0.69280,0.04130,0.02097,0.32301,0.04063,0.02085,0.03016,0.04540,0.03104,0.67117,0.01553,0.05188,0.39453,0.72196,0.29922,0.39942,0.08982,0.62534,0.35410
0.68978,0.41332,0.03464,0.72507,0.04044,0.01781,0.03096,0.62277,0.01392,0.01112,0.04838,0.02284,0.01905,0.66226,0.01422,0.03850,0.44250,0.04703,0.03935,0.01102,0.02124,0.02742,0.69469,0.00935,0.01669,0.33085,0.49066,0.43246,0.39696,0.04401,0.52480,0.63186
0.74218,0.49850,0.00671,0.54778,0.00695,0.06055,0.01742,0.75534,0.03389,0.04569,0.03762,0.02869,0.06293,0.46297,0.06391,0.04679,0.55052,0.04552,0.02864,0.01163,-0.05120,0.04847,0.30403,0.01690,-0.00520,0.31501,0.59354,0.64139,0.72334,0.02847,0.74236,0.68008
0.43700,0.57720,0.05213,0.35056,0.03491,0.04857,0.04842,0.41657,0.04218,0.02462,-0.00022,0.03493,0.04730,0.53997,0.01266,0.03661,0.55559,0.02094,0.01206,0.02672,0.02140,0.07907,0.52646,0.04935,0.05311,0.32544,0.65410,0.45591,0.73049,0.04894,0.35256,0.64104
0.71586,0.42863,0.03327,0.33564,0.00361,0.00164,0.01165,0.38615,0.06128,0.05217,0.02028,0.03866,0.05030,0.30249,0.02111,0.05758,0.70687,0.01084,0.04321,0.01931,0.00779,0.05588,0.69020,0.02064,0.04893,0.64286,0.43156,0.52107,0.59214,0.01951,0.68276,0.64711
0.65633,0.62783,0.03201,0.69839,0.01764,0.06661,0.00698,0.45500,0.05337,0.04675,0.03075,0.05320,0.02493,0.74572,0.06566,0.02063,0.55415,-0.00698,0.06645,0.02248,0.00875,-0.00464,0.70129,0.00709,0.06233,0.70866,0.36510,0.66825,0.73967,0.04173,0.72258,0.39076
0.64951,0.72106,0.04471,0.56285,0.07018,0.01039,0.02296,0.29166,0.02958,0.04070,0.01559,0.03927,0.05518,0.47070,0.03917,0.05142,0.40208,0.00992,0.05786,0.04119,0.05519,0.05349,0.46018,0.02654,0.05911,0.64004,0.70569,0.73227,0.36150,0.01837,0.68041,0.27402
0.46742,0.66107,0.03323,0.69617,0.02228,0.02381,0.03100,0.55618,0.03435,0.00678,0.03310,0.05523,0.02511,0.44573,-0.02494,-0.00366,0.28406,0.00804,0.00085,0.01594,0.03507,-0.00262,0.56068,0.03787,0.00659,0.49316,0.38182,0.46974,0.49183,0.06405,0.47296,0.74302
0.40074,0.50039,0.04065,0.64807,0.02664,0.05267,0.04503,0.46294,0.01551,0.01866,0.02244,-0.02861,0.04163,0.38984,0.03010,0.06547,0.65896,0.00208,0.01569,0.05811,0.02519,0.00519,0.69086,0.05249,0.02463,0.70558,0.30669,0.62453,0.43679,0.02117,0.49036,0.40898
0.56638,0.65950,0.04452,0.57769,0.01646,0.01868,0.03550,0.73317,0.02591,-0.00735,0.04543,0.01783,0.04551,0.67473,0.03704,0.04956,0.46178,0.02045,0.04482,0.04229,0.03226,0.01722,0.26290,-0.00762,0.02267,0.56152,0.48345,0.57520,0.63286,0.08049,0.28568,0.64685
0.69788,0.53933,0.03247,0.52526,0.01866,0.04689,0.00079,0.66135,0.05093,0.05021,0.05578,0.04179,0.01981,0.34479,0.03953,0.02659,0.26945,0.05048,0.04068,0.06178,0.03455,0.05335,0.66434,0.02834,0.00774,0.43812,0.43031,0.71548,0.27697,0.00225,0.44577,0.71581
0.51884,0.55784,-0.01924,0.66778,0.03350,0.02165,0.04266,0.56033,0.01288,0.03084,0.04445,0.02289,0.04242,0.38200,0.03998,-0.01532,0.69906,0.02978,0.03191,0.01114,0.01828,0.01328,0.56062,-0.00893,0.02831,0.40240,0.48969,0.26296,0.27385,0.04385,0.46073,0.53519
0.75530,0.25927,0.02100,0.73079,0.05130,0.02299,0.03140,0.71230,0.01909,0.05261,0.02407,0.01732,-0.00272,0.52846,0.05093,0.05118,0.39149,0.03158,0.04823,0.02517,0.04344,0.06227,0.63581,0.05265,-0.00084,0.41643,0.64742,0.42407,0.45243,0.02696,0.69286,0.46953
0.37148,0.60057,0.02523,0.28741,-0.00371,-0.02665,0.00456,0.33593,0.03003,0.03117,0.05040,0.06384,0.03322,0.77092,0.02191,0.04223,0.60319,0.00763,0.02880,0.02925,0.05714,0.03271,0.43376,0.03909,0.01990,0.52618,0.54035,0.55551,0.74759,0.00897,0.44920,0.69366
0.27365,0.35296,0.04247,0.63561,0.05591,0.04976,0.02700,0.42001,0.00438,0.04284,0.04021,0.00531,-0.00473,0.66064,0.05137,0.00612,0.72716,0.03613,0.02592,0.07879,-0.01823,0.03001,0.60727,0.02861,0.07349,0.68161,0.45999,0.61298,0.59764,0.05409,0.42225,0.23762
0.27491,0.27733,-0.00074,0.41496,0.05193,0.00729,0.03815,0.41317,0.05324,0.04284,-0.00383,0.05329,0.00246,0.24635,0.03016,0.04758,0.63440,0.02778,0.03088,0.05983,0.01630,0.02841,0.74484,0.06951,0.05349,0.37490,0.30129,0.54994,0.28081,-0.01923,0.49721,0.28633
0.60116,0.55893,-0.00364,0.36786,0.04637,0.03429,0.04134,0.35688,0.02428,0.03942,0.02502,0.02933,0.03621,0.62058,0.03296,0.04409,0.45955,0.08132,0.04535,0.03418,0.06136,0.04642,0.55000,0.03088,0.02051,0.72644,0.71753,0.37296,0.29049,0.05751,0.25506,0.31780
0.43295,0.41181,0.02117,0.41868,0.04677,0.00867,0.07402,0.42669,0.02922,-0.02185,0.03295,0.02462,0.04145,0.35469,0.00196,0.04606,0.50757,0.00307,0.05312,-0.01138,0.08573,0.07147,0.33956,0.01358,0.03737,0.45446,0.34715,0.53015,0.75543,0.03350,0.39083,0.56044
0.64330,0.30547,0.05790,0.72370,0.04868,0.02420,0.02978,0.45214,0.02330,0.07175,0.03609,0.03232,0.05983,0.27529,0.00751,0.03464,0.75724,0.05058,0.04080,0.01090,0.00446,0.03940,0.48438,0.03913,0.04410,0.52491,0.71973,0.51757,0.36683,0.02333,0.64926,0.31674
0.26874,0.43680,0.03633,0.57187,0.01968,-0.00126,0.04639,0.40420,-0.00356,0.03987,0.04975,0.02169,0.00755,0.46428,0.04275,0.07495,0.56302,0.03989,0.04931,0.02900,0.05564,0.01501,0.66548,-0.02333,-0.01682,0.51567,0.36222,0.32843,0.65702,0.00143,0.54685,0.66254
0.42543,0.53504,0.01618,0.54076,0.03146,0.01840,0.00609,0.40800,0.04196,0.01129,0.03327,0.08298,-0.00062,0.32930,0.06539,0.06531,0.51687,0.02808,0.04481,-0.00045,0.04638,0.02360,0.25066,0.00405,0.02805,0.61815,0.54892,0.32572,0.63104,0.03463,0.28181,0.30262
0.43471,0.36356,0.02602,0.43267,-0.00967,-0.01383,-0.01145,0.48320,0.02819,0.04511,0.03342,0.01056,0.01519,0.31872,0.02513,0.02219,0.40653,0.01856,0.00362,-0.00804,0.05486,0.04308,0.63648,0.01605,0.03408,0.47802,0.51623,0.52967,0.48043,0.03801,0.52432,0.67457
0.54407,0.24247,0.04118,0.63824,0.02640,0.00869,0.01794,0.75540,0.03716,0.04357,0.04771,-0.01204,0.07567,0.52693,0.05315,0.04172,0.54444,0.01509,0.01451,0.09361,0.02397,0.05053,0.75325,0.03045,0.01399,0.35452,0.59348,0.57653,0.69107,0.04142,0.38792,0.59818
0.65945,0.27920,0.05967,0.73080,0.01410,0.03609,0.02563,0.70091,0.00848,0.01491,0.01930,0.03826,0.03872,0.70285,-0.01081,0.01852,0.37375,0.01466,0.02096,0.02283,0.07723,0.03162,0.61756,0.02703,0.00111,0.62647,0.34132,0.63591,0.35500,0.06658,0.70625,0.61742
0.51144,0.69223,0.04683,0.54552,0.02210,0.04150,0.01857,0.39325,0.01848,0.03112,-0.00733,0.01660,0.04583,0.49962,0.01451,0.03684,0.44671,0.02747,0.01137,0.02545,0.01541,0.02709,0.26803,0.03979,-0.02666,0.31418,0.44730,0.39442,0.60971,0.00496,0.74308,0.58528
0.62307,0.31307,0.05694,0.61640,0.05664,0.02513,0.05565,0.45319,0.04301,0.03315,0.02015,0.02330,0.05792,0.26470,0.03233,0.02099,0.39763,0.05074,0.05214,0.01383,0.04625,0.01859,0.75491,0.04103,0.02279,0.26859,0.33299,0.26064,0.42210,0.02864,0.49337,0.41792
0.71634,0.63571,0.03266,0.68456,0.02727,0.05202,0.00446,0.59004,0.01554,0.02957,0.06582,0.02556,0.01266,0.73980,-0.02343,-0.02505,0.31506,0.02740,0.03325,0.01877,0.00180,0.03572,0.53647,0.02472,0.03286,0.61069,0.36290,0.37553,0.67831,0.01448,0.35597,0.49652
0.69332,0.61473,0.02677,0.45389,0.02043,0.02483,-0.01705,0.50202,0.03594,0.02671,0.03543,0.04555,0.01999,0.69826,0.00905,0.03532,0.51338,0.02816,0.03480,0.02449,0.01132,0.04756,0.72123,0.03699,0.04233,0.45868,0.63836,0.61814,0.48355,0.01209,0.44287,0.45070
0.66075,0.45154,0.03044,0.28394,0.02383,-0.00298,0.05862,0.41342,0.03593,0.06150,0.02268,0.00317,0.03817,0.63822,0.01036,-0.01473,0.46826,0.05033,0.02731,0.01566,0.03984,0.03634,0.39327,0.02522,0.05120,0.46729,0.73315,0.52872,0.70094,0.06083,0.66497,0.37911
0.73268,0.65064,0.03362,0.65138,-0.00370,0.00365,-0.00442,0.65330,0.03592,0.03163,0.02009,0.07677,0.05531,0.31809,0.03544,0.04390,0.47484,0.04169,0.02771,0.00628,0.03994,0.05627,0.46483,0.01283,0.06470,0.26090,0.53732,0.73697,0.49741,0.02054,0.37359,0.42751
0.53070,0.31974,0.02324,0.53329,-0.03297,0.02435,0.01848,0.45917,0.07565,0.04224,0.59386,0.04174,0.01020,0.62556,0.01882,0.05036,0.42657,0.06128,0.04409,0.03554,0.01914,0.01170,0.43206,0.04816,0.04116,0.47605,0.29561,0.34925,0.48301,0.00992,0.67519,0.50688
0.52205,0.42920,-0.00837,0.34406,-0.00119,-0.01496,0.06758,0.71055,0.03400,0.00516,0.70486,0.06940,0.00025,0.62722,0.04923,0.01052,0.37000,0.04664,0.03346,0.06644,0.05981,0.05558,0.47574,0.02949,0.03540,0.28792,0.39394,0.73750,0.37314,0.05081,0.31893,0.34934
0.68014,0.56861,0.00908,0.68061,0.02427,0.03547,0.03482,0.44443,0.00223,0.01281,0.50379,0.04427,0.05460,0.44055,0.05507,0.04505,0.70235,0.02217,0.04867,0.04413,0.03319,0.01837,0.73356,0.03322,0.04473,0.50511,0.66640,0.30760,0.39016,0.02302,0.31358,0.69899
0.71614,0.59845,0.01028,0.36067,0.05780,0.05253,0.02994,0.46659,0.04651,0.05541,0.61357,0.02767,0.01497,0.62442,0.02962,0.01474,0.46568,0.04735,0.04394,0.00843,-0.00362,0.01021,0.68178,0.03741,0.03484,0.75752,0.47670,0.66008,0.63887,0.02604,0.29422,0.71469
0.38335,0.63883,0.02553,0.44722,0.05751,0.04576,0.05598,0.29024,0.02435,-0.00535,0.38283,0.00894,0.01838,0.27985,0.03746,0.01461,0.34269,0.04533,0.01557,0.03891,0.03147,0.03316,0.60003,0.01373,0.00515,0.69943,0.64171,0.72414,0.71405,0.03591,0.42289,0.27331
0.60688,0.32925,-0.00894,0.29239,0.02750,-0.00507,0.08189,0.63222,0.03417,0.04879,0.44489,0.01005,0.04645,0.55502,0.04734,0.03697,0.71687,0.02781,0.05906,0.01420,0.02949,0.00617,0.62023,0.01533,0.01778,0.54426,0.44758,0.70058,0.58136,0.06645,0.63222,0.39166
0.44514,0.41224,0.06405,0.44693,0.05156,0.00342,0.01177,0.55746,0.03151,0.05861,0.59216,0.04970,0.05389,0.40025,0.00731,0.01488,0.38868,0.01967,0.00890,0.03074,0.01700,0.00469,0.51635,0.02172,0.02131,0.35078,0.47195,0.72045,0.25744,0.04480,0.26191,0.66083
0.43776,0.26949,0.01105,0.32823,-0.01480,0.08070,0.05516,0.71636,0.03956,0.03724,0.29943,0.00716,0.01413,0.66697,0.05945,0.05513,0.60022,0.08005,0.00834,0.05930,0.00410,0.04134,0.40826,0.01039,-0.00743,0.30474,0.46273,0.45829,0.51012,0.01341,0.31996,0.55840
0.50063,0.74983,0.04000,0.30022,0.00565,0.04543,0.02494,0.57268,0.01096,0.06173,0.65719,0.06891,-0.00274,0.37262,0.02304,0.03915,0.66135,0.00086,0.03146,-0.01673,0.04169,0.00766,0.28891,0.02191,0.02664,0.67412,0.34613,0.21328,0.34847,0.01858,0.48261,0.58805
0.65462,0.45381,0.02577,0.68476,0.03263,0.01961,0.03061,0.65037,0.00935,0.03167,0.26528,0.03682,-0.00831,0.63912,0.08647,0.03389,0.46137,0.02919,0.01997,0.05139,0.01124,0.06308,0.50079,0.02410,0.04745,0.71589,0.75633,0.71696,0.74375,0.01172,0.43786,0.65454
0.49549,0.26296,0.00251,0.40240,0.04928,0.02114,0.04910,0.43677,0.04015,0.06523,0.41247,0.04615,0.00458,0.59567,0.04613,0.06323,0.44828,0.03368,0.02716,0.01344,0.01287,0.07343,0.42214,0.02251,0.05986,0.64714,0.59094,0.55483,0.36604,0.05823,0.48178,0.31052
0.27726,0.71639,0.00957,0.32878,0.03963,0.01010,0.02700,0.71209,0.05477,0.03844,0.49113,0.05509,0.03728,0.22480,0.02475,0.01344,0.50989,0.05279,0.02119,0.03821,0.02347,0.03085,0.64300,0.01157,0.03999,0.51301,0.32941,0.37305,0.24065,0.03189,0.58576,0.63358
0.54276,0.57402,0.02181,0.35234,0.05303,0.02730,0.02326,0.71782,0.03000,0.02079,0.31978,0.00423,0.01394,0.38710,-0.01945,0.03681,0.69212,0.02416,0.02537,0.06349,0.04813,0.02915,0.26796,0.03858,0.05137,0.43378,0.59879,0.41866,0.53745,0.05572,0.41038,0.45700
0.38991,0.36715,0.05119,0.28823,0.03284,0.04207,0.05057,0.69277,0.01447,0.08592,0.51570,0.02297,0.02604,0.47151,0.03632,0.03166,0.30447,-0.01309,0.00770,0.00191,0.03078,0.01271,0.54467,0.02587,0.01927,0.66108,0.60215,0.33473,0.46181,0.02525,0.58674,0.66654
0.22678,0.37459,0.04251,0.69790,0.02766,0.07733,0.02794,0.52644,-0.01435,0.05476,0.61668,0.04554,0.03648,0.43187,0.02341,0.02438,0.52563,0.03498,0.03360,0.06325,0.01506,0.05386,0.28506,0.01134,0.05394,0.34756,0.49975,0.50619,0.50670,0.06756,0.38799,0.21563
0.31016,0.69747,0.02414,0.30529,-0.01090,0.03654,0.01617,0.75732,-0.00559,0.01621,0.66470,0.02762,0.05215,0.57933,0.06730,0.01508,0.41781,0.01788,0.01633,0.05441,0.00626,0.01582,0.40679,0.01505,0.04010,0.44631,0.48984,0.35573,0.51138,0.04135,0.47544,0.26438
0.52007,0.56857,0.05422,0.54682,0.01243,0.01111,0.07242,0.68958,0.00064,0.04503,0.34998,0.04427,0.01760,0.35955,0.04777,0.01327,0.74807,0.01400,0.02689,0.02061,0.02131,0.07065,0.35493,0.07078,0.02333,0.70189,0.49827,0.28172,0.59074,0.01873,0.49497,0.73278
0.60053,0.59203,0.02144,0.73523,0.04453,-0.01293,0.00969,0.64436,0.05508,0.03476,0.30932,0.00036,0.02835,0.61952,0.03770,0.04245,0.41735,0.03939,0.04824,0.06204,0.05024,0.01553,0.50117,0.04324,-0.01366,0.76088,0.70430,0.31248,0.54557,0.04589,0.61698,0.46584
0.35628,0.59438,0.04801,0.27933,0.03729,0.04137,0.04759,0.34184,0.01510,0.04502,0.32074,0.02515,0.02590,0.39765,0.01860,0.04883,0.29487,0.01387,0.03204,0.02877,0.03154,0.01573,0.26826,0.04719,0.02529,0.57726,0.40010,0.72343,0.37729,0.02312,0.58719,0.63547
0.35792,0.55709,0.03084,0.30678,0.04479,0.04524,0.03083,0.51662,-0.02228,0.01350,0.38349,0.01248,-0.01449,0.49364,-0.02179,0.03149,0.43147,0.02221,0.03565,0.03870,0.00010,0.00974,0.29810,0.06254,0.02264,0.76188,0.37221,0.51227,0.53665,0.00641,0.61119,0.46697
0.46838,0.54193,0.01448,0.56709,0.03793,0.04220,0.03761,0.23536,0.01907,0.01842,0.42765,-0.00507,0.06682,0.71398,0.02481,0.02691,0.45356,0.03253,0.02935,0.04297,0.03196,0.05838,0.50327,0.02536,0.01541,0.71061,0.41111,0.64232,0.62776,0.03509,0.36500,0.63294
0.75527,0.61498,0.03878,0.30407,0.04672,0.03895,-0.00649,0.73465,0.01865,0.02038,0.65255,0.02412,0.03115,0.28015,0.06693,0.03717,0.35082,-0.00268,0.04265,0.06755,0.03662,0.00124,0.62180,0.02306,0.07394,0.28485,0.32164,0.52223,0.26737,-0.01093,0.41017,0.64386
0.67897,0.57663,0.02225,0.41447,0.01334,0.05032,0.07818,0.71542,0.05246,0.03144,0.51404,0.02642,0.01765,0.43680,0.08318,-0.01425,0.43652,0.02401,0.06432,0.04498,0.01511,0.00138,0.63995,0.03840,-0.01392,0.66651,0.67181,0.56098,0.63703,0.03506,0.60210,0.69320
0.46415,0.27957,0.03714,0.39595,-0.00688,-0.01753,0.00730,0.54100,0.04071,-0.01167,0.34096,0.02940,0.01739,0.65939,0.05333,0.02238,0.62029,0.05892,0.00032,0.00859,0.04830,0.04517,0.55231,0.04472,0.01248,0.58991,0.38252,0.38340,0.42513,0.04460,0.33613,0.60700
0.64141,0.34695,0.03978,0.57501,0.01041,0.01889,0.01121,0.35370,0.03120,0.04143,0.54763,0.03463,0.03652,0.60250,0.02941,0.07292,0.75900,-0.00220,0.04464,0.03064,0.05392,0.03296,0.45776,0.00770,0.03345,0.74424,0.46792,0.27431,0.63434,0.01379,0.31110,0.54695
0.46437,0.52869,0.03249,0.48897,-0.00753,0.03107,0.08177,0.33537,0.05706,0.05453,0.34771,0.06037,0.02185,0.54088,0.06845,-0.00165,0.62284,0.02638,0.03574,0.03876,0.00777,0.03159,0.57402,0.02503,0.03614,0.37226,0.69496,0.31869,0.56189,0.04518,0.64494,0.68050
0.68837,0.52767,0.02477,0.63665,0.02510,0.02630,0.03176,0.47288,0.06100,0.03182,0.64018,0.03929,0.05828,0.53180,0.06058,0.04852,0.49250,0.05243,0.03682,0.02146,0.02311,0.05351,0.71228,0.03375,0.03076,0.70055,0.72990,0.65943,0.56428,0.06143,0.35702,0.59764
0.28110,0.60027,0.01780,0.46870,0.00195,0.02951,0.02019,0.26803,0.00559,0.03570,0.45814,0.07844,0.03481,0.29179,0.04375,-0.00703,0.50854,0.04844,-0.00467,0.00136,0.02173,0.04417,0.60935,0.04266,0.03644,0.35658,0.67417,0.40379,0.64474,0.00998,0.76622,0.48486
0.53823,0.30561,0.01438,0.37695,0.00208,-0.01281,0.04268,0.26753,0.02115,0.02136,0.77370,0.01070,-0.00367,0.26554,0.00561,0.03810,0.26246,0.02423,0.04045,0.01475,0.03154,0.00656,0.36194,0.02622,0.03053,0.38595,0.32038,0.67578,0.59383,0.03013,0.64684,0.52973
0.46983,0.27580,0.04633,0.30397,0.00025,0.01458,0.01784,0.60556,0.01293,0.02187,0.62965,0.04149,0.04629,0.35210,0.04548,0.02488,0.55772,0.02353,0.04353,0.02198,-0.01256,0.02577,0.30333,0.00774,0.03034,0.42799,0.25569,0.64314,0.62255,0.03435,0.63640,0.59302
0.31559,0.35300,-0.00510,0.50121,0.00355,0.02412,0.06079,0.68863,0.06472,0.03982,0.32729,-0.00572,0.06281,0.57987,0.02533,0.00957,0.69739,0.01476,0.01635,-0.00207,0.01101,-0.01633,0.44916,0.01294,0.00860,0.64211,0.65794,0.25639,0.28762,0.01119,0.56316,0.35183
0.59452,0.50940,0.01201,0.26235,0.01120,0.03379,0.03755,0.26430,0.04568,0.02933,0.73466,0.03540,0.04024,0.64525,0.03089,0.04690,0.66432,0.00910,0.00711,0.05313,0.00455,0.02832,0.46821,0.04940,0.04643,0.26364,0.51773,0.72468,0.41206,0.01912,0.51918,0.39507
0.53059,0.43077,0.02152,0.23607,0.02159,0.03518,0.01920,0.54870,0.05847,0.02810,0.26549,0.00709,0.04458,0.46266,0.03204,0.01224,0.64610,0.01462,0.00530,0.05524,-0.00787,0.00159,0.31696,0.03730,0.02675,0.39330,0.49637,0.32035,0.70736,0.04501,0.63145,0.46219
0.44683,0.58842,0.02504,0.59244,0.03364,0.01562,0.02891,0.32952,0.02148,0.01701,0.27641,0.04644,0.00955,0.42269,0.06426,0.02640,0.42801,0.03067,0.05218,0.03077,0.02850,0.01676,0.52534,-0.01038,0.03733,0.36675,0.33734,0.65585,0.40661,0.03484,0.61475,0.49797
0.51664,0.67580,0.00524,0.43913,0.02935,0.01788,0.03169,0.66219,0.01010,0.03035,0.29702,0.03638,0.04366,0.57594,0.07192,0.02309,0.65787,0.03639,0.02027,0.02740,0.02070,0.06202,0.72123,0.02195,0.02980,0.36814,0.33942,0.26684,0.36075,0.03827,0.56479,0.62149
0.35260,0.34665,0.02120,0.65075,0.01722,0.04251,0.00174,0.31412,0.02931,0.02181,0.25058,0.06044,0.03446,0.34013,0.03468,0.01461,0.74766,0.03700,0.02630,0.00603,0.04382,0.05207,0.65898,0.02907,0.00772,0.70404,0.44812,0.54760,0.40170,-0.00876,0.39526,0.61213
0.67817,0.68769,0.01963,0.80102,0.04308,0.02416,0.02859,0.55628,0.02019,0.04811,0.60619,0.04276,-0.00118,0.55336,0.01841,0.01209,0.55027,0.01234,0.00992,-0.00585,0.05842,0.01769,0.31291,0.02964,0.02130,0.36281,0.63048,0.57178,0.62350,0.01470,0.49113,0.66485
0.27871,0.60449,0.04153,0.44342,0.02805,0.03891,0.02069,0.68089,0.04949,0.00451,0.36861,0.03430,0.02348,0.40428,0.04566,0.01923,0.34595,0.02201,0.00003,0.03708,0.01061,-0.00013,0.54465,0.04701,0.03466,0.25743,0.44052,0.30878,0.49604,0.03481,0.26174,0.60717
0.30717,0.36365,0.02741,0.73415,0.02558,0.04425,0.01226,0.38311,-0.00135,0.10385,0.40142,0.03181,0.04589,0.61671,0.00490,0.06693,0.73803,0.04791,0.01253,0.05204,0.02675,0.03539,0.57502,0.03754,-0.00400,0.42339,0.43549,0.38575,0.25563,0.01480,0.67259,0.50281
0.61329,0.66164,0.08866,0.61765,0.03479,-0.02036,0.02630,0.53476,0.06658,0.06075,0.65717,0.04639,0.02518,0.24967,0.01819,0.02180,0.36346,0.05487,0.06475,0.05515,0.04867,0.00197,0.43140,0.03679,0.06105,0.26591,0.57212,0.69485,0.72457,0.03887,0.49928,0.49205
0.49811,0.69166,0.02736,0.61245,0.05652,0.00613,0.02361,0.26024,0.03590,0.04346,0.27286,0.05476,0.01657,0.47636,0.01076,0.03324,0.50063,0.03134,0.03956,0.06444,0.05031,0.05117,0.67449,0.03769,0.01179,0.58247,0.48936,0.31092,0.46959,0.05264,0.74279,0.74491
0.65516,0.39263,0.02813,0.76366,0.05265,0.01972,0.00084,0.73574,0.00842,0.01179,0.48285,-0.02287,-0.01223,0.74548,0.03780,0.00908,0.68761,0.01258,0.00732,0.03529,0.07592,-0.01786,0.59471,-0.01177,0.04856,0.72641,0.56640,0.55823,0.37298,0.02604,0.63241,0.34368
0.58268,0.51879,0.02774,0.28021,0.04642,0.01096,0.03790,0.44132,-0.00127,0.04253,0.35058,0.03393,0.05717,0.40287,0.03593,0.02363,0.72767,0.00577,0.01179,0.01513,0.04719,0.04635,0.36747,0.01110,0.02523,0.36750,0.35823,0.24691,0.50837,0.02128,0.54561,0.70947
0.30985,0.31966,0.00616,0.65944,0.03579,0.02108,-0.00237,0.70811,0.05524,0.01926,0.47436,0.03329,0.04103,0.40834,0.08324,0.03249,0.73885,0.03622,0.04030,0.03110,0.04126,0.03221,0.49989,0.05024,0.03426,0.41478,0.55006,0.51579,0.59711,0.02354,0.48101,0.64736
0.28323,0.38537,-0.01326,0.55943,0.02591,0.01608,0.03701,0.71983,0.09010,-0.01001,0.51639,0.04699,0.04656,0.29122,0.03072,0.05030,0.71771,-0.00536,0.04524,0.01650,0.02293,0.04658,0.75117,0.04139,0.01410,0.40923,0.71376,0.51858,0.74374,0.01840,0.39532,0.45253
0.52033,0.72396,-0.00888,0.34982,0.04686,-0.00100,0.04168,0.34686,0.00880,0.01053,0.32307,0.03850,-0.01004,0.51955,0.01425,0.00459,0.24849,0.03355,0.01099,0.04446,0.04165,0.04711,0.27436,0.00195,0.02423,0.55897,0.53201,0.55790,0.64690,0.01212,0.47836,0.28386
0.73870,0.55135,0.00540,0.50273,0.03822,0.01805,0.04110,0.55865,0.04957,0.01777,0.29275,-0.01323,0.09391,0.50813,0.02442,0.03098,0.74138,0.03234,0.07486,0.02523,0.00748,0.07374,0.43419,0.03432,0.05027,0.59684,0.59353,0.44709,0.29613,0.01163,0.31995,0.51031
0.49758,0.43059,0.06236,0.29674,0.00866,0.07103,0.03645,0.66364,0.02365,0.00122,0.60056,0.01601,0.04221,0.34157,0.03694,0.00993,0.71805,-0.01464,-0.00328,-0.02527,0.04219,0.03213,0.70621,0.05866,0.01750,0.73662,0.53859,0.63850,0.25442,0.01446,0.69973,0.49661
0.26496,0.41026,0.03036,0.50513,0.01017,0.08784,0.03431,0.73458,-0.01362,0.04016,0.68234,0.01144,0.00500,0.62748,0.00664,0.03143,0.30844,0.02522,-0.02219,0.02810,0.04306,0.04609,0.54486,0.00278,0.04711,0.62740,0.31590,0.51204,0.64168,0.02256,0.73650,0.42822
0.29042,0.67898,0.03134,0.28389,0.03409,0.01236,-0.00087,0.59261,0.02354,0.05487,0.65985,-0.01702,0.00532,0.54615,0.04776,0.02352,0.76150,0.01357,0.00314,0.03095,0.04305,0.03014,0.37924,0.02075,0.04569,0.52700,0.68162,0.57342,0.37984,0.06538,0.57370,0.32846
0.68971,0.70453,0.06827,0.47369,0.03691,0.07083,-0.01312,0.35450,0.05703,-0.00207,0.47981,-0.00214,0.05287,0.48235,0.08032,0.08223,0.56836,-0.00274,0.03840,0.02646,0.02478,0.02665,0.70089,0.03145,0.04328,0.37779,0.59407,0.59248,0.63323,0.02184,0.46335,0.25705
0.56587,0.58761,0.05517,0.50824,0.03268,0.04394,0.04382,0.30813,0.02745,0.04830,0.46070,0.02676,0.04907,0.30952,0.01032,0.05066,0.59812,0.01515,-0.02292,0.06374,0.05625,0.06592,0.36499,0.02356,0.02175,0.49557,0.68753,0.42711,0.57706,0.02164,0.54537,0.47641
0.68109,0.58680,0.02682,0.72019,0.03867,0.02096,0.06073,0.74452,0.04252,0.04181,0.41881,0.01993,0.03652,0.28814,0.05836,0.04779,0.40814,0.06801,0.04432,-0.01171,0.01346,0.01926,0.34980,0.03002,0.02377,0.45034,0.36297,0.60749,0.59131,0.03191,0.47710,0.27891
0.59081,0.61443,0.01415,0.28791,0.01973,0.03751,0.03181,0.55189,0.03724,0.01325,0.37166,0.01781,0.03157,0.63066,0.04736,-0.01291,0.50176,0.02566,0.03067,0.02848,0.07761,0.06414,0.29326,0.03910,0.05627,0.43100,0.28570,0.42064,0.37573,0.04973,0.36001,0.47182
0.34811,0.57653,0.07378,0.50109,0.02042,0.03262,0.05693,0.75924,-0.00375,0.03574,0.31591,0.01604,0.01992,0.42017,-0.00652,0.00754,0.44310,0.02650,0.02065,0.07442,0.02756,0.03622,0.57840,0.02503,0.06859,0.44494,0.44729,0.38778,0.48398,0.06145,0.30796,0.61372
0.26041,0.65371,0.02058,0.31761,0.00310,0.04934,0.01878,0.29785,0.04601,0.03720,0.51991,0.03928,0.00026,0.69730,0.00987,0.04148,0.44643,0.06235,0.01767,0.07420,0.06426,0.05600,0.39866,0.04997,0.02754,0.30839,0.64729,0.42328,0.60048,0.03262,0.24917,0.60392
0.32177,0.41504,0.05093,0.65462,0.03703,0.02348,0.05106,0.70673,0.06593,-0.00538,0.68324,0.05120,0.03458,0.30319,0.02615,0.01822,0.43391,0.02003,0.00183,0.04209,0.02645,0.03156,0.45886,0.02510,0.02259,0.35083,0.46096,0.67192,0.54580,0.01625,0.64804,0.38811
0.47429,0.66780,0.02686,0.46377,0.02056,0.03178,0.00204,0.68816,0.02886,0.00966,0.63209,0.00203,0.01895,0.69712,0.05511,0.03149,0.31993,0.00613,0.00994,0.02486,0.02634,0.01288,0.34411,0.02711,0.01097,0.37843,0.42857,0.38613,0.30796,-0.00960,0.71179,0.43455
0.33156,0.56204,0.03454,0.70353,0.02283,0.04141,0.01486,0.25096,-0.01269,0.04437,0.54214,0.02943,0.02851,0.61594,-0.01234,0.04282,0.45137,-0.01417,0.05133,0.04707,0.03064,0.03738,0.30314,0.02016,0.02047,0.46041,0.33278,0.49001,0.76090,-0.02272,0.58297,0.44709
0.55944,0.72104,0.03838,0.42932,0.04984,0.05936,0.00009,0.57721,0.04331,0.06664,0.32552,-0.02493,-0.00035,0.32026,0.03179,-0.00807,0.35099,0.03151,0.06877,0.05260,0.03808,0.03550,0.61155,0.00214,0.01228,0.58346,0.53572,0.54076,0.25604,0.01463,0.24941,0.44135
0.72392,0.37008,0.03120,0.61211,0.00329,0.01231,0.00807,0.37920,0.01749,0.02855,0.39514,0.03333,0.04445,0.29343,-0.01052,0.02145,0.30359,0.04697,0.04689,0.02934,0.04668,0.04537,0.47091,0.02514,0.04561,0.47761,0.29186,0.37749,0.56582,0.03302,0.47044,0.51686
0.47154,0.57603,0.04848,0.66754,0.02580,0.03752,0.04770,0.40494,0.00184,0.01530,0.56939,0.01225,0.04482,0.67981,0.05111,0.00347,0.65187,0.04913,0.02740,0.03071,0.06420,0.03155,0.39573,0.04975,0.01492,0.57138,0.49347,0.73360,0.56553,0.03734,0.32789,0.24777
0.45334,0.60887,0.02637,0.22850,-0.00468,0.03748,-0.01092,0.57973,0.04139,0.04860,0.61136,0.01392,0.04050,0.42861,0.01737,0.04136,0.30886,0.01592,0.05038,0.01538,0.02279,-0.00615,0.56977,0.00729,0.05418,0.56569,0.30946,0.76906,0.35861,0.01480,0.51954,0.32067
0.64430,0.57848,0.00555,0.60047,0.05011,0.01233,0.00419,0.55299,0.03443,0.06905,0.60858,0.00152,0.05289,0.61862,0.03378,0.03777,0.54163,0.02512,0.01293,-0.03868,0.03324,0.03287,0.54744,0.00906,0.01774,0.57328,0.46988,0.58738,0.35032,0.04868,0.65927,0.47050
0.75141,0.53622,0.02431,0.26355,0.01378,0.07162,0.02889,0.68592,0.03711,0.05356,0.60886,0.04814,0.02306,0.28572,0.00542,0.05196,0.27731,0.04392,0.05644,0.05406,0.01376,0.02590,0.41659,0.03703,0.00938,0.71978,0.46325,0.41093,0.71189,0.03706,0.35447,0.68593
0.55078,0.61047,0.06844,0.37171,0.02578,0.02542,0.03793,0.27987,0.04215,0.00866,0.67074,0.04220,0.06806,0.30804,-0.01175,0.04858,0.34620,0.01460,0.06876,0.04891,0.06693,0.04005,0.72068,0.00029,0.04770,0.34643,0.33711,0.46217,0.74075,0.00907,0.68828,0.72066
0.35780,0.49594,0.07180,0.70439,0.06244,0.06837,0.03946,0.41890,0.00097,-0.00325,0.56530,0.06425,-0.00016,0.54976,0.02550,0.02314,0.49892,0.04458,-0.00154,0.00204,0.04289,0.04255,0.54592,0.04775,0.02726,0.55636,0.60472,0.24844,0.66107,0.04429,0.29842,0.69906
0.71562,0.70812,0.01810,0.54866,0.03846,0.05686,0.03641,0.24612,0.07349,0.03860,0.69948,-0.00317,0.03782,0.30172,0.03721,0.04013,0.60947,0.02654,0.05077,0.05663,0.01668,0.03137,0.59118,-0.00292,0.08937,0.34741,0.60072,0.57399,0.31612,0.01281,0.61613,0.41371
0.65759,0.75119,0.02117,0.28450,-0.00306,0.05508,0.01073,0.29509,0.00184,0.04494,0.56441,0.03167,0.02820,0.42115,0.03453,0.04389,0.41888,0.03091,0.05465,0.06592,0.00477,0.00782,0.39860,0.01906,0.02596,0.48173,0.51856,0.38838,0.45248,0.05430,0.72630,0.54112
0.68892,0.63245,-0.01227,0.70572,-0.01496,0.03970,0.04759,0.43144,0.03004,0.05496,0.41420,0.04115,0.00797,0.57772,0.01559,0.03214,0.59238,0.04484,-0.00819,0.03828,0.04655,0.03084,0.61239,0.06855,0.01237,0.40831,0.30862,0.49407,0.35035,-0.00622,0.70079,0.31182
0.49835,0.34797,0.02553,0.67537,0.03030,0.04350,0.03803,0.56320,0.03947,0.04028,0.74834,0.05813,0.01317,0.53757,0.02069,0.05084,0.69455,0.00378,0.01275,-0.00374,0.04960,0.01833,0.27829,-0.00036,0.04980,0.56507,0.36538,0.52349,0.61500,0.03223,0.40855,0.62544
0.59093,0.71737,0.07975,0.44570,0.03199,0.02887,0.02435,0.35945,0.01437,0.03376,0.41750,0.04420,0.02951,0.27680,0.01237,0.02226,0.48248,0.06137,0.02180,0.04689,0.06701,0.02882,0.67126,0.01503,0.00506,0.48714,0.39239,0.31879,0.65543,0.06085,0.66054,0.46194
0.65341,0.47871,-0.00655,0.33071,-0.00466,0.02258,0.00702,0.51175,0.05220,0.02352,0.47447,0.02325,0.03687,0.55803,0.02341,0.05821,0.52415,0.05125,0.02189,0.03851,0.02206,0.03204,0.67793,0.02090,0.00036,0.59765,0.52467,0.29472,0.62995,-0.01133,0.61275,0.43543
0.59146,0.39431,0.05784,0.27751,0.02944,0.02061,0.01766,0.61400,0.04067,0.01366,0.62964,0.06555,0.00547,0.68907,-0.00496,0.03299,0.69846,0.05335,0.07200,0.05642,0.03101,0.01873,0.36306,-0.01226,0.02105,0.47789,0.33061,0.28080,0.32132,0.01574,0.35530,0.49080
0.58932,0.74864,0.05972,0.45878,0.01253,0.00241,0.04307,0.35487,0.03042,0.02766,0.44518,0.07718,-0.03848,0.42711,0.00096,0.04848,0.46898,0.02111,0.05718,0.03706,0.02248,0.00713,0.37161,0.03988,0.04965,0.55491,0.30119,0.56823,0.49928,-0.01368,0.38183,0.27149
0.65218,0.76155,0.01675,0.58561,0.01978,0.03593,0.02483,0.49077,0.03500,0.02794,0.64624,0.04624,0.05012,0.67013,0.01358,0.05483,0.41986,0.03146,0.01759,0.00740,0.01965,0.05301,0.65973,-0.00465,0.01917,0.33152,0.35707,0.46036,0.57197,0.02500,0.53469,0.75148
0.65692,0.74860,0.03148,0.34466,0.02733,0.00096,0.03349,0.28457,0.03302,0.05193,0.49081,0.05966,0.01195,0.30537,0.04431,0.01049,0.68508,0.01369,0.01591,0.03009,0.03619,0.03096,0.71564,0.04753,0.05348,0.67061,0.35275,0.66428,0.62920,0.02354,0.51412,0.56889
0.50574,0.30266,0.04468,0.33278,0.03164,-0.00662,0.00617,0.32877,0.00990,0.02908,0.42462,0.01127,0.02728,0.43914,0.02896,0.07841,0.59104,0.03952,-0.00319,0.01590,0.03474,0.03186,0.63449,0.04084,0.02794,0.60666,0.58362,0.36506,0.51870,0.01499,0.33841,0.36655
0.51580,0.42153,0.04293,0.68101,-0.00468,0.01965,0.05454,0.56137,0.03944,0.03706,0.63464,0.06020,0.04119,0.48610,0.04827,0.05331,0.29757,0.03194,0.05619,0.02347,0.05638,0.04855,0.43244,0.03687,0.06409,0.45790,0.50169,0.54588,0.68730,0.03599,0.65160,0.65573
0.58810,0.42262,-0.01312,0.73857,0.01148,0.01536,0.04976,0.31454,0.06218,0.04554,0.29985,0.00040,0.00594,0.27223,0.02215,0.00240,0.71108,0.03430,0.01440,0.07358,0.03782,-0.00513,0.44608,-0.00194,0.06590,0.24764,0.45396,0.78637,0.71984,0.06708,0.74334,0.70446
0.63713,0.61355,-0.00202,0.54528,0.00276,0.06948,0.02845,0.62838,0.02888,0.02939,0.41356,0.01124,0.05518,0.74908,0.07076,0.03088,0.60236,0.04169,0.00786,0.03087,0.04500,0.00939,0.74062,0.05559,0.03307,0.26493,0.41672,0.65638,0.48966,0.02966,0.70450,0.37653
0.51321,0.70079,0.05441,0.40377,0.00172,0.03933,0.03357,0.29357,0.06196,0.02112,0.28090,0.00965,-0.00010,0.38078,0.06289,0.00078,0.61784,0.02276,0.04261,-0.00538,0.02254,0.02140,0.50395,0.04743,0.02678,0.29286,0.71575,0.69429,0.32459,0.05682,0.56266,0.41034
0.36145,0.25184,0.03419,0.38525,0.02020,0.05057,0.00992,0.43507,0.07020,0.03451,0.35565,0.01897,0.02963,0.71963,-0.02894,0.00283,0.58450,0.05355,-0.01359,0.00633,0.04044,0.00862,0.29129,0.03452,0.04167,0.44338,0.57216,0.67607,0.52399,0.02866,0.49719,0.45637
0.54700,0.34911,0.03180,0.25437,0.00452,0.00986,0.05433,0.27783,0.04941,0.05650,0.44881,0.00757,-0.00012,0.36881,0.03578,0.01591,0.25957,0.04564,-0.00972,0.06411,0.05198,0.03969,0.31876,0.04076,0.04914,0.35607,0.38257,0.43994,0.44952,0.01165,0.28598,0.40049
0.30216,0.43005,0.00929,0.41951,0.03153,0.05486,0.01919,0.33558,0.06157,0.05649,0.69373,0.05539,0.02418,0.25821,0.01450,0.07439,0.24050,0.01335,0.03348,-0.01058,0.06210,0.03515,0.26317,0.03263,0.04352,0.74306,0.35641,0.42496,0.49126,0.03574,0.35081,0.29510
0.35657,0.35755,0.02020,0.62670,0.03496,0.04375,0.02736,0.70621,0.06992,0.03430,0.49199,0.03174,-0.00941,0.34929,-0.00625,0.00033,0.69079,0.02749,0.02289,0.03806,0.04652,0.04324,0.41216,0.06226,0.02849,0.47050,0.48182,0.58412,0.68261,0.02830,0.48248,0.65736
0.53052,0.29514,0.04888,0.45875,0.04238,0.06645,0.04086,0.60903,0.00832,0.04127,0.58590,0.06661,0.03332,0.45232,0.05553,-0.01786,0.71788,0.07808,0.05426,0.05012,0.02560,0.04604,0.68890,0.02765,0.04740,0.59855,0.57127,0.36506,0.25593,0.02224,0.53463,0.57727
0.59406,0.71231,0.03264,0.70740,0.04738,0.04283,0.00593,0.32705,0.01647,0.00968,0.39795,0.03460,0.01931,0.68000,0.02567,0.03835,0.63247,-0.00249,0.03730,0.04722,0.03586,0.03508,0.38338,0.03407,0.02176,0.38787,0.55038,0.58706,0.53914,0.00538,0.35902,0.48985
0.61518,0.39604,0.03426,0.68663,0.05410,0.01311,0.01774,0.39755,0.02968,0.04178,0.45362,0.02594,0.04048,0.34221,0.00907,0.02609,0.39529,0.00656,0.07400,0.00357,0.00869,0.04111,0.40408,0.02278,0.03644,0.39131,0.63354,0.72799,0.53536,0.05819,0.62460,0.39457
0.32793,0.54678,0.05605,0.51051,0.03679,0.01364,0.05817,0.60534,0.02357,0.04428,0.55543,0.02072,0.06804,0.23974,0.03016,0.01782,0.43170,0.05176,0.02005,0.05115,0.03277,0.00805,0.42013,0.06300,0.09853,0.67691,0.29889,0.37227,0.33385,0.03451,0.65919,0.28567
0.45926,0.51089,0.07338,0.38520,0.05393,0.03260,0.03155,0.27061,0.03621,0.01569,0.74141,0.05255,0.00695,0.59407,0.02694,0.02548,0.53741,-0.00346,0.02708,0.00141,0.01736,0.02756,0.43843,0.03980,0.07338,0.25146,0.43493,0.71038,0.31235,0.02340,0.42882,0.43053
0.46658,0.28644,0.05890,0.57882,0.02943,0.03105,0.04500,0.61168,0.04967,0.04523,0.37721,0.03774,0.03745,0.31818,0.02884,0.04976,0.66683,0.01884,0.06988,0.04444,0.05187,0.03612,0.24862,0.02882,0.05277,0.48117,0.74049,0.72825,0.66053,0.00562,0.51299,0.63746
0.69903,0.72897,0.04207,0.63429,0.00936,0.04055,0.06359,0.69662,0.01191,0.00856,0.69155,0.00189,0.03809,0.70380,0.01325,0.02790,0.63992,0.04824,0.04769,0.03654,0.06847,0.02574,0.51055,0.01824,0.03337,0.24632,0.27740,0.69102,0.48351,0.05070,0.31734,0.59507
0.33035,0.55057,0.00251,0.71252,0.03846,0.01999,0.04377,0.44194,0.02364,0.03155,0.71307,0.04930,0.04493,0.55610,0.03429,0.03923,0.55436,-0.00542,0.03031,0.03556,0.03153,0.07525,0.47674,0.03674,0.05161,0.58229,0.47819,0.45411,0.34421,0.01838,0.69336,0.61454
0.46338,0.34769,0.02264,0.42270,0.03526,0.02934,0.05263,0.36157,0.03123,0.03046,0.50740,0.03296,0.02239,0.63751,0.01530,0.05998,0.33002,-0.00253,0.02178,0.03332,0.06163,0.02982,0.72815,0.04399,0.01898,0.33589,0.62724,0.60689,0.44820,0.01653,0.59934,0.40603
0.47527,0.29412,0.02781,0.70380,0.04520,0.02600,-0.01313,0.67943,0.01227,-0.02104,0.48290,0.02172,0.04945,0.61851,0.06225,-0.00930,0.71136,0.03963,0.05729,0.06426,0.03519,0.06860,0.62649,0.02043,0.04639,0.70959,0.26597,0.60964,0.34073,0.03171,0.34769,0.71909
0.27907,0.45010,0.00609,0.67871,0.02754,0.05396,0.02246,0.50704,0.03083,0.05523,0.49374,0.01738,0.06239,0.31700,0.02913,0.00707,0.70206,0.04273,0.05201,0.00499,0.06498,0.04904,0.61016,0.00552,0.00977,0.50800,0.51879,0.52540,0.41517,0.04487,0.70571,0.77304
0.70256,0.29047,0.05863,0.45880,0.05452,0.02498,0.03628,0.48757,0.05584,0.02532,0.61958,0.03763,0.03813,0.59841,0.02383,0.04723,0.45493,0.03846,0.01554,0.02871,0.04539,0.01982,0.46678,0.02855,0.03311,0.59357,0.52092,0.56759,0.64391,0.02872,0.38384,0.73704
0.25744,0.70908,0.02918,0.33684,0.01587,0.02255,0.04931,0.58766,0.03192,0.05485,0.29740,0.02476,-0.00503,0.33537,-0.02382,0.03827,0.72626,-0.00579,0.04513,0.00890,0.01608,0.02376,0.64942,0.02649,0.02732,0.72000,0.58472,0.32574,0.57687,-0.00422,0.48234,0.62031
0.72538,0.47100,0.02565,0.76724,0.00866,-0.01206,0.04807,0.70311,0.00512,0.05288,0.59814,0.01519,0.07116,0.56988,0.04989,0.04738,0.28703,-0.00855,0.02525,0.05977,0.03680,0.00345,0.53099,-0.02488,0.04888,0.52500,0.59671,0.41026,0.68517,0.05885,0.29584,0.49654
0.62967,0.48202,0.02541,0.33135,0.01074,0.02568,0.03839,0.59249,-0.01231,0.08170,0.51935,0.01350,0.02241,0.26371,0.01894,0.00033,0.71354,0.02698,0.03372,0.03038,0.02257,0.05280,0.63171,0.04249,0.02413,0.33752,0.36668,0.44946,0.34410,0.01387,0.26262,0.58874
0.49358,0.27537,-0.01550,0.50789,0.03371,0.06253,0.00634,0.47720,0.04675,0.00928,0.61770,0.02139,0.00029,0.52072,0.01749,0.01262,0.50888,0.03687,0.02191,-0.03318,0.02580,0.04932,0.27874,0.01350,0.03621,0.52019,0.61011,0.55940,0.27689,0.03696,0.42896,0.67465
0.36749,0.59346,0.00760,0.61692,0.01856,0.00825,-0.00151,0.75298,0.01914,0.02337,0.59908,0.00911,0.00241,0.52620,-0.02132,0.05299,0.53814,0.05431,0.01768,0.01246,0.04041,0.02454,0.73372,0.00470,-0.01563,0.29759,0.50145,0.36657,0.55478,0.02791,0.48444,0.37218
0.51420,0.45008,0.03466,0.32263,0.03256,-0.00687,0.01521,0.67334,-0.00341,0.01184,0.45484,-0.00879,0.03194,0.77998,0.04232,0.01989,0.24191,0.02125,0.02069,0.04132,0.01672,0.09577,0.53465,0.04957,0.01122,0.46553,0.33811,0.70157,0.42417,-0.00522,0.37374,0.49749
0.32309,0.64552,-0.00626,0.76455,0.04587,0.01853,0.02546,0.26429,0.03915,0.01871,0.27672,0.03102,0.02497,0.41953,0.04236,0.04246,0.57505,0.03989,0.05547,0.02641,0.06139,-0.00744,0.41626,0.02541,0.01680,0.53275,0.41393,0.65084,0.51285,-0.00938,0.55153,0.53212
0.38541,0.25743,0.01314,0.43783,0.06117,0.05490,0.04509,0.26531,0.02909,0.02282,0.51791,0.03506,-0.00954,0.38965,0.04666,0.03868,0.70360,0.01286,0.02278,0.05822,0.02451,0.01097,0.44714,0.03315,0.02886,0.29867,0.29417,0.59542,0.52227,0.00313,0.38862,0.73369
0.42668,0.52575,-0.01139,0.50612,0.04277,0.06203,0.03117,0.47422,0.05053,0.02424,0.27092,0.00861,0.05568,0.40560,0.04687,0.02711,0.34602,0.01610,0.01111,0.05177,0.03464,0.04733,0.45764,0.03734,0.02149,0.43983,0.50308,0.64348,0.56239,0.03741,0.40188,0.71031
0.68423,0.68816,0.02624,0.58249,0.04432,0.01515,-0.01170,0.51486,0.04436,0.00548,0.58068,0.04743,0.05211,0.65212,0.00600,0.03520,0.53607,-0.00900,0.03587,0.00414,0.03792,0.02895,0.65126,0.02291,0.03863,0.36589,0.31514,0.74542,0.67726,0.03713,0.56645,0.28767
0.62965,0.41045,0.04199,0.38874,0.04434,0.01282,0.02898,0.61877,0.02671,0.05342,0.24700,0.04566,0.01551,0.28146,-0.00031,0.03460,0.42515,0.01027,0.01253,0.03807,0.02022,0.02013,0.28154,0.01080,0.05716,0.50757,0.44180,0.40267,0.62518,0.01489,0.63445,0.56889
0.41624,0.35720,0.02504,0.68648,0.03825,0.01555,0.02699,0.57199,0.01732,0.05245,0.52577,0.03900,0.02518,0.32228,0.04636,0.04191,0.31514,0.05883,0.05415,0.04962,-0.01235,0.04889,0.47264,0.01928,0.06533,0.30976,0.61668,0.67170,0.39474,0.02218,0.73536,0.28296
0.56754,0.55953,0.00725,0.38396,0.04863,0.05367,0.02712,0.40231,-0.00543,0.00962,0.50413,0.03599,-0.00823,0.37933,-0.01761,-0.00607,0.32342,0.01664,0.02429,0.03521,0.03521,0.03445,0.58322,0.06803,0.04805,0.73008,0.70826,0.44524,0.27033,0.03820,0.74112,0.48629
0.29623,0.40918,0.05010,0.57298,0.03235,0.01855,0.00792,0.37673,0.01823,0.04084,0.66825,0.02375,0.04358,0.25278,0.05027,0.05462,0.64785,0.01953,0.04534,0.01823,0.05067,0.01970,0.60266,0.01985,0.05036,0.41141,0.37958,0.25351,0.58346,0.05026,0.56309,0.50908
0.37720,0.57314,0.02391,0.73875,0.02679,0.06254,0.02641,0.36770,0.03794,0.03654,0.38158,0.05399,0.02133,0.40381,0.06632,0.04934,0.70560,0.03547,0.04306,0.02781,0.00935,0.00528,0.27441,0.02067,0.02871,0.36640,0.24946,0.61383,0.31718,0.02547,0.57300,0.44250
0.44891,0.68628,0.00912,0.67588,0.03791,0.04030,0.03754,0.39171,-0.01720,0.03095,0.56215,0.04969,0.03147,0.27726,0.04132,0.01983,0.54187,0.02965,0.04056,0.00516,0.02287,0.04962,0.44862,0.03873,0.02056,0.30577,0.29109,0.63328,0.49940,0.04909,0.64993,0.63380
0.36162,0.62185,0.02846,0.48712,0.03886,0.05150,0.01437,0.41806,0.06204,0.05198,0.61120,0.03638,-0.00459,0.39513,0.03030,0.03720,0.72173,0.01106,0.05631,0.05620,0.02648,0.04441,0.30063,0.02879,0.03388,0.30290,0.27560,0.27815,0.30868,-0.00311,0.30415,0.28432
0.75695,0.35725,0.01771,0.27378,0.02954,0.04679,-0.00047,0.06093,0.00776,0.04852,0.66209,0.02667,0.04798,0.52577,0.04663,0.00942,0.42438,0.01547,0.01363,-0.00452,0.06074,0.03422,0.27948,0.03957,0.01312,0.49455,0.72303,0.56124,0.30066,0.06935,0.40225,0.59946
0.23617,0.44890,0.06151,0.27139,-0.00760,0.06302,0.02111,0.02204,-0.00787,0.02942,0.55053,0.09361,0.01936,0.73955,0.01662,0.01676,0.28340,0.06235,0.01944,0.05115,0.02187,0.05305,0.23041,0.03205,0.00773,0.70231,0.53122,0.34940,0.25155,0.04602,0.55261,0.64967
0.37363,0.32781,0.01785,0.65615,0.05355,0.03677,0.02999,0.02044,0.04591,0.04151,0.48710,-0.00610,0.01033,0.72691,0.03633,0.03447,0.26869,0.00594,-0.00479,0.07631,0.00249,0.05098,0.63585,0.01051,-0.00001,0.57694,0.60687,0.30534,0.73153,0.00914,0.26260,0.62610
0.57142,0.33285,0.02158,0.46548,0.03199,0.05700,0.00819,0.00740,0.04514,0.04942,0.62842,0.02397,0.04522,0.57274,-0.00233,-0.00471,0.66813,0.01552,0.05150,0.07608,0.03041,0.01485,0.58297,0.04538,0.00201,0.72178,0.61313,0.48784,0.30078,0.00849,0.24382,0.68934
0.30925,0.27340,0.02041,0.45810,0.04307,-0.01288,0.05282,0.02446,0.01206,0.02997,0.48193,0.00439,0.01210,0.35386,0.02827,0.06341,0.45909,0.01754,0.03313,0.03461,0.02417,0.03260,0.35711,0.06278,0.04251,0.37138,0.43678,0.68773,0.58611,0.03402,0.39190,0.42162
0.41874,0.63781,0.04520,0.46999,0.04500,0.05070,0.03831,0.04974,0.01283,0.03670,0.57418,-0.00395,0.00916,0.53494,0.04896,0.02784,0.75150,0.04732,0.04952,0.01262,0.03923,0.04273,0.63210,0.00256,0.04771,0.25120,0.72591,0.44776,0.28734,-0.00322,0.53488,0.62795
0.33937,0.34156,0.05394,0.71143,0.05248,0.08101,0.01650,0.04173,0.00709,0.00596,0.45600,0.01716,0.02465,0.62035,0.02238,-0.00860,0.29705,0.02210,0.07127,0.02843,0.00189,0.02474,0.30333,0.03759,0.04420,0.32370,0.58735,0.77619,0.62669,0.00846,0.40584,0.64077
0.51244,0.51159,0.03010,0.63186,0.01967,0.00926,0.02218,0.00228,0.05794,0.02661,0.66986,0.01525,0.04529,0.72343,0.01727,-0.01264,0.69063,0.00930,0.01211,0.04116,0.02157,0.06385,0.41527,0.03320,0.00760,0.30230,0.71521,0.27534,0.33475,0.04000,0.52420,0.29010
0.31189,0.59398,0.02749,0.32701,0.02842,0.03461,0.07642,0.03375,0.04767,0.02501,0.31977,0.00160,0.03196,0.60814,0.02302,0.03645,0.70163,0.03442,0.00704,-0.00043,0.03156,0.02341,0.50610,0.04239,0.01883,0.38597,0.71303,0.40469,0.28934,0.03514,0.58244,0.35476
0.30101,0.70246,0.02824,0.32617,0.02626,0.06879,0.01788,0.02759,0.05914,0.06317,0.57567,0.02883,0.00763,0.60155,0.04355,0.06459,0.49377,0.07830,0.02505,0.03485,0.06365,0.02836,0.60444,0.03460,0.06055,0.45222,0.38183,0.70526,0.65262,0.05706,0.35934,0.64982
0.45944,0.45116,0.03615,0.68411,0.02601,0.03835,0.06699,0.00991,0.00396,0.03540,0.66588,-0.00357,0.06308,0.25767,0.03606,0.04105,0.35659,0.07403,0.02684,0.03832,0.00605,0.02663,0.41945,0.03803,0.04741,0.45519,0.50008,0.53714,0.35363,0.04546,0.69152,0.33837
0.73019,0.72239,0.03243,0.58124,0.03316,0.02256,0.03266,0.02620,0.04995,0.06641,0.68244,0.06558,0.03534,0.40088,0.00740,0.04892,0.40573,-0.00300,0.03423,0.01259,-0.00557,0.04423,0.36264,0.02513,0.04076,0.56934,0.33863,0.45202,0.45338,0.05666,0.59686,0.45141
0.60531,0.63741,0.06628,0.30305,-0.01317,0.01161,0.00283,0.03201,0.03800,0.04018,0.48013,0.02381,0.02898,0.42127,0.03212,0.03371,0.50038,0.07079,0.07595,0.00594,0.04097,0.02806,0.31506,0.04008,0.05286,0.46189,0.28171,0.52202,0.33081,0.07597,0.69099,0.37235
0.28228,0.46393,0.05238,0.37321,0.01132,0.05235,0.02746,0.04694,0.03200,-0.00347,0.69100,0.05186,0.01375,0.53737,0.04489,0.04555,0.57851,0.00782,0.01722,0.00745,0.00919,0.06804,0.74529,0.05816,0.02354,0.27230,0.52733,0.63851,0.54583,0.03237,0.67365,0.37807
0.53960,0.41664,0.03960,0.22905,0.04148,0.05791,0.00662,0.00997,0.03778,0.01236,0.69246,0.02074,0.02005,0.41587,0.06289,0.02860,0.47699,0.00036,0.02479,0.03540,0.02241,0.01459,0.57679,0.04340,0.02157,0.42593,0.38370,0.30365,0.55110,0.03344,0.39532,0.71038
0.47329,0.53192,0.02333,0.68825,0.02820,-0.00017,-0.00356,0.03585,0.05555,0.03282,0.31350,0.03890,0.04512,0.51784,0.03471,0.04013,0.32107,0.05314,0.04723,0.00506,0.00716,-0.00909,0.72191,-0.02098,0.06152,0.52987,0.31466,0.27217,0.70254,0.04213,0.66755,0.31757
0.74199,0.60701,0.02018,0.44300,-0.00549,0.01461,-0.00535,0.03377,0.02063,0.01809,0.59747,0.03953,0.01515,0.68793,0.04705,0.04391,0.76030,0.00377,0.02447,0.02529,0.04975,0.06147,0.70885,0.03760,-0.00162,0.53467,0.63602,0.71326,0.38238,0.01808,0.56176,0.38028
0.62646,0.43925,0.04038,0.75283,0.05769,0.03053,0.07239,-0.01614,0.02706,-0.00816,0.25241,0.05521,0.07758,0.62472,0.02055,0.03948,0.70715,0.03958,0.05070,0.06201,0.02652,0.03857,0.00203,0.03997,0.03749,0.57488,0.37081,0.72995,0.34899,0.01479,0.72982,0.47747
0.73022,0.51483,0.02502,0.64038,0.04626,0.05592,0.02516,0.02794,0.05743,-0.00636,0.40464,0.05972,0.02422,0.60593,0.03720,0.04267,0.53932,0.05593,0.05906,0.03050,0.04413,0.01613,0.01168,0.02523,0.03000,0.51456,0.47775,0.68395,0.53775,0.03732,0.28174,0.68647
0.76099,0.48965,0.02621,0.45821,0.03941,-0.00047,0.02727,0.08748,0.01629,0.01196,0.50525,0.01526,0.02580,0.44848,0.01649,0.02826,0.37756,0.02948,0.03833,0.02341,0.02808,0.03807,0.02575,0.02074,0.04179,0.69204,0.64436,0.63515,0.42667,0.03674,0.75503,0.57942
0.32635,0.32209,0.06350,0.32190,0.03303,0.01073,0.04124,-0.00217,0.00787,0.04029,0.34659,-0.00257,0.02704,0.32468,0.03216,0.03275,0.73637,0.07840,0.02126,0.04581,0.04094,0.04695,0.05750,0.09565,0.02439,0.43055,0.53777,0.49332,0.42635,0.02292,0.55925,0.29746
0.72358,0.39149,0.03104,0.58130,0.01804,0.01300,0.02222,0.02834,0.04043,0.02827,0.63657,0.01093,-0.02248,0.48543,0.05067,0.02870,0.52130,0.01891,-0.00092,0.05476,0.00334,0.01616,0.03204,0.01829,0.01688,0.50537,0.59618,0.73315,0.25390,-0.01488,0.52124,0.39873
0.42937,0.55787,0.02027,0.63569,0.01907,0.02407,0.02854,0.04748,0.01167,0.04366,0.50202,0.04055,0.00217,0.74409,0.02767,0.00832,0.34513,0.03246,0.02459,0.04977,0.04457,0.06447,0.04969,0.04708,0.01583,0.50622,0.33131,0.63255,0.71885,0.06580,0.49073,0.54975
0.61949,0.38691,0.02169,0.24270,0.04551,0.02729,0.03221,0.00786,0.02894,0.02356,0.41752,-0.02392,0.02444,0.67336,0.02815,-0.02603,0.67419,0.04795,0.02557,0.02029,0.03368,0.09192,0.02128,0.02803,0.00364,0.41734,0.56691,0.43852,0.58296,-0.00528,0.32546,0.42409
0.34181,0.51257,0.04870,0.76064,0.01011,0.02895,0.04183,0.00397,0.00954,0.04372,0.63775,0.03446,0.00858,0.39946,0.05215,0.02696,0.34213,0.02122,0.05115,0.06233,0.01691,0.03163,0.02387,0.02692,0.06313,0.54495,0.43601,0.53506,0.25833,0.03191,0.67665,0.48594
0.51636,0.44854,0.02575,0.66861,0.03994,0.03017,0.00902,0.02745,0.02378,0.03135,0.71275,0.04264,0.03516,0.69925,0.03710,-0.02549,0.48513,0.02963,0.05982,0.07847,0.06052,0.01323,0.03709,0.00276,0.01655,0.58160,0.57515,0.65845,0.32202,0.03573,0.25524,0.59692
0.37604,0.33781,0.02127,0.62958,0.02712,0.00838,0.01987,0.00217,-0.01288,0.04628,0.61353,0.08877,0.04066,0.31435,0.01288,0.04589,0.68460,0.03118,0.01051,0.05144,0.00978,0.04256,0.03424,0.05753,0.01748,0.39123,0.34238,0.43918,0.71727,0.09407,0.40934,0.59392
0.47805,0.50547,0.01438,0.70553,0.01998,0.01011,0.01581,0.00646,0.02872,0.03224,0.58576,0.04889,0.03930,0.72967,0.02776,0.08576,0.73834,0.04298,0.05849,0.03659,0.03566,0.02731,0.00701,0.06888,0.04019,0.31353,0.28009,0.59009,0.47512,0.07858,0.53937,0.43526
0.27694,0.67456,0.03466,0.67819,0.03486,-0.01528,0.05280,0.02094,0.01163,0.03779,0.35357,0.03567,0.05181,0.58680,0.06314,0.04834,0.51918,0.03273,0.00781,0.03558,0.02035,0.05290,0.01844,0.01621,0.00905,0.56822,0.40012,0.30598,0.36141,0.01347,0.60723,0.54431
0.72658,0.31498,0.06413,0.67729,0.00019,0.03375,0.06352,-0.00914,0.08022,0.02412,0.47468,0.01376,0.03101,0.71067,0.03806,0.03163,0.31466,0.01427,0.01254,0.05602,0.03118,0.03158,0.03809,0.03347,0.01361,0.28328,0.28151,0.25421,0.38468,-0.00634,0.32075,0.35384
0.28487,0.39421,0.03119,0.41834,0.06120,0.00142,0.01771,0.02422,0.02236,-0.02289,0.28392,0.00992,0.01963,0.69786,0.03359,0.02916,0.70633,0.01470,0.06762,0.01741,0.02895,0.00263,0.03323,0.02813,0.06093,0.65677,0.41512,0.52951,0.62974,0.00496,0.41497,0.32373
0.59172,0.31731,0.01532,0.26919,0.04812,0.01909,0.05670,0.02578,0.01840,0.04779,0.69135,0.00383,0.01681,0.53021,0.02979,0.02690,0.47531,0.04412,0.03672,0.01004,0.02723,0.04360,-0.00328,0.03966,0.00128,0.53176,0.71826,0.64219,0.65774,0.08940,0.72940,0.26288
0.42514,0.51306,-0.00277,0.73949,0.05219,-0.01451,0.02275,0.06839,0.02723,0.02395,0.35964,0.02827,0.06048,0.56346,0.02557,0.04128,0.29074,0.00995,0.01226,0.03282,-0.00587,-0.01717,0.02757,0.02893,0.03157,0.43173,0.54375,0.45024,0.64278,0.02738,0.32800,0.62821
0.64841,0.25260,0.04842,0.30375,0.04254,0.06492,0.03425,0.03860,0.02356,0.01765,0.37011,0.06281,0.03733,0.27480,-0.00576,0.01502,0.33320,0.03612,0.03966,0.04364,0.04570,0.00830,0.04511,0.02752,0.03550,0.46010,0.45018,0.75922,0.69637,0.02522,0.47441,0.55854
0.41337,0.60211,0.02869,0.42436,0.04858,0.02644,0.03676,0.07300,0.02356,0.02504,0.41361,0.04333,0.04903,0.56607,0.00329,-0.00506,0.28555,0.03254,0.03803,0.02629,0.02809,0.03259,0.01052,0.08826,0.01166,0.69288,0.69704,0.36301,0.59307,0.04737,0.71333,0.56184
0.55549,0.71096,0.03580,0.76582,0.01845,0.03410,0.02701,-0.00154,0.05915,0.03240,0.53216,0.01091,0.02996,0.75943,0.00110,0.03128,0.34948,0.02882,0.06893,0.01478,0.04974,0.03413,0.05104,-0.00604,0.04726,0.32150,0.40969,0.51010,0.43918,-0.00851,0.57952,0.56803
0.71633,0.75309,0.04803,0.45332,0.00443,0.03334,0.05769,0.01176,0.03536,0.01129,0.64006,0.03172,0.02607,0.26654,0.01657,0.02559,0.32637,0.02120,0.03489,0.01251,0.00514,0.02896,0.01517,0.02069,0.00896,0.28887,0.61053,0.32980,0.30932,0.05012,0.58664,0.34995
0.35523,0.78970,0.06164,0.47942,0.02948,0.05795,0.02220,0.03211,-0.00011,0.00070,0.60333,0.03721,0.03408,0.39647,0.03478,0.05058,0.69477,0.07048,0.01630,0.02874,0.03933,0.03755,-0.01727,0.04120,0.02325,0.45530,0.34965,0.04215,0.49126,0.04302,0.72531,0.56303
0.32376,0.51767,0.05229,0.40934,0.03209,0.04927,0.03651,0.02899,0.05366,0.04257,0.37204,0.03410,0.06496,0.54746,0.04420,0.04012,0.54019,0.06111,0.06471,0.06072,0.02304,0.03701,-0.00542,0.04229,0.05394,0.62261,0.67634,0.02982,0.59462,0.00619,0.47785,0.33802
0.30350,0.48761,0.01964,0.33626,-0.00623,0.06615,0.00201,0.05786,-0.00005,0.00083,0.57768,0.02318,0.06365,0.48893,0.07592,0.04701,0.62549,0.01998,0.02005,0.03528,0.04355,0.05930,0.03674,0.03569,0.03303,0.29928,0.38693,0.01974,0.35384,0.01366,0.70611,0.55711
0.57980,0.72757,0.04967,0.69496,0.05960,0.02471,0.06167,-0.00423,-0.00502,0.04492,0.29919,0.01494,0.03411,0.42704,0.03866,-0.00593,0.31870,0.01786,0.04391,0.01610,0.07001,0.01590,0.07414,0.00986,0.02842,0.30318,0.44765,0.05263,0.66096,0.00171,0.41766,0.33876
0.31956,0.52315,0.02408,0.46422,0.03452,0.03127,0.02316,0.09865,0.02968,0.01569,0.31581,0.01084,0.02164,0.43533,0.05555,0.00643,0.56024,0.00029,0.00284,0.04065,0.00764,0.02657,-0.01582,-0.00438,0.03859,0.62549,0.51292,0.04217,0.56440,0.04324,0.29329,0.45132
0.49564,0.32537,0.05084,0.48013,0.06136,0.05488,0.04545,0.00381,0.00624,0.06361,0.57404,0.02018,0.04640,0.48752,0.05578,0.06565,0.55483,0.02249,-0.00486,0.02582,-0.00056,0.01203,0.03763,0.01912,0.06361,0.34355,0.44568,0.03583,0.42419,0.00552,0.57350,0.65514
0.73831,0.30925,-0.01000,0.36522,0.03140,0.02716,0.03088,0.02236,0.05270,0.05544,0.58536,0.05074,0.01214,0.27154,0.05590,0.00957,0.49154,-0.01933,0.01667,0.03519,0.04607,0.00599,0.01961,0.04176,-0.00579,0.40344,0.57159,0.05224,0.29188,-0.01369,0.37294,0.23582
0.39116,0.52209,0.01931,0.64478,0.02867,0.07667,0.07079,0.02885,0.05240,-0.00005,0.45084,0.01299,0.03260,0.72371,0.04009,0.00037,0.59186,0.02798,0.04020,0.03242,-0.00818,0.03237,0.01222,0.01208,0.02520,0.32973,0.31331,0.00076,0.69246,0.02715,0.22327,0.48053
0.66646,0.68869,0.02682,0.32437,0.03399,0.03939,0.07018,0.04565,0.04958,0.04792,0.31153,0.01503,0.03848,0.65957,0.01485,0.03481,0.44358,0.02707,0.02989,0.05880,0.00618,0.02665,0.06711,0.01921,0.03951,0.53626,0.71825,0.05133,0.32370,0.06829,0.44157,0.64415
0.44856,0.63515,0.02727,0.63573,0.03277,0.00905,0.03606,0.02990,0.05054,0.00695,0.63641,0.00561,0.04516,0.52860,0.03801,0.02515,0.28207,0.03852,0.01704,0.00867,0.01091,0.04011,0.04419,0.03942,-0.01506,0.27463,0.36680,0.07539,0.33257,0.02364,0.75155,0.30666
0.75733,0.39937,0.02639,0.34609,0.02245,0.09004,0.03606,-0.02195,-0.00505,0.01754,0.33684,0.02202,0.06225,0.28274,0.01617,0.00128,0.28580,0.00311,0.04595,0.00915,0.00443,0.03609,0.05213,0.03704,0.05122,0.43683,0.25985,0.04161,0.56285,-0.00669,0.44791,0.52753
0.55605,0.37029,0.02208,0.63939,0.04198,0.02266,0.01276,0.05428,-0.02594,0.03654,0.59206,0.04759,0.02869,0.56622,0.00587,0.01581,0.31053,0.00076,-0.00321,0.04301,0.04843,0.01922,0.02063,0.01522,0.02513,0.58147,0.37985,0.04955,0.48900,-0.00255,0.51702,0.54007
0.66634,0.33954,0.03700,0.33317,0.04618,0.04242,0.03613,0.05221,0.00099,0.03386,0.60710,0.04394,0.02461,0.72909,0.04499,0.04657,0.30911,0.05581,0.04561,0.02006,0.06963,0.01110,0.03237,-0.00054,0.02190,0.49340,0.75864,0.03120,0.27817,0.01947,0.54999,0.57140
0.29934,0.69749,-0.00149,0.41158,0.03287,0.01877,0.01309,0.04801,0.03668,0.03462,0.57924,0.06224,0.06440,0.67432,0.02328,0.04224,0.69812,0.05990,0.07809,0.04239,0.01709,0.04127,0.02275,0.00789,0.02391,0.31396,0.34596,0.04793,0.52688,0.01384,0.33934,0.67910
0.34964,0.59822,0.00520,0.70657,0.05037,0.05051,0.04900,0.02282,0.06711,0.04965,0.42160,0.01388,0.01418,0.25914,0.02934,0.02130,0.49591,0.05396,0.04647,0.06013,0.03140,0.01057,0.02873,0.03444,0.04383,0.37867,0.46599,0.03629,0.39894,0.02793,0.28048,0.28582
0.62868,0.71805,0.05369,0.46156,0.02593,0.04844,0.03963,-0.00503,0.01469,0.05792,0.33910,0.01488,0.05145,0.60605,0.04806,0.07894,0.59573,0.00883,0.05189,0.00661,0.01984,0.04336,0.04319,0.03072,0.04764,0.41405,0.72702,0.01517,0.36499,0.02239,0.75426,0.73764
0.34586,0.33844,0.03061,0.23164,0.06592,0.00686,-0.00574,-0.00966,-0.01646,0.00487,0.46904,-0.00636,0.01641,0.71787,0.05680,0.02587,0.68144,0.06294,0.02175,0.06189,0.04208,0.03867,0.00277,0.04626,0.06777,0.46478,0.55865,0.06570,0.33190,0.01438,0.41935,0.39967
0.47678,0.26407,0.05984,0.48179,0.04176,0.02990,0.01454,0.02593,-0.02304,0.03623,0.65175,0.02758,0.03453,0.45766,0.00868,0.00830,0.46106,0.02724,0.08249,0.07203,0.04887,-0.03752,-0.00408,0.03059,0.04024,0.39153,0.62110,0.03229,0.70490,0.04408,0.53124,0.39352
0.59075,0.29571,0.04517,0.47901,0.02284,0.07045,0.02741,0.02887,0.04910,0.02153,0.35711,0.04548,0.02841,0.65944,0.05346,0.03622,0.46891,0.00816,0.01667,0.01202,0.03225,0.01378,0.04736,0.04979,0.00111,0.33105,0.65018,0.03530,0.33181,0.00231,0.58885,0.25961
0.70357,0.65859,0.02208,0.52261,0.04773,0.01577,0.05510,0.03212,0.01462,0.05531,0.71306,0.03732,-0.00114,0.31364,0.05758,0.01723,0.73005,0.06723,0.03272,0.02536,0.00062,0.06898,0.02299,0.03543,-0.01910,0.30570,0.62221,0.05558,0.60158,0.03524,0.56587,0.53776
0.45185,0.54491,0.02918,0.50403,0.00844,0.03406,0.05412,0.01090,0.04363,0.02905,0.40746,0.04395,0.03974,0.51746,0.06368,0.04901,0.51871,0.03697,0.01480,0.00830,0.03261,0.07639,-0.00018,0.00547,0.03826,0.30324,0.72992,0.04681,0.60641,0.08450,0.28850,0.69210
0.39416,0.62395,0.08482,0.70659,0.07005,0.03612,0.02827,0.05183,0.05137,0.03508,0.63830,0.01897,0.02646,0.63119,0.08395,-0.01214,0.23710,-0.00523,-0.00611,0.04130,0.02972,-0.02391,0.07172,0.00877,0.02665,0.39810,0.41858,0.05157,0.55955,0.04019,0.70343,0.61282
0.24810,0.60206,0.03249,0.28525,0.05080,0.03067,0.01459,0.02643,0.05718,0.00101,0.31146,-0.00312,0.00420,0.74141,0.05387,0.05436,0.74131,0.04261,0.00776,0.03782,0.05449,0.05576,0.01516,0.06803,0.03328,0.60234,0.71758,0.00769,0.69637,-0.00195,0.71203,0.52954
0.30298,0.71033,0.01906,0.71571,0.06369,0.03046,0.07485,0.03767,0.02329,0.02905,0.72501,0.03904,0.03995,0.33729,0.01080,0.00044,0.61462,0.03319,0.00930,0.02156,-0.01904,0.00497,0.03080,0.06500,0.05535,0.71008,0.37699,0.01235,0.45431,0.00985,0.33576,0.50087
0.45926,0.36671,0.01123,0.54057,0.01831,0.03799,0.06755,0.02991,0.03732,0.03278,0.53109,0.02753,0.02218,0.40490,0.03804,0.03098,0.25510,0.02469,0.05243,0.03818,0.05403,0.02999,0.05657,0.06584,0.02582,0.68471,0.58556,0.07602,0.37879,0.05191,0.37902,0.64725
0.62655,0.49142,0.01859,0.26238,0.06465,0.02009,0.03861,0.02867,-0.00140,0.03969,0.60682,0.02302,0.01484,0.74588,0.01922,0.02093,0.50213,0.05682,0.00136,0.01931,0.04506,0.01760,0.02604,0.04399,-0.01096,0.60975,0.34678,0.02532,0.63152,0.03358,0.25041,0.36277
0.61554,0.42460,0.00374,0.44652,0.04922,-0.00039,0.05522,0.02387,0.03444,0.00164,0.48869,-0.00450,0.02235,0.62756,0.03888,0.03968,0.28330,0.03569,0.01188,0.03430,0.01726,0.00143,0.04401,0.04511,0.03730,0.50154,0.33348,0.02617,0.37395,-0.01060,0.29859,0.33966
0.71664,0.65565,0.02691,0.45146,0.04462,-0.01591,0.03978,0.06430,0.07177,0.04845,0.42516,0.01640,0.01357,0.32542,0.05013,0.05362,0.41020,0.05632,0.08304,0.03839,0.03004,0.04897,0.03660,0.03866,0.00657,0.50736,0.38345,0.01118,0.44077,-0.03169,0.38238,0.27624
0.60706,0.49089,0.01377,0.53428,0.03911,0.02788,0.03459,-0.00335,0.03097,0.03648,0.44181,0.05896,0.02245,0.73452,0.03166,-0.00397,0.32701,0.06650,0.01748,-0.01495,0.00051,0.06486,0.02054,0.02835,0.01872,0.32135,0.32875,0.04228,0.53786,0.02899,0.21571,0.46821
0.51148,0.63477,0.02535,0.56529,0.05399,0.03988,0.02955,0.02446,0.03252,0.04143,0.63327,0.04081,0.05633,0.42685,0.03134,-0.00578,0.41617,0.01848,0.02171,0.04464,0.05404,0.06437,0.06220,0.03540,0.02279,0.45634,0.36537,0.02962,0.44797,0.04382,0.67725,0.33200
0.44501,0.48107,0.04489,0.58311,-0.01338,0.04468,0.01624,0.03569,0.03234,0.03409,0.48643,0.03601,0.04494,0.56600,0.07974,0.01218,0.44112,0.00393,-0.01361,0.02008,0.00904,-0.00375,-0.00126,0.03374,0.01789,0.50342,0.59649,0.03893,0.64545,0.00495,0.32669,0.45225
0.61752,0.63165,0.01685,0.33596,0.02953,0.03375,0.05905,0.03554,-0.00570,0.06043,0.48287,0.00957,0.04067,0.52670,0.02333,0.04582,0.67669,-0.00267,0.03023,0.04832,0.04214,0.05385,0.01780,0.03778,0.04419,0.58942,0.42489,0.04962,0.34842,-0.02822,0.27247,0.45969
0.33200,0.59893,0.01383,0.67041,0.04696,0.04188,0.00608,0.05202,0.00783,0.00232,0.38214,0.01972,0.07560,0.58930,0.03195,0.04629,0.64245,0.01207,0.04497,0.04886,0.02874,0.06085,0.05713,0.06282,0.01308,0.32039,0.35550,0.04594,0.53825,0.05679,0.48311,0.47146
0.70350,0.53895,0.00580,0.53021,0.01980,0.05753,0.05136,0.02714,0.00576,0.05069,0.51704,0.05733,0.06203,0.31654,0.01963,0.05049,0.61002,0.00928,0.04677,0.02038,0.05136,0.05540,0.03997,0.05645,0.04680,0.67323,0.41491,0.03883,0.30425,0.00706,0.31429,0.53261
0.33009,0.57846,0.05654,0.44545,0.02230,0.03188,0.02988,0.05024,0.04663,0.04833,0.30381,0.04280,0.00341,0.29060,0.03732,0.02046,0.34395,0.07379,0.00954,0.05759,0.06294,0.05157,0.02670,0.04677,-0.00361,0.45456,0.32451,0.04320,0.40742,0.06485,0.27797,0.35293
0.59351,0.63298,0.02271,0.74238,0.03982,0.05388,0.02411,0.05936,0.03189,-0.01406,0.56935,-0.00978,0.03689,0.47729,0.01114,0.02759,0.70735,0.03658,0.00625,0.04978,0.03999,0.05018,0.03855,-0.01324,0.03142,0.33882,0.36710,0.00904,0.38146,0.04374,0.33276,0.72949
0.39996,0.42275,0.04365,0.58234,0.00873,0.01152,0.04064,0.03395,0.05460,0.04010,0.23961,0.00157,0.00289,0.56572,-0.00587,0.03955,0.49196,0.00752,0.04554,0.05591,0.00597,0.02281,0.02994,0.02751,0.01418,0.29387,0.35860,0.01725,0.46222,0.01368,0.69045,0.56715
0.70652,0.32240,0.01565,0.39154,0.03374,0.00410,0.00077,0.01883,0.01888,0.04104,0.70895,0.06854,0.03283,0.37488,-0.00089,0.01195,0.58328,0.07633,0.04659,0.01652,0.02444,0.05059,-0.00614,0.06746,0.02859,0.55062,0.47580,0.01488,0.69617,0.00848,0.69528,0.66190
0.43759,0.47577,0.01750,0.31947,0.00888,0.03346,0.02317,0.05411,0.00106,0.03352,0.50378,0.02991,0.04759,0.52181,0.04035,0.03311,0.63078,0.01590,0.05444,0.01821,0.00168,0.03893,0.04404,0.05290,0.01020,0.51017,0.54672,0.05046,0.70227,0.01236,0.60478,0.57972
0.28875,0.55250,0.01881,0.65295,0.02963,0.04678,0.06378,0.05860,0.05551,0.02571,0.53501,0.02091,0.04219,0.62678,0.02956,0.00873,0.58781,0.02122,0.04467,0.05112,0.05701,0.01100,0.04258,0.01052,0.04131,0.33587,0.52516,0.03458,0.74724,0.03344,0.35305,0.56249
0.66537,0.24649,0.01359,0.50896,0.04464,0.00200,0.04163,0.04187,0.04882,0.01314,0.62115,0.06678,0.04708,0.43408,0.03091,0.07652,0.50093,0.03518,0.00933,-0.01916,0.01258,0.03550,0.04997,0.04162,0.03550,0.68492,0.45470,0.02083,0.42425,0.01897,0.69803,0.30411
0.45520,0.65066,0.05927,0.38172,0.07373,-0.00362,0.02807,0.08192,0.01542,0.03550,0.71857,0.04376,0.01599,0.30849,0.00063,0.07213,0.43995,0.07776,0.01173,-0.00801,0.02067,0.06231,0.05376,0.03129,0.01757,0.33234,0.66876,0.00104,0.74381,0.02129,0.57860,0.36827
0.72834,0.66796,0.03349,0.72610,0.03703,0.02064,0.00724,0.01368,0.01311,0.04587,0.44328,0.05014,0.04780,0.53231,0.04714,0.01370,0.55849,0.07024,0.03291,0.04681,0.02286,0.05750,0.05575,0.04604,0.01015,0.37729,0.66631,0.03802,0.27362,0.05385,0.31851,0.23908
0.45767,0.30438,0.05688,0.25937,0.03018,0.04131,0.07104,0.02118,0.04590,0.01415,0.66080,0.03486,0.02152,0.50351,0.04322,0.04960,0.45221,0.04674,0.03290,0.01252,0.03350,0.04455,0.00030,0.04380,0.05170,0.71570,0.59731,0.06749,0.37989,0.02889,0.61982,0.30131
0.59144,0.38559,0.07746,0.60431,0.01909,0.00751,0.02228,0.01856,0.00780,0.05601,0.39214,0.00603,0.02068,0.48201,0.05106,0.01950,0.63845,-0.02280,0.06089,0.01954,0.02560,-0.00386,0.01569,0.03588,0.01571,0.27427,0.65498,0.01015,0.58203,0.03492,0.68747,0.43685
0.41937,0.28108,0.06352,0.50846,0.04464,0.00189,0.04266,0.05357,0.01843,0.04516,0.65157,-0.00347,0.05546,0.34375,0.01816,0.00202,0.50229,0.05510,0.05805,0.01427,0.04225,0.04537,-0.00311,0.03313,0.01834,0.52967,0.65908,0.02260,0.42571,0.03395,0.60885,0.42745
0.66966,0.72953,0.02115,0.60338,0.07558,0.02541,0.03165,0.02166,0.05859,0.04021,0.64785,0.03416,0.03195,0.74404,0.03402,0.05159,0.52608,0.02115,0.04593,0.02711,0.01086,0.02437,0.06432,0.04202,0.03697,0.56803,0.54247,0.03754,0.56009,0.03142,0.43773,0.49481
0.71454,0.37551,-0.00602,0.62639,0.06109,0.05030,0.02888,0.02047,0.02549,-0.00886,0.46325,0.04058,0.09186,0.68173,0.03768,-0.00890,0.44510,0.02397,0.01225,0.03598,0.01122,0.03832,0.01922,0.04474,0.01339,0.44843,0.58458,0.06605,0.63478,0.06575,0.66575,0.26993
0.39239,0.35643,0.05844,0.65296,0.03411,0.05538,0.04350,0.07374,0.01984,0.04637,0.61332,0.00662,0.02911,0.23558,0.04629,0.06118,0.56526,0.01642,0.00618,0.08189,0.01440,-0.01921,0.02019,0.03704,0.05526,0.33467,0.33163,0.01294,0.40859,0.07641,0.55199,0.60705
0.61015,0.36371,0.00187,0.64237,0.06328,0.01699,0.03695,0.04653,-0.00482,0.05000,0.58077,0.02699,-0.02278,0.58104,0.06334,0.07861,0.34876,0.03056,-0.00138,0.00421,0.04901,0.03362,0.02094,0.03228,0.02513,0.25270,0.35054,0.06326,0.67374,-0.00860,0.58450,0.29108
0.69139,0.51405,0.01442,0.41965,0.01429,0.03392,0.03232,0.00940,0.01765,0.03256,0.49819,0.02673,0.04925,0.28281,0.02544,0.06483,0.62469,0.08858,0.07467,0.02541,0.04429,0.03805,0.06172,0.06553,0.01260,0.27710,0.53012,0.00631,0.56642,0.03054,0.69881,0.32749
0.75699,0.42926,0.00259,0.52473,0.04665,0.03214,0.01268,0.01933,0.01482,0.00954,0.43769,0.03357,0.05412,0.31532,0.03422,0.01612,0.55058,0.02818,0.06562,0.03598,0.01888,0.03563,0.06762,-0.00344,0.01367,0.27439,0.48859,0.03745,0.70536,0.04891,0.51084,0.37528
0.33967,0.33536,0.06397,0.49667,0.01683,0.04515,0.03431,-0.00926,0.01306,0.01122,0.46886,0.01770,0.02936,0.74531,0.03888,0.04385,0.41411,0.05987,0.03603,0.00188,0.01303,0.04171,0.02052,0.01390,0.02282,0.27386,0.72866,0.05064,0.42350,0.00258,0.49600,0.69216
0.44977,0.65778,0.03216,0.52169,0.06184,0.03164,0.02584,0.02602,0.04785,0.01929,0.51298,-0.01423,0.02242,0.70240,0.06632,0.02773,0.51516,0.06190,0.04345,0.02471,0.04840,-0.00148,0.03838,0.03204,0.06048,0.57721,0.27158,0.02289,0.71675,0.00825,0.66939,0.54107
0.56969,0.61555,0.04322,0.43188,0.03817,-0.00006,0.01069,0.04827,0.04949,-0.01429,0.31141,0.04334,0.01444,0.74277,0.06246,0.03401,0.29084,0.04939,0.04145,0.01529,0.02691,0.03232,0.06712,0.03513,-0.00874,0.46337,0.39004,0.02833,0.51613,-0.00802,0.47881,0.56853
0.68156,0.42759,0.03452,0.38255,0.01825,0.02728,0.03585,0.00486,0.04073,0.01650,0.68279,0.00639,0.03813,0.64828,0.02047,0.01859,0.54393,0.02557,0.05725,0.00362,0.02929,0.07159,0.04906,0.01086,0.03385,0.52647,0.64954,0.00414,0.30094,0.04835,0.51469,0.28091
0.46334,0.64292,0.04403,0.36360,0.06856,0.01749,0.00343,0.04754,0.03922,0.05425,0.75464,0.05803,0.02123,0.69958,0.02159,0.05654,0.48725,0.03859,0.00673,0.07402,0.04837,0.02163,0.03734,0.05329,0.02295,0.32484,0.26886,0.03205,0.48681,0.02188,0.41579,0.44464
0.72965,0.40149,0.03105,0.40064,0.04865,0.03810,0.01996,0.06032,-0.00519,0.02558,0.52583,0.01541,-0.00226,0.56043,0.06379,0.01630,0.32336,0.02112,0.04544,0.01980,0.03479,0.05893,0.02201,0.02012,0.02468,0.53521,0.73156,0.05268,0.70586,-0.03871,0.47493,0.63653
0.58566,0.66970,0.04596,0.62284,0.03439,0.03790,0.04500,0.00285,0.01563,0.05495,0.52276,-0.02468,0.03314,0.67921,0.00553,0.04066,0.62905,0.02763,0.03348,0.04322,0.02679,0.02759,0.02031,0.01678,0.02192,0.45817,0.61594,0.02103,0.57549,0.01759,0.42539,0.52603
0.41780,0.57889,0.04443,0.60514,0.04821,0.07540,0.02366,0.05303,0.02484,0.06029,0.39038,0.06022,0.01793,0.64561,0.04996,0.04500,0.58253,0.04652,-0.00633,0.03847,0.03249,0.04627,0.00807,0.00892,0.03902,0.47767,0.63455,0.02422,0.39328,0.01837,0.63348,0.47010
0.50157,0.40204,0.05502,0.34168,-0.00787,0.04872,0.02849,0.07041,0.05336,0.04850,0.56838,0.04929,-0.00476,0.69840,0.00344,0.05712,0.52285,0.03919,0.05539,0.05034,0.01774,0.04238,-0.00722,0.06826,0.01226,0.61840,0.60931,0.02603,0.48818,0.01662,0.70629,0.56828
0.57577,0.69917,-0.02901,0.47951,0.05839,0.00779,0.04218,0.04116,0.00610,0.01872,0.64909,0.01757,0.04171,0.51387,0.03031,0.02473,0.71587,-0.01259,0.02766,0.02354,0.01287,0.00962,0.03244,0.02118,0.02059,0.36058,0.69215,0.04116,0.55719,0.05469,0.41197,0.71829
0.48252,0.44671,0.01728,0.45858,0.05083,0.00606,0.04951,0.05220,0.03334,-0.00579,0.56435,0.06508,0.00463,0.53751,0.04501,0.02575,0.62372,0.02293,0.01794,-0.02141,0.02955,0.03667,-0.00186,0.04244,0.05567,0.51776,0.54687,0.05261,0.68918,0.04116,0.50224,0.71542
0.28352,0.49591,0.03281,0.33724,0.00637,0.02383,0.04055,0.03663,0.02738,0.02877,0.33147,0.05419,0.01261,0.68316,-0.03912,0.09978,0.26304,0.02883,0.02936,0.04091,0.00572,0.03424,0.03656,0.04976,0.03852,0.31269,0.35645,0.01015,0.76658,0.07796,0.35906,0.33852
0.26683,0.34739,0.01365,0.57923,0.00716,0.02943,-0.00186,0.00341,0.03848,0.05510,0.35834,0.02364,0.00316,0.73803,0.04712,0.03419,0.46553,0.06289,0.00433,0.02291,0.04621,0.03815,0.02144,0.05785,0.02247,0.40309,0.35166,0.02484,0.36410,0.01558,0.49952,0.70745
0.40142,0.67237,0.04884,0.44000,0.07443,0.01880,0.03434,0.01978,0.02328,0.04442,0.57559,-0.02476,0.01607,0.69031,0.01537,0.02253,0.68525,0.01918,0.02048,0.05244,0.01907,0.02582,0.02391,0.03775,0.04723,0.32076,0.53021,0.03935,0.63635,-0.02933,0.25948,0.63178
0.25983,0.75994,-0.00329,0.39282,0.03874,0.00501,0.03116,0.01995,0.07007,0.02241,0.67494,0.00256,0.01489,0.29540,0.04115,0.02045,0.36585,0.03158,0.06658,0.03789,0.01636,0.02147,0.01441,0.02292,-0.01480,0.54072,0.61178,0.02443,0.48944,0.01874,0.74872,0.49827
0.49376,0.51137,-0.00766,0.62940,0.04402,0.02951,0.06978,0.03088,0.04541,0.00729,0.28279,-0.00891,0.04207,0.45783,0.02554,0.01234,0.41738,0.07028,0.01269,0.00819,0.02203,0.04595,0.03395,0.04688,0.00324,0.31191,0.48956,0.06393,0.58056,0.00472,0.64935,0.25985
0.37500,0.49186,0.02927,0.56243,0.05765,0.01856,0.03891,0.05342,-0.00167,-0.00383,0.62647,0.07123,0.03385,0.63647,0.03746,0.06505,0.68755,0.04762,0.02739,0.06113,0.01388,0.05361,0.01667,0.03601,0.03426,0.27686,0.33054,0.05133,0.42981,-0.00104,0.03808,0.62861
0.44877,0.29967,0.06033,0.65280,0.03759,0.04952,0.02380,0.03302,0.05424,0.03049,0.66739,0.01900,0.01546,0.62443,0.04834,0.01467,0.28152,0.07301,0.03654,0.01503,0.03540,0.05092,0.03179,0.01300,0.08093,0.73210,0.70025,0.05238,0.44712,0.03481,0.03439,0.70758
0.47727,0.48009,0.01314,0.56863,0.00947,0.02619,0.02651,0.02342,0.00551,0.04192,0.71558,-0.00242,0.06532,0.27154,0.04238,0.05717,0.27015,0.02730,0.01047,0.01581,0.03315,0.05263,0.04548,0.05900,0.03548,0.39227,0.32713,0.05437,0.64071,0.03057,0.04409,0.32374
0.65585,0.53501,0.03469,0.73500,0.06107,0.04230,0.04359,0.04192,-0.02337,0.03039,0.42502,0.00849,0.05412,0.48446,0.04871,0.08345,0.51131,0.01352,0.05872,0.05683,0.03028,0.04522,0.01930,0.03871,0.01900,0.47092,0.70458,0.02926,0.70098,0.03089,0.00361,0.75081
0.42694,0.35132,0.03667,0.37824,0.03358,-0.00447,-0.00582,0.02824,0.04695,0.02282,0.67611,0.05197,0.04092,0.25093,0.01654,0.01755,0.38362,0.01334,0.00790,0.00643,0.04895,0.01779,0.01949,0.03429,0.02165,0.26038,0.68540,0.03634,0.33363,-0.01533,0.04054,0.33835
0.49857,0.70098,0.01029,0.61802,0.01580,0.05137,0.01426,0.03753,-0.00501,0.03969,0.47252,0.04439,0.02861,0.62524,0.03853,0.05447,0.45344,-0.01257,0.02200,0.02215,0.02413,0.03772,0.05876,0.02660,0.03704,0.32472,0.54999,-0.01979,0.69568,0.02829,0.04786,0.69215
0.59511,0.22979,0.04844,0.33298,-0.02152,0.00603,0.00150,0.01592,0.04655,0.01230,0.45572,0.01464,0.02767,0.69523,0.02687,0.02731,0.58864,0.01880,0.05519,-0.00046,0.02250,-0.01718,0.02275,0.01301,0.03864,0.36310,0.37902,0.02788,0.63378,0.04191,0.03926,0.32626
0.68891,0.39122,-0.00050,0.70307,0.00942,0.04819,0.01594,0.04529,0.04433,0.03740,0.49783,0.05007,0.00029,0.55302,0.05148,0.02164,0.32070,0.04984,-0.00690,0.01719,0.05435,0.01062,0.01152,0.02263,0.04321,0.62257,0.29780,0.04536,0.54923,0.00962,0.02423,0.40939
0.33539,0.68089,0.03203,0.67819,0.00687,0.06758,0.01461,0.02413,0.02860,0.00715,0.48998,0.04890,0.01138,0.63654,0.03394,0.06335,0.37364,0.02168,0.03779,0.02101,0.01647,0.04280,0.00875,0.03431,-0.00755,0.57917,0.50664,0.02954,0.27488,0.00124,0.04333,0.64335
0.44340,0.38023,0.01358,0.27343,-0.00807,0.04412,0.01830,0.01507,-0.02022,0.05289,0.66728,0.05170,0.03245,0.30504,0.01044,0.02584,0.50943,0.02089,0.00199,0.01016,0.08048,0.02968,0.03054,0.02181,-0.01842,0.32282,0.55851,0.01777,0.41051,0.01303,0.03421,0.46943
0.56291,0.55181,0.05691,0.44205,0.01566,0.03971,0.02980,0.02922,0.06960,0.05385,0.40460,-0.00451,0.03611,0.57984,0.01672,0.04141,0.74217,0.03716,0.03860,0.03267,0.02656,0.01249,0.04213,-0.00978,0.00825,0.54251,0.33948,0.02860,0.36466,0.06097,0.02918,0.56607
0.24989,0.26976,0.01200,0.32955,0.03109,-0.00969,0.08217,0.00615,0.03065,0.01984,0.67406,0.02282,0.05593,0.35635,0.05073,0.00185,0.41290,0.03878,0.01374,0.02873,0.02285,0.00543,0.03324,0.00056,0.00825,0.67405,0.55577,0.05769,0.39354,0.00440,0.06788,0.64696
0.29200,0.29046,0.03581,0.70734,0.01236,0.03174,0.01830,0.00643,-0.00465,0.00675,0.24625,0.04690,0.05602,0.26812,0.05375,0.04520,0.26916,0.02817,0.02095,0.03949,0.02911,0.05925,0.03924,0.05766,0.02094,0.45981,0.33719,0.04266,0.71819,0.01889,-0.00590,0.37003
0.64305,0.48165,0.07516,0.51489,0.02487,0.03747,0.03492,0.01585,0.03485,0.06368,0.63791,0.04655,0.02910,0.49576,0.01830,0.03025,0.53269,0.04131,0.06397,0.00193,0.04381,0.05555,0.02419,0.04917,0.05885,0.76149,0.48171,0.01083,0.44584,0.05081,0.04941,0.59589
0.34415,0.46541,0.03152,0.66714,0.07560,-0.00824,0.05297,0.00697,0.00706,-0.00417,0.31544,0.02750,0.02681,0.28207,0.02189,0.02430,0.52676,0.03520,0.06949,0.05041,0.04290,0.07816,0.04749,-0.01278,0.05523,0.56428,0.35048,0.02357,0.45928,0.02948,0.03791,0.70393
0.74722,0.36900,-0.00526,0.64602,0.01394,0.01224,0.01828,0.03400,0.06926,0.03981,0.40728,0.06555,0.07425,0.42914,0.03355,0.04069,0.56181,0.05909,0.05836,0.04085,0.03692,0.01074,0.01439,0.01513,0.04113,0.51109,0.33480,0.02505,0.68784,0.01102,-0.00525,0.62621
0.59708,0.46063,0.01447,0.63200,0.00175,0.03004,-0.03702,0.01430,0.01541,0.02637,0.35178,0.03103,0.05650,0.62410,0.04346,0.03724,0.49333,0.01635,0.06622,0.03140,0.06707,0.01477,0.01489,0.04304,0.00064,0.38862,0.52265,0.06758,0.39980,0.03259,0.04362,0.48826
0.33326,0.74369,0.01317,0.46887,0.01612,0.02293,0.07179,0.03318,0.03796,0.06310,0.49836,0.05503,0.01334,0.36380,0.06306,0.00355,0.73270,0.01925,0.07218,0.01271,0.03157,0.03692,0.00872,0.04626,0.04603,0.69942,0.49655,-0.00811,0.75137,0.02935,0.02824,0.32772
0.42559,0.37863,0.02207,0.64429,0.01711,0.08390,0.04823,0.02925,0.05130,0.02028,0.48209,0.00151,0.00148,0.36419,0.04574,0.01638,0.57229,0.03137,0.02736,0.01063,0.03445,0.03125,-0.00098,0.04710,0.02091,0.25608,0.49868,0.05283,0.38717,0.01193,0.06089,0.71340
0.55479,0.23950,0.04372,0.65161,-0.01061,-0.01215,0.02455,0.00844,0.03618,0.01537,0.31404,0.03763,0.04862,0.44078,0.01479,-0.00122,0.38742,0.07280,0.02034,0.03691,-0.02848,0.01424,0.02921,-0.00069,0.01429,0.55862,0.25486,0.04230,0.57881,0.00351,0.05707,0.54172
0.72639,0.50337,0.02355,0.58707,0.04735,0.00405,0.01360,0.04874,0.02981,0.06330,0.61298,0.04407,0.04885,0.58942,0.02476,0.00675,0.68014,0.01212,0.03455,0.01783,0.04802,0.05396,-0.01116,0.01884,0.00862,0.37866,0.28734,0.03931,0.53649,0.03404,0.02539,0.38904
0.40954,0.31156,-0.01108,0.47216,0.03756,0.03405,0.05989,0.01711,0.05215,0.02451,0.34516,0.01744,0.05021,0.68873,0.00780,0.05532,0.42756,0.03671,0.01312,0.00074,0.01851,0.00437,-0.00117,0.07046,0.01823,0.29684,0.61725,0.06195,0.26653,0.03034,0.03734,0.28776
0.58922,0.27989,0.02355,0.52178,0.08534,0.02037,0.01743,0.04740,0.04571,0.06407,0.35473,0.02943,0.01687,0.26922,0.02774,0.06575,0.55643,0.07432,0.05506,0.06215,0.02468,0.06136,0.01189,0.07484,0.03679,0.33802,0.41840,0.02418,0.62583,0.00197,0.03437,0.32112
0.62804,0.67913,0.03886,0.44856,0.02580,0.03527,0.04283,0.02768,0.01436,0.02310,0.58717,0.00271,0.03110,0.28245,0.04044,0.05064,0.23491,0.01110,0.01485,0.05703,0.02035,0.03336,0.00594,-0.00374,0.04334,0.24268,0.55138,0.03788,0.40482,0.02355,0.02573,0.53982
0.66988,0.24695,0.04944,0.34079,0.01545,0.05414,0.03809,0.03029,-0.01411,0.04276,0.53625,0.04194,0.03302,0.30336,0.05838,0.03498,0.58803,-0.00644,0.06813,0.03547,0.08635,0.00658,-0.00619,0.05151,0.03692,0.52768,0.45490,-0.00637,0.74342,-0.00601,0.06397,0.70342
0.49128,0.36765,0.01901,0.62434,0.07029,0.03376,0.03424,0.04895,0.01975,0.02682,0.38334,0.01386,-0.03418,0.61533,0.02300,0.00554,0.69232,0.01613,0.02633,0.05279,0.03871,0.01213,0.04777,0.02904,0.01208,0.43127,0.41111,0.04090,0.63327,0.01967,0.05295,0.65208
0.31221,0.50810,0.04934,0.57461,0.01098,0.04157,0.02176,0.02809,0.03018,0.02141,0.70857,-0.00342,-0.00684,0.29684,0.02306,0.02203,0.37401,0.04210,0.02515,0.03555,0.01425,0.02562,0.03207,0.01353,0.03967,0.32583,0.28183,0.03501,0.46305,0.01926,0.02206,0.40328
0.29661,0.37638,0.03004,0.64255,0.04549,0.00077,0.03515,0.07093,0.01287,0.04592,0.59246,0.04996,0.01741,0.54148,0.01076,0.00192,0.31099,0.06898,0.06440,0.05371,0.00261,-0.01285,0.03861,0.03193,0.02699,0.67662,0.49613,0.00551,0.52324,0.00035,0.02018,0.69089
0.71144,0.58819,0.00072,0.67876,0.03206,0.02544,0.04672,0.02584,0.02267,0.03405,0.42020,0.01891,0.03559,0.41787,0.01859,0.01544,0.73148,0.04150,0.05122,0.06048,0.03633,0.02041,0.02339,0.03429,0.01813,0.31528,0.49247,0.01987,0.38792,0.07618,0.02520,0.40505
0.64513,0.77002,0.06008,0.33592,-0.01345,0.08911,0.01195,0.06180,0.00689,0.03484,0.73770,0.01744,-0.01461,0.45661,0.02208,0.02052,0.52945,0.06839,0.05586,0.01149,0.05389,-0.00949,0.01460,0.01223,0.03739,0.25962,0.58405,-0.00017,0.50593,0.01536,0.00711,0.31610
0.66463,0.42512,0.01404,0.56112,0.00305,0.01790,0.04037,0.03611,0.05919,0.02635,0.52898,0.03290,0.02376,0.47398,0.01801,0.05569,0.49190,0.04980,0.04656,0.03458,-0.02235,0.00989,0.01633,0.05979,0.04828,0.35702,0.57599,-0.01411,0.63448,0.02823,0.06059,0.64896
0.50802,0.36665,0.02828,0.59242,0.01651,0.03794,0.02823,0.00604,0.03687,0.09965,0.62742,0.03897,0.00399,0.51934,0.03697,0.04984,0.57653,-0.00390,0.04600,0.03133,0.01636,0.04483,0.02398,-0.00521,0.04034,0.32014,0.35034,0.02701,0.22668,0.03934,0.05829,0.35050
0.45801,0.59453,0.01211,0.25729,0.04023,0.02601,0.03034,-0.01764,0.01605,0.04423,0.27917,0.03500,0.01557,0.65096,0.03353,-0.01286,0.49940,0.02362,0.04182,0.03058,0.04050,0.02183,0.03758,0.04194,0.05647,0.29855,0.71336,0.02579,0.51652,0.03565,0.05915,0.51562
0.50402,0.48088,0.04720,0.61618,0.03799,0.01914,0.04827,0.00970,0.02307,0.04968,0.56259,0.02651,-0.00252,0.39853,-0.04700,-0.01407,0.63679,0.00450,0.03933,0.06038,0.00453,0.01924,-0.00045,0.03577,0.03272,0.42099,0.72547,0.06790,0.29719,0.04235,0.02530,0.72622
0.31411,0.52178,0.02721,0.40697,0.04725,0.04188,0.04320,0.05208,0.03581,0.03368,0.66460,-0.00278,0.03628,0.62772,0.06247,0.03468,0.70558,0.02162,0.03939,0.02325,0.07396,0.01611,0.05475,0.04376,0.03437,0.56695,0.59957,0.03316,0.38726,0.01992,0.02242,0.26006
0.54303,0.55618,0.03925,0.42194,0.00854,0.01558,0.02413,0.04910,0.00746,0.10280,0.65061,-0.01124,0.03586,0.70490,0.02139,0.03068,0.71291,0.00973,-0.00369,0.03231,0.00875,0.03260,0.04685,0.04273,0.06974,0.65434,0.55007,0.01420,0.51337,0.04554,0.01777,0.28926
0.45767,0.60432,0.03931,0.60515,0.04023,0.02063,0.05485,0.04906,0.02857,0.02771,0.35377,0.07319,0.01733,0.45614,0.05379,0.05151,0.33705,0.01276,0.01458,0.03443,0.02606,0.06406,0.01180,0.03721,0.05952,0.71786,0.61310,0.04868,0.71161,0.00876,0.04624,0.33739
0.32067,0.42596,0.04740,0.73724,0.04719,0.03055,0.00376,0.03761,0.05266,0.03053,0.53962,0.00948,0.00838,0.57443,0.03409,0.04155,0.47870,0.02332,0.03202,0.02258,0.07193,0.03459,0.10624,0.00381,0.07735,0.76706,0.26445,-0.00308,0.75617,0.06473,0.03059,0.34486
0.66618,0.69477,0.04169,0.54708,0.01899,0.06783,0.01379,0.01762,0.03090,-0.00212,0.54039,0.02929,0.03345,0.60109,0.02341,0.03089,0.72828,0.00281,0.03849,0.02613,0.05014,0.01607,0.06806,-0.00571,0.03431,0.50572,0.49812,0.04851,0.63173,0.02695,0.00739,0.47054
0.28811,0.34160,0.05028,0.64659,0.03064,0.05617,0.05480,0.06344,0.06101,-0.03315,0.35705,0.05457,0.06946,0.48207,0.03084,0.05802,0.37318,0.02306,0.03506,0.05735,0.03429,0.04406,0.03353,0.07343,0.03584,0.46504,0.49064,0.00614,0.46545,0.06211,0.01158,0.73428
0.70690,0.34136,0.03190,0.57535,0.07923,0.01730,0.07422,0.04715,0.03558,0.02899,0.35485,0.02761,0.04399,0.59149,0.02493,0.04050,0.40702,0.01805,0.02783,0.06299,0.04904,0.05795,0.00834,0.04394,0.05906,0.49250,0.64854,0.02102,0.66056,0.03223,0.02136,0.28036
0.40333,0.50681,0.06534,0.67947,0.02191,-0.02411,0.04893,0.03129,0.03823,0.07084,0.66404,0.00778,-0.00275,0.33555,0.01210,0.01357,0.56989,0.02294,0.04574,0.01575,0.05799,0.01171,0.01731,0.03351,0.03685,0.57318,0.36846,0.01653,0.55557,0.07467,0.05742,0.29864
0.61186,0.57374,0.02545,0.60674,0.01896,0.04001,-0.04868,0.02273,0.02154,-0.00693,0.54929,-0.00062,0.01657,0.33736,0.00131,0.02184,0.60434,0.02205,0.03199,-0.01334,0.07503,0.02110,0.02597,0.00773,0.02365,0.38265,0.73751,0.02367,0.72905,-0.00625,-0.01626,0.48383
0.41308,0.68483,0.03126,0.25140,0.05145,0.04895,0.05047,0.06475,0.02070,0.06777,0.60692,0.02258,0.06051,0.69582,0.02828,0.00444,0.41063,0.02108,0.00878,0.01212,0.01093,0.02249,0.04968,0.02982,0.03106,0.55301,0.64126,0.04966,0.40462,0.02758,0.05565,0.47151
0.34658,0.27047,0.01024,0.49726,0.02862,0.06005,0.04989,0.04245,0.04601,0.03708,0.56608,0.03029,0.02027,0.31934,0.03554,0.03248,0.33488,0.01248,0.03694,0.05163,0.03253,0.02838,-0.01774,0.06156,0.05367,0.51224,0.65632,0.01374,0.71815,0.03973,0.01392,0.40715
0.32078,0.61490,-0.01218,0.28881,0.02232,0.02641,0.03533,0.01904,0.01662,0.02618,0.52959,0.00129,0.05871,0.50252,0.01329,0.05198,0.64048,-0.01031,0.00486,0.07647,0.00065,0.06829,0.04100,0.01942,0.01538,0.33112,0.29744,0.03955,0.73875,0.02604,0.03974,0.56988
0.57322,0.64321,0.02082,0.34133,0.07333,0.04433,0.02262,-0.00462,0.04542,0.07667,0.41291,0.03775,0.01852,0.69371,0.05591,0.02351,0.28562,0.03376,0.01274,0.01525,0.01953,0.02221,-0.00027,0.00741,-0.00968,0.69134,0.44899,0.04367,0.39328,0.03575,0.04428,0.27623
0.44721,0.65772,0.02012,0.55122,-0.00874,0.02786,0.02362,0.03735,0.06297,0.02110,0.38500,0.01654,0.06609,0.67955,0.00401,0.02942,0.54457,0.05846,0.02105,0.07053,0.04385,0.04289,0.02788,0.06045,-0.00339,0.59947,0.33433,0.03256,0.51245,0.01044,0.04418,0.74701
0.71220,0.28641,0.01730,0.57856,-0.01797,0.03950,0.00648,0.03007,0.03830,0.02683,0.24273,0.02290,0.00611,0.67483,0.05387,0.03425,0.74278,0.03152,0.03317,0.02984,0.01217,-0.00529,-0.00433,0.00969,0.05598,0.35542,0.68933,0.03102,0.50595,0.01348,0.02373,0.43772
0.46780,0.50752,0.05843,0.72170,0.06514,0.04774,0.01813,0.01460,0.04973,0.06211,0.73687,0.02291,0.04082,0.52573,0.02984,0.04072,0.60287,0.05541,0.02878,0.03655,0.01812,-0.00032,0.01942,0.05906,0.00724,0.33343,0.54900,0.00686,0.52011,0.04246,0.02070,0.24029
0.44317,0.38212,0.02761,0.40012,0.02613,0.01753,0.00174,0.06484,0.02288,0.01649,0.30437,0.03814,0.02556,0.23284,-0.01710,0.04827,0.67079,0.03332,0.07348,0.06324,0.04455,0.01500,0.00804,0.01563,0.03440,0.30187,0.66603,0.05907,0.39440,0.03559,-0.00014,0.45516
0.38865,0.64058,0.03923,0.60777,0.04357,0.07490,0.04647,0.06018,0.01143,-0.00491,0.68481,0.01112,0.03342,0.61944,0.03235,0.06852,0.33170,0.04998,0.02752,-0.00889,0.02053,0.03667,0.05593,0.00818,0.03675,0.67550,0.42616,0.05121,0.57951,0.02889,0.03251,0.55960
0.60268,0.51429,0.03541,0.28984,0.05822,0.04696,0.01720,0.04275,0.04763,0.02750,0.37364,0.07233,0.04713,0.41095,-0.01859,0.01824,0.40064,0.03349,0.04505,0.01122,0.04835,0.03883,0.04612,0.02554,0.05222,0.51236,0.67085,-0.01573,0.28308,0.04008,0.06206,0.36513
0.31300,0.55029,0.02629,0.40534,0.02289,0.07184,0.03847,0.05774,0.02463,0.02434,0.62342,0.01410,0.06043,0.60847,0.01670,0.04376,0.29901,0.03955,0.03476,0.01235,0.04305,0.02492,0.01412,0.01353,0.07934,0.39750,0.26550,0.03297,0.44499,0.03394,0.04599,0.36597
0.29760,0.68898,0.06580,0.54034,0.04826,0.03312,0.04391,0.03792,0.03599,0.06748,0.37238,0.04442,0.04909,0.51196,0.05144,0.02464,0.50281,0.03984,0.07791,0.01584,0.00118,0.00991,0.04716,0.04114,0.04424,0.56068,0.60220,0.02948,0.58237,-0.00387,0.02342,0.42673
0.41602,0.63125,-0.00168,0.31929,0.01961,0.04094,0.01177,0.07234,0.01761,-0.02422,0.45839,0.06694,0.03905,0.39258,0.03482,0.09587,0.48216,0.01424,0.07450,0.01502,0.03324,0.02795,0.01239,0.03166,0.01862,0.51875,0.35783,0.04065,0.25281,0.01452,-0.02316,0.43767
0.73516,0.69498,0.01138,0.70219,0.02046,0.00405,-0.00701,0.10120,-0.00859,0.04968,0.69566,0.02499,0.05318,0.57826,0.03461,0.02937,0.51282,0.03271,0.04949,0.03029,0.06273,0.02015,0.00554,-0.01256,-0.00501,0.54568,0.66659,0.01089,0.68857,0.05784,0.04896,0.44733
0.54414,0.62615,0.00514,0.38825,0.01881,0.04617,0.04586,0.03322,0.02525,0.02153,0.38976,0.06150,0.03317,0.44826,0.00938,0.04818,0.30180,0.03103,0.02565,0.04077,0.00701,0.04392,0.07173,0.05011,0.03013,0.27279,0.30803,0.02365,0.58775,0.02400,0.07770,0.51377
0.69635,0.58077,0.02164,0.42094,0.05381,0.03482,0.03248,0.06486,0.02877,0.00526,0.41129,0.00912,-0.00181,0.52018,0.00633,-0.00065,0.50182,0.03329,0.00464,0.06266,-0.00454,0.04343,0.03823,0.07578,0.05260,0.65073,0.34177,0.01528,0.67331,0.03596,0.05072,0.63073
0.72111,0.72218,0.08167,0.45989,0.04847,0.04325,0.05691,0.03602,0.03802,0.02782,0.37278,0.05460,0.01851,0.44192,0.01054,0.03780,0.43492,0.03965,-0.01796,0.03994,0.02241,0.03422,0.05191,0.05340,0.02722,0.31253,0.51642,0.01778,0.73789,-0.00193,0.01687,0.60696
0.54336,0.37544,0.00379,0.42347,0.00692,0.02473,0.03510,0.00595,0.05255,0.01486,0.39305,-0.01260,0.01282,0.69210,0.00468,-0.00301,0.48011,0.03766,0.02394,0.03317,0.04623,-0.00940,0.01427,0.02410,0.00897,0.58671,0.66679,0.00662,0.45249,0.04595,0.06123,0.30982
0.47074,0.73129,0.03106,0.25775,0.03817,-0.01303,0.00216,0.03320,0.02689,0.02481,0.65406,0.00808,0.04357,0.32045,0.03660,0.02249,0.27289,-0.00866,0.06822,0.03966,0.00896,0.01483,-0.00201,0.00318,0.03679,0.28287,0.26731,0.03411,0.37723,0.03271,0.06942,0.48146
0.59718,0.71774,0.05154,0.64853,-0.00074,-0.01001,0.00007,0.06300,0.03031,0.07973,0.66278,-0.01008,0.02230,0.31617,0.04356,0.02474,0.30843,0.05997,0.05062,0.02210,0.04430,0.04609,0.05448,0.01889,0.05610,0.61337,0.61892,0.04412,0.35447,0.01710,0.03600,0.32091
0.52612,0.66858,0.03121,0.43746,0.02671,0.04905,-0.02105,-0.03503,0.03675,0.01813,0.71708,0.02439,0.02296,0.60801,0.04013,0.02069,0.45879,0.03852,0.06829,0.03831,0.04009,0.01943,0.04067,0.03042,0.00059,0.65338,0.28672,0.03156,0.66665,0.00710,0.05028,0.31621
0.35772,0.70385,0.03103,0.25943,0.03351,0.06748,0.05640,0.05202,0.01546,0.02461,0.54461,0.06850,0.02882,0.39249,0.02833,0.00434,0.62732,0.05124,0.02722,0.03169,-0.02865,-0.03282,0.05759,-0.00550,0.01518,0.39949,0.29370,0.01199,0.32522,0.01572,0.04859,0.27136
0.31623,0.63875,-0.00267,0.38391,-0.00153,0.02519,0.07010,0.07207,0.02411,-0.00652,0.33396,0.02811,0.04062,0.25889,0.01027,-0.00233,0.65208,0.05608,0.00255,0.03947,0.10543,0.04766,0.01699,0.01585,-0.00175,0.30764,0.70483,0.04987,0.40484,0.02572,0.01606,0.64402
0.37373,0.54785,0.05722,0.26619,0.04766,0.02618,0.05242,0.02015,0.02795,-0.02896,0.57960,0.01143,0.00819,0.68702,0.02332,0.03367,0.30975,-0.01291,0.00188,0.02757,0.03345,0.03583,0.04173,0.03673,0.06008,0.61842,0.40542,0.01062,0.33719,0.04459,0.02502,0.76505
0.32716,0.25028,0.01500,0.51584,0.06255,0.05835,0.05543,0.02522,0.01958,0.04138,0.74075,0.03763,0.00858,0.45401,0.01736,0.02512,0.54985,0.04904,0.01610,0.00625,0.03227,0.00719,0.03895,0.02241,0.02114,0.36824,0.52131,0.03257,0.62627,-0.00413,0.05284,0.49995
0.30843,0.48687,0.03689,0.71685,0.07104,0.00350,0.03813,0.00249,0.08578,0.04866,0.70686,0.03042,-0.00602,0.67603,0.03305,0.03502,0.43567,-0.00344,0.05187,0.06282,0.03027,0.02834,0.03675,0.03724,0.00767,0.48979,0.39010,0.04865,0.66402,0.06638,0.00405,0.48936
0.65988,0.45768,0.02515,0.72441,0.10260,-0.01225,0.05811,0.05543,0.03160,0.04524,0.68436,0.03602,0.07335,0.40267,0.03596,-0.01604,0.26139,0.04432,0.01882,0.03038,0.02046,0.02676,0.05862,0.07283,0.04527,0.47770,0.69132,0.02498,0.26810,0.02025,0.00789,0.50525
0.35144,0.70070,0.06534,0.70812,0.03019,0.01542,0.03052,0.05459,0.04190,0.02616,0.63040,-0.00521,0.02179,0.54335,0.00954,0.02282,0.64198,0.03077,0.07028,-0.00973,0.07756,0.04757,0.02904,0.04537,0.03814,0.72902,0.74787,0.04448,0.61282,0.04700,0.08650,0.65322
0.26041,0.59115,0.06431,0.44365,-0.00433,0.05386,0.00635,0.07345,0.04040,0.05232,0.35326,0.05739,0.03209,0.57852,0.05159,0.00603,0.58748,0.02312,0.04873,0.01263,0.05432,0.05380,0.01054,-0.00185,0.04004,0.28576,0.75012,0.03301,0.42689,0.03656,0.01692,0.23980
0.66173,0.53437,0.01034,0.35359,0.01878,0.01948,0.06759,0.03034,0.04950,0.01422,0.41498,0.00590,0.03475,0.26672,0.00408,0.06187,0.30502,0.00568,0.04698,0.06160,0.04856,-0.02189,0.05594,0.01838,0.02490,0.68679,0.53548,0.00862,0.75507,-0.01807,0.03876,0.68559
0.51020,0.52762,0.00560,0.63495,0.01249,0.08031,0.02784,0.02471,0.04432,0.02559,0.61448,0.05603,0.04183,0.48789,0.02062,0.04885,0.47654,0.03332,0.02473,0.05278,0.04068,0.03272,0.06838,0.02458,0.03155,0.59321,0.47044,-0.01132,0.29018,-0.01211,0.04227,0.55406
0.34502,0.68798,0.02944,0.49147,0.05775,0.06185,0.02952,0.03967,0.01837,0.04215,0.64024,-0.00022,0.01897,0.66944,0.02837,-0.00666,0.25378,0.03248,0.01883,-0.00321,0.01574,0.02851,0.06873,0.01909,0.01285,0.26621,0.63062,0.06724,0.55814,0.02233,0.06445,0.60256
0.66652,0.32720,0.03375,0.44874,0.03122,0.08888,0.04049,0.01408,0.03531,0.03738,0.47888,0.01670,0.01075,0.46143,0.05066,0.03261,0.60722,-0.00920,0.01120,0.04022,0.01715,0.04162,0.05685,0.04011,0.01475,0.52965,0.56222,0.03120,0.48740,0.05226,0.05213,0.35252
0.49050,0.69664,0.01063,0.70479,0.04063,0.01672,-0.02284,0.03021,0.03522,0.04530,0.27738,-0.00138,0.02972,0.49286,0.04043,0.03824,0.48637,0.04573,0.04103,-0.00086,0.01413,0.01557,0.00564,0.03790,0.04837,0.38212,0.47704,0.03648,0.60839,0.06873,0.00201,0.54278
0.59811,0.60589,0.01360,0.68506,-0.01973,0.03277,0.02699,0.03811,0.05925,0.02617,0.76763,0.04976,0.01817,0.34442,0.05520,0.01458,0.23649,0.02588,0.02639,0.03234,0.04060,0.01785,0.03457,-0.01878,0.05413,0.60036,0.29996,0.04581,0.45818,0.07907,0.00898,0.70809
0.46279,0.37354,0.05722,0.73467,0.02196,0.01932,0.02759,0.04926,0.04391,0.02613,0.36497,0.04128,0.03213,0.31633,0.01528,0.03310,0.71820,-0.00010,0.05992,0.04126,0.01502,0.02173,0.05709,0.01625,0.05023,0.25221,0.55806,0.02262,0.57510,0.04757,-0.03114,0.31740
0.36462,0.39537,0.02913,0.45417,-0.00021,0.06116,0.03349,0.02847,-0.01142,-0.02613,0.65978,0.03111,0.01758,0.44681,0.05412,0.01309,0.66805,0.03533,0.02381,0.06963,0.04103,0.01391,0.04706,0.01481,-0.00075,0.48480,0.52756,0.05425,0.43005,-0.00676,0.03952,0.66674
0.40178,0.68372,-0.02525,0.58620,0.01462,0.05778,0.07870,0.06931,0.01252,0.01845,0.31660,0.01007,0.03142,0.76637,0.04768,0.01250,0.39369,0.04213,0.06054,0.04140,0.01461,0.03750,-0.01159,0.03221,0.03393,0.63323,0.33924,0.01728,0.63324,0.05797,0.02037,0.33320
0.41230,0.70187,0.01164,0.31678,0.02695,0.04150,0.01060,0.03733,-0.00006,0.03510,0.43950,0.01622,0.03634,0.51942,0.05828,0.05797,0.75103,0.02222,0.04658,0.05454,0.07116,0.02498,0.02507,0.02658,0.06145,0.70084,0.54689,0.00255,0.33290,0.05248,0.00826,0.41433
0.64975,0.52596,0.00414,0.35243,0.01435,0.03365,0.01170,0.04686,0.06896,-0.00824,0.31741,0.04126,0.00214,0.45992,0.00822,0.04016,0.66250,0.03546,-0.00958,0.04037,0.03249,0.02377,0.03739,-0.00157,0.04195,0.73982,0.46966,0.03540,0.39636,0.01960,0.03493,0.66052
0.67141,0.30632,0.03427,0.32945,0.05908,0.01849,0.01006,-0.00800,0.00934,0.02236,0.76686,0.03714,0.02307,0.32291,0.03932,0.04745,0.58689,0.08075,0.06308,0.01139,0.00565,0.04300,-0.00074,0.01464,0.00536,0.31577,0.50051,0.00931,0.58328,0.04282,0.02244,0.41280
0.69794,0.60228,0.02200,0.75028,0.00929,0.03427,0.03269,0.02299,0.04782,0.01308,0.60997,0.01457,0.00114,0.63576,0.03622,0.03967,0.72601,0.01292,0.00425,0.02944,0.03875,0.05965,0.01992,0.04076,0.05368,0.30017,0.68947,0.06168,0.42748,-0.00016,0.02485,0.29322
0.30135,0.46674,0.04068,0.54428,0.01617,0.02077,0.03873,0.02141,0.04814,0.04382,0.35100,0.01457,0.04139,0.40299,0.01699,0.03795,0.52363,0.02261,-0.00152,0.00322,0.02786,0.07623,0.04598,0.04921,0.07059,0.47728,0.67105,0.08855,0.28457,0.03992,0.02360,0.71910
0.56475,0.70456,0.04442,0.52856,0.02184,0.05022,0.02804,-0.00530,0.01486,0.06989,0.39861,0.00210,-0.00037,0.64068,0.05568,0.02283,0.31273,0.00849,-0.02048,0.03127,0.00219,0.06927,0.00934,0.02322,0.05594,0.60372,0.39862,0.04400,0.28673,0.04124,0.04181,0.66876
0.35439,0.39971,0.00180,0.34617,0.04628,0.06752,0.05865,0.04009,0.00752,-0.00646,0.35080,-0.01019,0.00038,0.31025,0.02784,0.02013,0.58159,0.05245,0.06860,0.04672,0.02464,0.01894,0.02298,0.03883,0.01524,0.68353,0.32638,0.01993,0.60354,-0.00648,0.02121,0.68617
0.56533,0.57883,0.03837,0.64436,0.04309,0.02331,0.05013,0.03281,0.01250,0.05434,0.44931,0.04074,0.00163,0.39469,0.02512,-0.00904,0.61722,0.00793,0.01276,0.03072,0.01555,0.05022,-0.01466,0.04219,-0.00308,0.64837,0.36924,0.03953,0.45557,0.03492,0.03727,0.29071
0.39577,0.44727,0.03388,0.48763,0.06132,0.04181,0.02971,0.05590,0.04200,0.02076,0.72974,0.02410,0.02841,0.33703,0.03328,0.06702,0.52258,0.04233,0.06038,0.01002,0.04463,0.03073,0.08695,0.03084,0.01852,0.32236,0.42754,0.04704,0.44969,0.05172,0.05774,0.31805
0.67311,0.25781,0.02125,0.47126,0.04115,0.01219,0.00169,0.03982,0.06069,0.04717,0.53697,0.02679,0.06499,0.40897,0.00582,0.04104,0.38350,0.04038,0.00844,0.02860,0.00340,0.03378,0.08442,0.05992,0.04205,0.40742,0.38120,-0.00221,0.32694,0.01051,0.02383,0.47054
0.60529,0.56892,0.03790,0.64680,0.02390,0.02685,0.06946,0.01401,0.03618,0.01106,0.63041,0.01936,0.02418,0.27324,0.04889,0.02130,0.40202,0.02826,0.06730,0.00605,0.04063,0.06595,0.04494,0.00075,0.07137,0.64056,0.61652,-0.00896,0.60394,0.03794,0.00731,0.29438
0.30058,0.45510,0.05754,0.74185,-0.00760,0.03812,0.02608,0.00702,0.04085,0.02282,0.42898,0.00785,0.02743,0.65757,0.02067,0.04299,0.70972,0.00659,0.05675,-0.00916,0.00411,0.04004,0.05760,0.03148,0.05647,0.68327,0.32200,0.04549,0.29911,0.05320,-0.02481,0.64348
0.56428,0.48230,0.06207,0.48707,0.04398,0.01469,0.02893,0.00954,0.00726,0.03098,0.53182,0.03563,0.01487,0.24690,0.03730,0.02382,0.36687,0.02830,0.07069,0.04680,0.02287,0.00471,0.00581,0.02919,0.04033,0.46118,0.28911,0.03017,0.72237,0.03419,0.00669,0.63914
0.45225,0.68768,0.04648,0.35762,0.04095,0.03032,0.01137,0.03633,0.03941,0.02701,0.29577,0.05656,0.02152,0.34739,0.05631,0.03936,0.38174,0.02418,0.00431,0.04810,0.05216,0.07530,0.01066,0.01562,0.04081,0.71676,0.64684,0.06593,0.56517,0.02416,0.01574,0.37615
0.38723,0.60544,0.05052,0.40609,-0.00911,0.03545,-0.01273,0.04671,0.03065,0.03481,0.58101,0.01136,-0.00330,0.48497,0.01246,0.03495,0.65677,0.01543,0.00207,0.03458,0.04560,0.00260,-0.00278,-0.00104,0.02494,0.73065,0.51412,0.06274,0.27944,0.00935,0.02602,0.24578
0.69386,0.31114,0.07163,0.36872,-0.01201,0.01883,0.01477,0.00687,0.02504,0.04291,0.34812,0.04688,0.03498,0.61783,0.02783,0.04040,0.44796,0.06505,0.02172,0.01903,0.01200,0.00300,0.00872,0.01208,0.02919,0.25616,0.27054,0.06984,0.76410,0.01125,0.05576,0.26449
0.38507,0.26666,0.01960,0.30829,0.01051,0.00993,0.02502,0.04316,0.03361,0.03851,0.73493,0.02602,0.04912,0.65146,0.03274,0.04286,0.70826,0.02350,0.01688,0.04431,0.00657,0.04864,0.02978,0.03189,0.01914,0.26650,0.60502,0.03847,0.29803,0.03675,0.00414,0.75414
0.71989,0.46586,0.04728,0.73536,0.01419,0.03609,0.01274,0.02087,0.04782,0.03861,0.61947,0.08111,0.04936,0.68905,0.02827,0.03037,0.58522,0.02346,0.05730,-0.00591,0.03172,0.03091,0.03262,0.03370,-0.00272,0.59894,0.31921,0.06912,0.40929,0.04946,0.03262,0.48001
0.50101,0.41734,0.01805,0.68849,0.03783,0.04534,0.04834,0.05981,0.02617,0.02021,0.70953,0.02097,0.04901,0.58620,0.05904,0.05281,0.70799,0.07738,0.02808,0.01682,0.03044,-0.00179,0.01904,0.03723,0.00606,0.52458,0.67065,0.00872,0.43600,0.02467,0.02415,0.57557
0.39089,0.73693,0.02830,0.32666,0.03936,0.05666,0.02789,0.04802,0.01790,0.04884,0.35093,0.04181,0.02862,0.69873,0.02908,0.05346,0.40464,0.02177,0.01540,0.04298,0.02418,0.02711,-0.02474,0.02783,0.01374,0.57516,0.64316,0.03380,0.55167,0.05876,0.02176,0.37455
0.34398,0.57721,0.04027,0.72747,0.05200,-0.02458,0.03480,0.03338,0.00335,0.00226,0.61038,0.04496,0.00066,0.37754,0.03181,0.04075,0.56590,0.01419,0.01854,0.02494,0.04048,0.01351,0.00748,0.01702,0.02519,0.40570,0.70969,0.04426,0.57241,-0.00621,0.05739,0.31280
0.37426,0.44694,0.02869,0.56187,0.08810,-0.00979,-0.00034,0.03454,0.05600,0.04265,0.45911,0.00927,0.05066,0.29754,0.04138,-0.01227,0.52718,0.03241,0.00230,0.02350,0.04064,0.04014,0.04950,0.01960,0.01201,0.46494,0.31198,0.02321,0.50221,0.01633,0.03605,0.68491
0.63962,0.69402,0.00346,0.64216,0.05837,0.01114,0.01830,0.01102,0.06611,0.05569,0.31277,0.02888,0.08092,0.54306,0.03181,0.03749,0.69935,0.00854,0.07130,0.01574,0.03516,0.03110,0.03383,0.01227,0.04463,0.35879,0.32115,0.05662,0.36901,0.04952,0.02441,0.47645
0.44729,0.32547,0.05463,0.53045,0.00829,0.06141,-0.02356,0.04006,0.02898,0.06622,0.80652,0.03039,-0.02010,0.63795,0.03717,0.03449,0.50669,0.05857,0.02511,0.03607,0.02275,0.01306,0.02172,0.01604,0.00203,0.34533,0.59947,0.03859,0.70101,0.01916,0.03241,0.31435
0.67105,0.45313,0.03781,0.74619,0.03418,0.02794,0.03920,-0.00655,0.06014,0.04361,0.31127,0.03567,0.03394,0.69393,0.06598,0.01132,0.39648,0.03889,-0.00591,0.01585,0.02339,0.00137,0.02136,0.04135,-0.00407,0.62937,0.47750,0.05764,0.64305,-0.00280,0.01545,0.64813
0.54855,0.57950,0.05864,0.33633,0.02411,0.03813,0.06265,0.02392,0.01615,0.04183,0.62175,-0.04375,-0.00146,0.37478,0.07751,-0.00296,0.51214,0.03338,0.05710,0.04215,0.03016,0.02639,0.07025,0.03532,0.02521,0.50417,0.69585,0.03080,0.28712,0.01958,0.00143,0.61981
0.57427,0.43649,0.02146,0.30620,0.02247,0.05829,0.03329,0.02739,0.04885,0.03419,0.64164,0.04836,0.02063,0.54769,0.06767,0.03752,0.59751,0.03568,0.02790,0.07895,0.02438,0.04030,0.01069,0.04001,0.05968,0.48457,0.30526,0.02958,0.73287,0.03097,0.01058,0.35581
0.69094,0.42081,0.01589,0.71023,0.04055,0.02095,0.02081,0.04457,0.04864,0.02513,0.45058,0.01245,0.02669,0.45771,0.03089,0.04752,0.25496,0.06618,0.02250,0.09957,0.02117,0.02729,0.00806,0.02312,0.02264,0.57367,0.29950,0.06837,0.40726,-0.00455,-0.00066,0.48181
0.74548,0.37075,0.05068,0.60715,0.06990,0.02544,0.05486,0.00514,0.00526,0.06302,0.38677,0.05008,0.02068,0.52461,0.01340,0.03417,0.66551,0.00730,0.04563,0.02178,0.02677,0.02648,0.03968,0.04357,0.04638,0.25754,0.56286,0.00432,0.47444,0.03778,0.03665,0.71622
0.53995,0.48090,0.01742,0.65995,0.01676,0.03146,0.03204,0.01208,0.58946,0.01117,0.62084,0.04554,0.04729,0.45283,0.00935,0.03155,0.57659,0.03219,0.05434,0.01614,0.04959,0.02009,0.05514,0.02464,0.01518,0.49345,0.43697,0.04539,0.57362,0.01954,-0.00813,0.06625
0.74441,0.54445,0.00814,0.56649,0.02741,0.02768,0.07315,0.04444,0.71058,0.04479,0.70681,-0.00370,0.03544,0.62328,0.03985,0.03038,0.50382,0.01353,0.07670,0.07107,0.02543,0.05169,0.03802,0.01539,0.05739,0.42480,0.63976,0.02606,0.66096,0.06172,0.00878,0.02973
0.37176,0.30648,0.06281,0.54957,0.02878,0.05131,0.01399,0.06647,0.65379,0.00894,0.61207,0.00972,0.02079,0.72790,0.01686,0.03657,0.26434,0.04046,-0.00333,0.03277,0.04448,0.00288,-0.01367,0.00091,0.02959,0.28132,0.63298,0.04010,0.38237,0.06077,0.00962,0.05802
0.49119,0.68438,0.05434,0.70118,0.02344,0.02346,0.06728,0.00943,0.31547,0.00610,0.48411,0.00141,0.01692,0.68156,0.02642,0.00109,0.64224,0.01170,0.02065,0.02908,0.00728,0.01028,0.06479,0.00253,0.03236,0.63978,0.49815,0.03283,0.47310,0.04638,0.04076,0.03445
0.29250,0.45264,0.02618,0.59105,0.06032,0.02727,0.02795,0.02806,0.54155,0.00664,0.41226,0.04155,0.07028,0.35385,0.03288,0.02841,0.69629,0.03382,0.06074,0.05962,0.02171,0.03082,0.05124,0.06621,0.05412,0.70462,0.29335,0.01243,0.39130,0.03829,0.02447,0.01129
0.58510,0.50258,0.00897,0.69225,0.01208,0.01003,-0.01230,0.06266,0.46178,-0.00063,0.28155,0.04689,0.06586,0.38279,0.05239,0.00268,0.61237,0.01553,-0.00217,0.02307,0.01785,0.02032,0.03503,0.05306,0.01343,0.37506,0.29121,0.03025,0.43481,0.01303,0.02173,0.02060
0.52379,0.43355,0.03561,0.36312,0.01810,0.02896,-0.00063,-0.00267,0.58204,0.02200,0.38043,0.03331,0.00895,0.71623,0.03591,-0.01739,0.27244,0.03401,0.06339,0.00102,0.04100,0.01718,0.01783,-0.00124,0.03217,0.51042,0.29252,0.00715,0.27564,0.02586,0.02548,0.01454
0.54571,0.39190,0.02792,0.60913,0.05308,0.01682,0.01824,0.04455,0.51132,0.01413,0.57424,-0.00289,0.03729,0.51442,0.06336,0.01993,0.71524,0.00868,-0.00868,0.00358,0.06865,0.03343,0.02967,0.06254,0.04707,0.57541,0.73684,0.08268,0.61767,0.04912,0.02426,0.01935
0.46983,0.74059,0.02654,0.71789,0.01701,-0.02905,0.04375,0.08209,0.60864,0.02007,0.49787,-0.01549,0.02700,0.49108,0.03136,-0.00577,0.64670,0.04803,0.03402,0.01045,0.02334,0.00022,0.04775,0.03667,0.04529,0.58839,0.48144,0.02428,0.30619,0.01602,0.03054,0.00786
0.34087,0.58874,0.02468,0.69465,0.01230,0.04857,0.04237,0.01585,0.71815,0.06146,0.59276,0.03073,-0.00482,0.49140,0.02609,0.03515,0.36245,0.03740,0.03062,0.02555,0.08683,0.04207,0.04800,0.03351,0.05925,0.49157,0.61367,0.04224,0.49572,0.03452,0.01220,0.03548
0.30164,0.29766,0.02995,0.39784,0.03518,0.01433,0.01613,0.00540,0.39031,0.03482,0.68713,-0.00089,0.01665,0.75155,0.07141,0.07838,0.51228,-0.03185,0.01182,0.04399,0.05616,0.04750,0.01405,0.04967,0.01645,0.62178,0.55356,0.07354,0.30397,0.05304,0.01432,0.01760
0.63258,0.41153,-0.01235,0.33806,0.06357,-0.04038,0.03770,-0.00560,0.39007,0.04473,0.48095,0.01315,0.01499,0.70804,0.02970,0.00517,0.48343,0.00054,0.00977,0.05805,0.01664,0.00725,0.03391,0.01363,0.01599,0.75027,0.40441,0.03100,0.57957,0.02840,0.00034,0.04065
0.60274,0.52380,0.03547,0.32554,0.01386,0.05339,0.04646,0.08477,0.26899,0.06343,0.73646,0.00897,-0.00690,0.65185,0.06447,0.02765,0.68440,0.04130,0.03069,0.01912,0.02301,0.02265,-0.00492,0.02092,0.01458,0.46973,0.41383,0.05435,0.63912,0.05964,0.01505,0.03501
0.37588,0.38956,0.02333,0.66669,0.05157,0.02703,0.02569,0.03685,0.60976,0.02889,0.62172,0.06885,0.00618,0.57858,0.03719,0.03414,0.60779,-0.00338,0.06027,0.04206,-0.02097,-0.00513,0.05445,0.01527,0.00456,0.66426,0.60417,0.02381,0.51923,0.02176,0.03111,0.04900
0.25585,0.50430,0.00441,0.29273,0.04705,0.01832,0.06309,0.06288,0.59444,0.06234,0.30254,0.02617,0.02852,0.60888,0.02543,-0.00073,0.72722,0.05495,0.03209,0.02023,0.06833,0.03201,0.02918,0.00650,0.04907,0.52428,0.68210,0.05229,0.58672,0.02304,0.05936,0.04707
0.64288,0.69161,0.05032,0.26364,0.02596,0.02527,0.02383,0.06383,0.28703,0.02745,0.36361,0.01407,0.06287,0.58365,0.05966,-0.00185,0.76199,0.02231,0.04132,0.02478,-0.02436,0.01745,0.03804,0.03863,0.03307,0.55070,0.62713,-0.01667,0.69700,0.00966,0.00203,0.02796
0.31468,0.71366,0.04991,0.23971,0.01269,0.01977,0.01940,0.02184,0.36783,0.00969,0.58521,0.03539,0.02004,0.49646,0.05184,-0.00582,0.34590,0.03462,0.02558,0.04065,0.02026,-0.00215,0.04129,0.03251,0.01118,0.38290,0.48197,0.03696,0.63307,0.04318,0.06839,0.03120
0.30336,0.21963,-0.01975,0.38820,0.01780,0.05042,0.04114,0.02515,0.62511,0.04363,0.25749,0.02285,0.05122,0.72991,0.01274,0.01988,0.70856,0.04387,-0.03957,0.03082,0.07261,0.04332,0.02221,0.02846,0.03944,0.68050,0.48833,0.03883,0.67678,0.03727,0.01945,0.05320
0.48349,0.50413,0.06272,0.39753,0.02737,0.05105,0.00791,0.04044,0.38211,0.02019,0.33113,0.05108,0.04712,0.73397,0.03491,0.03311,0.40074,0.05515,0.03548,0.01028,0.03981,0.04259,0.02112,0.03096,0.02003,0.41164,0.64624,0.03249,0.24372,0.02789,0.02465,0.02328
0.30130,0.73015,0.01293,0.68865,0.04702,0.04447,0.01421,0.02602,0.63857,0.01857,0.45830,0.04109,0.02639,0.37463,0.00720,0.02239,0.64403,0.04329,0.01104,0.00575,0.03292,0.05780,0.01774,0.01011,0.03495,0.31737,0.26797,0.04925,0.74605,0.03089,0.02821,0.05221
0.31695,0.36836,0.03332,0.33555,0.04409,0.05678,0.01266,0.02580,0.56652,0.05321,0.52311,-0.01498,0.03084,0.65060,0.03503,-0.01537,0.67308,0.01789,0.04266,0.02796,0.03580,0.05774,0.00844,0.02752,0.03618,0.67125,0.76412,0.03509,0.26846,0.05027,0.02913,0.01663
0.64710,0.41090,0.02326,0.60938,0.06393,-0.00771,0.03821,0.05677,0.71817,0.03551,0.31204,0.05854,0.03596,0.65531,0.01327,0.05273,0.30049,0.04790,0.03678,0.03465,0.01059,0.04488,0.06729,0.05901,0.04404,0.37660,0.49420,0.02696,0.44165,0.00235,0.03459,0.02828
0.68541,0.67000,0.06294,0.32103,0.04161,-0.00903,0.04610,-0.00902,0.45436,0.04559,0.48271,0.00815,0.02616,0.63698,0.03935,0.05492,0.31948,0.01665,0.03908,0.00137,0.01844,0.02322,0.02024,0.03771,0.05601,0.24028,0.70113,0.05333,0.30479,0.02080,0.05118,0.07056
0.73722,0.63388,0.02888,0.49548,0.04921,0.03005,0.00747,0.05013,0.48825,0.05167,0.43965,-0.00687,0.00893,0.31735,0.02562,0.03071,0.48732,0.08743,0.02815,0.01969,0.02600,0.01624,0.03134,0.01797,0.01209,0.57476,0.65009,0.03145,0.49043,0.00367,0.04711,0.04935
0.55634,0.60420,0.06960,0.44749,0.07382,0.01736,-0.01849,0.05866,0.52405,0.02008,0.44716,0.04739,0.03704,0.57974,0.04925,0.02318,0.71354,0.02576,0.00938,0.03504,-0.00479,0.02423,0.03599,0.05702,-0.00038,0.62434,0.23122,0.03259,0.70695,-0.00577,0.00224,0.02724
0.66739,0.74044,0.03806,0.61793,0.04463,0.04907,0.03688,0.05549,0.63844,0.05911,0.49298,0.07203,0.04000,0.53268,0.05834,0.03786,0.28163,-0.00204,0.01659,0.03942,0.01537,0.03578,0.04197,0.03190,-0.01211,0.50965,0.38705,0.05364,0.67545,0.03171,0.06899,0.04303
0.50592,0.49800,0.00074,0.54473,0.03363,0.02059,0.03746,0.05391,0.36543,0.04050,0.51378,0.05292,0.02761,0.72906,0.02531,0.02006,0.67441,0.03795,0.03035,0.05501,0.03530,0.05386,0.04671,0.02954,0.00069,0.42695,0.67676,0.07400,0.70127,0.04058,0.01747,0.05056
0.39642,0.58139,0.05504,0.44760,0.03349,0.03145,0.04562,0.02607,0.65211,0.00367,0.60062,-0.00721,0.04082,0.36075,0.04941,0.02491,0.68025,0.06355,0.02523,0.05544,0.05964,0.04232,0.02008,0.01903,0.04688,0.67433,0.62947,0.01169,0.58217,0.01741,0.03347,0.01255
0.72290,0.39988,0.08099,0.65259,-0.00330,0.03426,0.04105,0.03145,0.50640,0.39847,0.44383,0.04554,0.05467,0.51131,-0.00909,0.06001,0.70790,0.03091,0.04896,0.01986,0.03283,0.03405,0.04720,0.04726,0.05478,0.71462,0.74025,0.00362,0.41641,0.03544,0.03223,0.02721
0.38782,0.44532,0.02759,0.58466,-0.00098,0.03766,0.04389,0.00970,0.64331,0.71073,0.49475,0.04348,0.01776,0.60737,0.02914,0.04105,0.51858,-0.00531,0.02739,0.00051,0.00263,0.01425,0.03248,0.02034,-0.02943,0.38712,0.72594,0.03675,0.70324,0.02291,0.03210,0.03389
0.28175,0.60748,0.02442,0.62292,0.01600,0.03121,0.00744,0.03854,0.37088,0.41199,0.44867,0.01668,0.02142,0.30541,0.01824,0.05156,0.37692,0.03943,0.04595,0.04941,-0.00221,0.00939,0.02517,-0.00778,0.03002,0.49085,0.25754,0.02614,0.64846,0.04427,0.05904,0.04879
0.73868,0.57619,0.00542,0.33382,0.06947,0.02004,0.03631,0.01007,0.65377,0.61902,0.54108,-0.01958,0.03428,0.66357,-0.01170,0.03314,0.33736,0.04137,0.01256,0.03127,0.04587,0.00045,-0.00144,0.04680,0.04413,0.60636,0.41052,0.06751,0.61332,0.04916,-0.01446,0.04551
0.35951,0.58323,0.01412,0.52523,0.06314,0.03164,0.01371,-0.00696,0.35613,0.47003,0.61612,0.05311,0.03445,0.29268,0.04928,0.01985,0.51718,0.04938,0.07629,0.05095,0.04405,0.05214,0.05729,0.01680,0.02390,0.26346,0.29876,0.06297,0.41136,0.04656,-0.00753,0.00729
0.44865,0.32255,0.08094,0.46166,0.00557,0.05935,0.07041,0.02792,0.54328,0.31503,0.59515,0.02443,0.03729,0.59489,0.03299,0.04471,0.72191,0.05354,0.01510,0.01972,0.05806,0.03239,0.00499,0.01859,0.00608,0.57873,0.64479,0.06943,0.49565,0.02180,0.02139,0.06095
0.66107,0.63355,-0.01605,0.26300,0.04288,0.04064,0.02529,0.05116,0.26649,0.67629,0.42112,0.04385,0.03902,0.55099,0.01718,0.01300,0.74095,0.05883,0.03925,0.04958,0.01376,0.03152,0.00251,0.02614,0.02512,0.27965,0.71300,0.04334,0.37491,0.07805,0.04848,0.03343
0.47736,0.30394,0.01250,0.72893,-0.00881,0.00471,0.01196,0.05551,0.34272,0.61946,0.53640,0.02653,0.04291,0.25820,0.04202,0.02438,0.33023,0.01300,0.03397,0.02037,0.03608,0.02054,0.01796,-0.01167,0.04886,0.40115,0.53335,0.03372,0.32680,0.04227,-0.00255,-0.01233
0.47971,0.22635,0.06820,0.42702,0.05281,0.05558,0.02921,-0.01576,0.43421,0.50239,0.48941,0.02037,0.02330,0.41477,0.03797,0.02013,0.57504,0.02270,0.04754,0.04246,0.04077,0.04431,0.03716,0.02661,0.00628,0.70089,0.68790,0.00666,0.31212,-0.00921,0.05712,0.01770
0.47378,0.51328,0.03695,0.31050,0.06641,0.01581,0.02802,0.03183,0.38415,0.41584,0.29295,0.03878,0.00872,0.33018,0.02004,0.01351,0.30898,0.04187,0.04715,0.01569,0.02112,0.03019,0.00490,0.01977,0.03065,0.48433,0.73180,0.03062,0.46431,0.03092,0.06892,0.04277
0.24293,0.41875,0.02931,0.68090,0.05663,0.06408,0.03798,0.06867,0.40433,0.28693,0.46347,0.04561,0.01539,0.47584,0.03061,0.01360,0.43536,0.03010,0.02994,0.04071,-0.01224,0.02550,-0.01322,0.04449,0.01520,0.60861,0.70818,0.03222,0.25570,0.02010,0.03894,0.04405
0.39174,0.45267,0.04738,0.31036,0.02262,0.05410,0.07589,0.03811,0.65353,0.34385,0.45981,0.00384,0.03994,0.25998,0.05586,0.03728,0.59434,0.02590,0.04464,0.03696,0.04790,0.03587,0.04908,0.03899,0.04374,0.31238,0.62727,0.01687,0.66642,0.03098,0.02130,0.01750
0.40833,0.63934,0.06374,0.73446,0.00263,0.02266,0.03600,0.00394,0.38601,0.34834,0.53147,0.00977,0.02854,0.40289,0.04197,0.00610,0.34000,0.03969,0.03190,0.03387,0.05275,0.04596,0.04598,0.04787,0.02063,0.21189,0.34564,-0.00257,0.46933,0.03210,0.06803,0.01497
0.58100,0.64648,0.02444,0.67537,0.01934,0.05215,0.02128,0.00010,0.30732,0.56595,0.51407,0.00449,-0.00224,0.72916,0.04428,0.01626,0.25442,-0.00907,0.00255,0.05595,0.03097,0.08024,-0.00363,0.04870,0.05630,0.31556,0.47418,0.06464,0.62091,-0.00256,0.05600,0.00103
0.36982,0.50240,0.04115,0.56145,0.02108,0.01935,0.01660,0.01424,0.60876,0.53513,0.63646,0.02466,0.02157,0.56878,0.02270,0.01856,0.42252,0.04014,0.03237,0.03816,-0.00738,0.01942,0.02767,0.05796,0.02730,0.32182,0.31126,0.04017,0.45801,0.06694,0.05905,0.00060
0.69537,0.69762,0.05086,0.44989,0.00380,0.07609,0.02556,0.04063,0.71758,0.60503,0.50201,0.05095,-0.00871,0.32424,-0.00317,0.06065,0.46686,0.01199,0.02100,0.08400,0.02399,0.07652,0.06018,0.03595,0.04773,0.72649,0.40915,0.01078,0.24461,0.03683,0.02738,0.03153
0.54475,0.42108,-0.00430,0.32678,0.04014,0.01890,0.03805,0.02748,0.47553,0.48604,0.50496,0.02226,-0.00263,0.67628,0.03627,0.05345,0.43230,0.02278,0.04848,0.08540,0.06699,0.03600,0.02003,-0.02943,0.00152,0.47745,0.71413,0.03047,0.60113,0.00075,0.01259,0.05198
0.72238,0.57690,0.02286,0.60096,0.00965,0.00854,0.05400,0.01767,0.67026,0.49119,0.43704,0.03226,0.01676,0.69833,0.02164,0.03042,0.51451,0.01165,0.05665,0.05145,0.06103,0.03316,0.02933,0.01864,0.03215,0.72462,0.47151,0.04919,0.53074,0.00094,0.06538,0.01873
0.28610,0.37512,0.00323,0.49524,0.03284,-0.00015,0.04162,0.04351,0.47963,0.47535,0.55819,0.06372,-0.00414,0.57680,0.00858,0.01574,0.42246,0.05650,0.01647,0.00964,0.06328,0.04516,0.03124,0.01057,-0.00259,0.43112,0.68389,0.04040,0.37781,0.03632,0.07923,0.02928
0.72953,0.30321,0.05444,0.46848,0.02940,0.01885,0.02128,-0.01082,0.64759,0.65261,0.43208,0.01239,0.07292,0.28223,0.05972,0.05869,0.65344,0.04810,-0.00087,0.04277,0.05795,0.04179,0.01757,-0.01483,0.03288,0.33071,0.37721,0.03688,0.52987,0.05742,-0.00720,0.02859
0.40103,0.53190,0.02870,0.59789,0.02195,0.01781,0.03250,0.02944,0.56382,0.31934,0.48695,-0.00130,-0.03625,0.44848,0.05030,-0.01461,0.30174,0.01744,0.06028,0.05156,0.02347,0.02767,-0.00071,0.03637,-0.00041,0.26445,0.50538,0.03617,0.73882,0.08736,-0.00938,0.05076
0.60816,0.75146,0.06896,0.62929,0.07043,-0.02075,-0.00326,0.02165,0.40646,0.44084,0.53749,0.03174,-0.02434,0.45265,0.02348,0.06570,0.64833,0.01734,0.03626,0.05309,0.03770,0.06164,0.01597,0.00905,0.06648,0.57981,0.41473,0.01175,0.59142,0.02008,0.03259,0.04938
0.69416,0.62255,0.04209,0.68073,0.00570,0.00667,0.00881,0.03897,0.57374,0.69441,0.26912,0.04220,0.04805,0.65652,0.03526,-0.01582,0.34280,0.04394,0.03183,0.04022,0.04355,0.03976,0.01278,0.00566,0.05601,0.70637,0.33321,0.00189,0.44026,0.07976,0.02306,0.00514
0.59784,0.63827,0.00738,0.28245,0.01138,0.03229,0.04128,0.03686,0.53175,0.74877,0.36426,0.04781,0.05205,0.51492,0.01591,0.00149,0.42356,0.05176,0.02585,-0.00374,0.06722,0.00745,0.04728,0.05672,0.03244,0.42901,0.31148,0.00372,0.30861,0.03069,-0.00686,0.04663
0.45747,0.71546,0.01524,0.54169,0.04998,0.04714,0.03327,0.04188,0.25934,0.66385,0.32833,0.00611,0.04781,0.50696,0.03749,0.02148,0.31367,0.02367,0.04393,0.02241,0.02593,0.03728,0.00697,0.00481,0.05369,0.56693,0.72026,-0.00391,0.25575,0.05520,0.01460,0.03366
0.27292,0.24073,0.04328,0.30309,0.00409,0.03824,0.04074,-0.01105,0.37490,0.65474,0.70204,0.05510,0.00926,0.64781,0.05529,0.04695,0.54694,0.03321,0.00724,0.07523,-0.00205,0.04362,0.05783,0.05161,-0.00305,0.53514,0.35359,0.02608,0.71858,0.07149,0.02170,-0.00486
0.53800,0.28854,0.04297,0.41778,0.04865,0.03997,0.05369,0.04544,0.52886,0.24266,0.30438,0.03214,0.03743,0.39618,0.05640,0.02839,0.58028,0.00864,0.02625,0.02365,0.04071,0.02557,-0.00052,0.01354,-0.00232,0.58516,0.48865,0.03041,0.71628,-0.00447,0.02683,0.07922
0.26490,0.39451,0.01050,0.68268,0.04500,-0.00401,0.03230,0.06556,0.30355,0.30267,0.44406,0.05485,0.05139,0.69769,0.04705,0.03533,0.43288,0.04073,-0.00600,0.28492,-0.00444,0.03078,0.01873,0.01067,0.08497,0.27725,0.65282,0.08508,0.57237,-0.00168,0.05256,0.05180
0.27995,0.56726,0.06066,0.27042,0.06016,0.03010,0.02958,0.01626,0.62842,0.53381,0.49166,0.00013,0.05256,0.46942,0.03727,0.05319,0.36837,0.01342,0.01746,0.63187,-0.00004,0.05060,0.03763,-0.00769,0.01111,0.49279,0.40360,0.02182,0.31401,0.04580,-0.00023,-0.02318
0.60151,0.53854,0.00016,0.45746,0.04607,0.01516,0.01453,0.04802,0.70211,0.40129,0.54610,0.03512,0.05630,0.63791,0.03527,0.04466,0.47628,0.05521,-0.00185,0.53870,0.03875,0.07253,0.03846,0.03606,0.02426,0.71404,0.02875,0.01668,0.64191,0.08148,-0.01235,-0.00316
0.46158,0.58589,0.01956,0.49274,0.03985,-0.01633,0.05169,0.02840,0.73936,0.59539,0.54824,0.03827,0.05028,0.23222,0.02237,0.03983,0.71473,0.01461,0.03222,0.59435,0.03019,0.04471,0.02835,0.01509,0.02573,0.30156,0.03579,0.04196,0.61163,0.03328,0.03847,0.03603
0.61502,0.73102,-0.00788,0.38880,0.07481,0.03682,0.05991,0.01716,0.71361,0.52119,0.30388,0.04103,0.02601,0.69332,-0.00701,0.03741,0.35249,0.03324,0.00021,0.29612,-0.01219,0.06221,0.05303,-0.00650,0.00632,0.28112,0.01641,0.01288,0.68748,0.04251,0.02448,0.02125
0.38029,0.60459,0.06286,0.33104,0.09503,0.04822,0.05548,0.00373,0.38736,0.61417,0.50691,0.03639,-0.00347,0.38890,0.04117,0.01766,0.56238,0.04591,0.00231,0.58763,0.06043,0.03705,0.01944,-0.00683,0.01374,0.70153,0.02327,0.04185,0.53531,0.02206,-0.04044,0.06405
0.67248,0.46707,0.00514,0.33664,0.03583,0.04644,0.02974,0.03408,0.25598,0.60751,0.44475,0.05062,0.05063,0.29744,-0.01119,-0.00270,0.36679,0.09750,0.04630,0.40748,0.00197,0.00241,0.04450,0.05362,0.04416,0.61468,0.05544,0.02470,0.34064,0.05110,0.03377,0.00698
0.48067,0.36495,0.00872,0.38760,0.01930,0.01177,0.01052,0.02001,0.34067,0.28525,0.56192,0.01488,0.02040,0.64002,0.03725,0.02559,0.50355,-0.00030,0.05176,0.32533,0.00062,0.03686,0.02650,0.04700,0.02897,0.49746,0.04240,0.02890,0.42021,0.04022,0.02781,0.01374
0.57379,0.50619,0.03203,0.72036,0.00746,0.05515,0.01681,0.04192,0.35893,0.25145,0.73650,0.01874,0.04331,0.31870,0.03634,0.00647,0.75960,0.03797,0.05437,0.34579,0.04408,0.00622,0.01119,0.05568,0.06299,0.28110,0.01978,0.03258,0.33098,-0.00508,0.01129,0.03591
0.50877,0.56278,0.00459,0.59649,0.04320,0.03662,0.08788,-0.00011,0.44311,0.72955,0.44208,0.01101,0.03178,0.50574,0.01852,0.02230,0.58059,-0.01240,0.02832,0.30768,0.00453,0.03540,0.00636,0.02168,0.01294,0.30510,0.02443,0.03837,0.57651,0.02939,0.04879,-0.00154
0.26379,0.46190,0.08690,0.28791,0.00482,0.01923,0.01700,0.03773,0.45355,0.46635,0.37979,-0.01085,-0.00048,0.31407,0.03219,0.01960,0.50622,0.01008,0.01760,0.70994,0.03632,0.01114,0.03302,0.05283,0.03575,0.73383,0.00754,0.02673,0.69986,0.04379,0.01661,0.02604
0.40818,0.44945,-0.03200,0.64072,0.02394,0.05554,0.00725,0.06112,0.62444,0.42275,0.41470,0.01660,0.03382,0.72786,0.00676,0.01507,0.47739,0.00930,0.04617,0.53713,0.02793,0.02787,0.03658,0.04250,0.05257,0.75942,0.02932,0.03126,0.69664,0.04306,0.03520,0.01031
0.31181,0.29540,0.03542,0.33763,0.01847,0.01874,0.03917,0.02735,0.76185,0.36813,0.70354,-0.00367,0.03182,0.41081,0.02602,0.02528,0.32837,0.01582,0.03587,0.42843,0.04387,0.05055,0.03252,0.04190,0.05438,0.27126,0.01404,-0.00160,0.64040,0.01817,0.02520,0.00945
0.55756,0.44096,-0.01056,0.47016,0.03325,0.02761,0.07357,0.03930,0.48776,0.68578,0.54319,0.00288,0.02750,0.40891,0.04288,0.03358,0.30798,0.05643,0.02187,0.71120,0.04152,0.02120,0.08090,0.00803,0.05402,0.73715,0.03809,0.02099,0.33130,0.01210,0.00445,-0.01422
0.32485,0.33606,0.04501,0.40736,0.05408,0.05274,0.01612,0.02075,0.38430,0.47916,0.56858,0.01167,0.02005,0.68627,0.06929,0.03253,0.34282,0.04859,0.06880,0.53191,0.00963,0.04186,0.05375,0.04774,0.01259,0.37861,0.03451,0.00065,0.73726,0.04828,0.04492,0.04943
0.39782,0.36854,0.05190,0.71721,0.01055,0.05878,-0.00195,0.00879,0.67439,0.70766,0.46898,0.02676,0.01222,0.68229,0.06008,0.02259,0.68982,0.03500,0.05724,0.28114,0.01944,0.03581,0.06675,0.03589,0.02288,0.62954,0.01298,0.01138,0.47450,0.02227,0.02889,0.06564
0.57850,0.66451,0.02087,0.32658,0.03639,0.00399,0.02393,0.03728,0.31920,0.32445,0.27461,0.03937,0.01944,0.26539,0.01925,0.02627,0.49894,0.01211,0.03088,0.60075,0.01398,0.03895,0.01705,0.04419,0.03624,0.41509,0.02334,0.01993,0.38406,0.05060,0.01008,-0.02972
0.65792,0.40061,0.02952,0.46439,0.04286,0.04712,0.02617,0.06209,0.50390,0.37773,0.64804,0.05390,-0.00020,0.52654,0.00855,0.02880,0.58695,0.03828,0.04208,0.36621,0.03084,0.01492,0.02145,0.05226,0.00313,0.27945,0.05346,0.02269,0.34684,0.01280,0.03316,0.03016
0.41348,0.32570,0.06201,0.24736,0.02890,-0.00044,0.02555,0.03393,0.57353,0.32952,0.62914,0.02948,0.04437,0.45252,0.07459,0.01213,0.58090,0.03309,0.04728,0.59889,0.02425,0.02140,0.05105,0.02181,0.02243,0.63501,0.04915,0.00603,0.68660,0.03068,0.05118,0.03441
0.39519,0.61026,0.06251,0.59278,0.04013,0.06206,0.00995,-0.00591,0.28869,0.28374,0.63381,0.01467,0.01540,0.58037,0.06459,0.03453,0.69177,0.04542,-0.00280,0.44521,0.03188,0.04318,-0.00623,-0.01897,0.06853,0.35798,0.02533,0.04011,0.41138,0.03368,0.03642,0.03063
0.51919,0.47932,0.01006,0.51287,-0.01317,0.02174,0.40647,0.00670,0.67843,0.71461,0.59278,0.04211,0.05814,0.36124,0.04211,0.01511,0.60665,-0.00015,0.03983,0.44884,0.00992,0.00385,0.01261,0.02597,0.04728,0.35404,0.05668,0.04794,0.73186,0.04538,0.05307,0.04640
0.36355,0.59367,0.02907,0.57667,0.03930,0.02860,0.67394,0.07170,0.60300,0.36834,0.71293,0.04841,0.00640,0.50609,0.04025,0.02826,0.62713,0.05811,0.03247,0.73610,0.01055,0.01688,0.09408,0.01873,0.00036,0.58409,0.03318,0.00182,0.43018,0.02488,0.01844,0.00977
0.38345,0.58645,0.02497,0.59801,0.04654,0.01435,0.42324,0.06533,0.58832,0.69385,0.50455,0.00945,0.06137,0.60025,0.03514,0.02834,0.30624,-0.00185,0.00573,0.46248,0.06249,0.00271,0.00019,0.04279,0.04665,0.58071,0.03062,0.04953,0.25192,-0.02639,-0.00238,0.05818
0.62250,0.50470,-0.01060,0.47602,0.02073,-0.01555,0.60740,0.05485,0.30902,0.60738,0.58688,0.03707,0.00841,0.55288,0.06358,0.01898,0.66446,0.05907,0.01991,0.39520,0.01349,0.03127,0.05272,0.02722,0.00188,0.26010,0.05421,0.03567,0.46101,0.03554,0.02536,-0.00360
0.37911,0.73942,0.03306,0.55890,0.01230,0.05955,0.37523,-0.00590,0.38908,0.61226,0.43455,0.03252,0.06727,0.64620,0.01215,0.00019,0.68346,0.07214,0.01562,0.72302,0.04135,0.01174,0.02611,0.06025,0.05249,0.56719,0.04329,-0.04103,0.34433,0.03343,0.05385,0.04895
0.30902,0.66675,0.07740,0.63874,0.00352,0.02096,0.31981,0.07746,0.53655,0.29134,0.59810,0.04001,0.02132,0.66250,0.02820,0.01397,0.46841,0.03990,0.03045,0.57813,0.03886,0.05232,0.03436,0.03561,0.03039,0.46306,0.02375,-0.01003,0.62800,0.01760,0.04348,0.01153
0.33278,0.45255,0.00682,0.54095,0.00438,0.04696,0.65076,0.03736,0.56279,0.60355,0.62580,0.02026,0.01416,0.26143,0.01984,0.02510,0.32531,0.05090,0.00697,0.34117,0.01747,0.06188,0.01695,0.04912,0.06396,0.51005,0.05620,0.01754,0.24504,0.01320,0.01548,-0.00309
0.57483,0.60964,0.02397,0.62465,0.00979,0.00924,0.37634,0.02556,0.25896,0.57511,0.32535,0.01982,0.01461,0.59463,0.02220,0.05404,0.75616,0.02424,0.03498,0.55721,0.04029,0.03683,0.05375,0.04817,0.05960,0.31316,0.02138,0.04142,0.42796,0.03954,0.01517,0.01596
0.63338,0.29553,0.02884,0.68574,0.05027,0.06583,0.27935,0.01130,0.55632,0.67488,0.37001,0.00059,0.01405,0.44236,0.01305,0.02992,0.63798,0.03277,0.06244,0.37479,0.05891,-0.00499,0.03926,0.00100,0.03524,0.50102,0.03756,-0.00533,0.35378,0.05413,0.06002,0.08508
0.47689,0.26178,0.02729,0.56299,0.02092,0.04794,0.38828,0.04090,0.41058,0.52695,0.35875,0.05698,0.03587,0.75861,0.05044,-0.01537,0.27674,-0.00700,0.03549,0.73594,0.06506,0.02897,0.02674,0.04174,0.02038,0.32650,-0.00111,0.03842,0.31374,0.07524,0.04377,0.00945
0.54750,0.60609,0.03512,0.22318,0.04588,0.01712,0.43484,0.02240,0.51927,0.51765,0.28227,0.03102,0.02806,0.41064,0.08542,0.05232,0.44340,0.05336,0.06069,0.34521,0.04356,0.02764,0.02148,0.01106,0.02252,0.26039,-0.00584,-0.00963,0.37312,0.01171,0.03048,0.04079
0.40089,0.70750,0.01085,0.62145,0.04732,0.02671,0.40905,0.03908,0.37309,0.66412,0.56548,0.00679,0.06361,0.74860,0.02399,0.01108,0.58122,-0.00936,0.02678,0.40444,0.02553,0.03873,0.03712,0.00174,0.04607,0.32214,0.03406,0.00006,0.73918,-0.01861,-0.00536,0.05141
0.26470,0.54066,0.03022,0.38340,0.01399,0.07664,0.70630,-0.01745,0.45185,0.32571,0.30736,0.02586,0.02861,0.66105,0.04163,0.04137,0.57224,-0.00433,0.05523,0.55577,0.04195,0.02417,0.04330,0.02738,0.06427,0.48184,0.02649,0.02007,0.66254,0.01826,0.03680,0.04790
0.45478,0.55097,0.02683,0.56699,0.01402,0.03097,0.70554,0.05595,0.69845,0.53865,0.62831,0.02547,0.03445,0.34901,0.00586,0.05008,0.43933,0.04812,0.05851,0.60426,0.03235,-0.02654,0.01824,0.06467,0.04465,0.44574,0.00037,0.03839,0.70874,0.01398,0.04017,0.01959
0.40433,0.65047,0.05095,0.61666,0.02922,0.05387,0.35743,0.05826,0.32984,0.29151,0.54065,0.01284,0.02626,0.49997,0.03185,0.03680,0.30426,0.02766,0.05765,0.34570,0.06159,0.04393,0.02140,-0.00907,0.03484,0.42751,0.03028,0.02862,0.66690,0.03030,0.03176,0.02841
0.31283,0.36518,-0.00143,0.31240,0.02355,0.02451,0.62315,0.04622,0.57080,0.70872,0.34709,0.03231,0.06304,0.28832,0.05337,-0.00649,0.51067,0.04034,-0.00814,0.64637,0.01664,0.04497,0.01543,0.02637,-0.01274,0.63035,0.04431,0.04971,0.41910,0.08765,0.05554,0.03273
0.56919,0.33069,-0.02786,0.49116,0.02588,0.04268,0.42360,0.04429,0.35248,0.66465,0.30084,0.01707,0.03401,0.47120,0.04749,0.05768,0.36514,0.04614,0.02000,0.52018,0.01544,0.04306,0.01901,0.03343,0.04941,0.72078,0.04313,0.04517,0.68935,0.03516,0.05791,0.07121
0.26659,0.41221,0.03861,0.67170,0.04637,0.01360,0.41600,0.04432,0.34519,0.25014,0.41699,0.02257,0.04262,0.65660,0.02877,0.05425,0.45593,0.02381,0.00850,0.61459,0.03070,0.05260,0.03346,0.03386,0.01575,0.47579,0.06045,0.02080,0.63495,0.04460,0.05099,0.06319
0.26918,0.30384,0.05650,0.74397,0.02458,0.05759,0.50244,-0.00822,0.40991,0.61606,0.48764,0.04265,-0.01659,0.56942,0.02894,0.02911,0.44997,0.02482,0.04386,0.72143,0.06108,-0.01879,0.03352,0.02263,-0.00359,0.61431,0.01064,0.01019,0.39488,0.05584,0.03650,-0.00018
0.40143,0.74435,0.04008,0.70513,-0.01213,0.05295,0.75336,0.01430,0.68776,0.53176,0.35974,0.03377,0.04712,0.44818,0.02740,0.05458,0.49573,0.06058,0.05778,0.58278,0.05941,0.02865,0.02266,0.02339,0.01236,0.69726,0.03779,0.01934,0.29422,0.05490,0.01809,0.06961
0.52625,0.27151,0.06294,0.47665,0.04102,0.04287,0.32479,0.05626,0.29291,0.39062,0.60896,0.01720,0.02511,0.43586,0.05855,0.02396,0.47714,0.06684,0.01720,0.65576,0.00966,0.04450,-0.00665,0.03610,0.01515,0.47318,0.06246,0.04760,0.66774,0.03420,0.01087,0.05227
0.37867,0.27326,0.03005,0.33387,0.04265,0.06274,0.55149,0.05889,0.31869,0.59506,0.36439,-0.00370,0.07113,0.38955,0.05073,0.03930,0.36716,0.03609,0.04517,0.74219,0.02905,0.01019,-0.00841,0.04407,0.06447,0.54753,0.01969,0.03913,0.67276,0.06166,0.04528,0.02857
0.51819,0.51479,-0.00422,0.30582,0.06196,0.00368,0.62559,0.06997,0.37321,0.71909,0.46406,0.00898,0.08081,0.27672,0.05017,-0.00162,0.68967,0.01223,0.02365,0.35507,0.01013,0.01258,0.07396,0.01370,0.04524,0.35679,0.02430,0.01794,0.42542,0.03507,0.06353,0.06745
0.66611,0.51367,0.01007,0.65403,0.01665,0.07079,0.23555,0.02433,0.59794,0.45125,0.41384,0.04813,0.02869,0.55510,-0.00078,0.02724,0.40224,0.01974,-0.00048,0.43147,0.01493,0.01230,0.01640,0.00176,0.02482,0.35979,0.00109,-0.01606,0.58507,0.07792,0.03013,0.04500
0.53983,0.43782,0.06954,0.31323,0.00823,0.04585,0.27749,0.04714,0.71796,0.29073,0.33038,0.05350,0.01249,0.32432,0.02987,0.05060,0.58528,-0.00325,0.01239,0.33287,0.06630,0.03683,0.01916,0.00246,0.01570,0.62694,0.02170,0.01566,0.49926,0.04261,0.01012,0.03187
0.62579,0.47793,0.05547,0.29000,0.04299,0.03580,0.51673,0.06154,0.40654,0.26933,0.36724,0.04428,0.02700,0.42804,0.03661,0.02689,0.50669,-0.00994,0.04555,0.73020,-0.00210,0.06925,0.05972,0.02479,0.03794,0.55373,0.03561,0.06387,0.33626,0.03024,0.04131,-0.01380
0.47117,0.31880,0.04566,0.38282,0.06414,0.00814,0.28025,0.04779,0.72539,0.62499,0.36790,0.07029,-0.01563,0.27240,0.02430,0.00222,0.59334,-0.00311,0.00383,0.75178,0.02010,0.03278,-0.00275,0.04025,0.03914,0.66994,0.03121,0.05410,0.52857,-0.01064,0.02370,0.03542
0.40990,0.66337,-0.00179,0.38523,0.07746,0.01625,0.38538,0.03181,0.75199,0.35556,0.39601,0.00704,-0.00277,0.27500,0.01083,0.04536,0.73118,0.00860,0.04123,0.64516,0.00701,0.05729,0.04662,0.03475,0.04138,0.71155,0.00341,0.02979,0.51682,0.03857,0.04700,-0.00076
0.44374,0.37953,0.03088,0.69448,0.03204,-0.03719,0.68826,0.04645,0.63763,0.65255,0.28889,0.03919,0.00900,0.35674,0.04366,0.05873,0.64765,0.07062,0.03995,0.71671,0.00895,0.05405,-0.00932,0.01370,0.03701,0.57941,0.01126,0.03275,0.51308,0.01271,0.01437,0.04867
0.71785,0.70460,0.06624,0.70287,0.01671,0.01350,0.47181,0.02484,0.63668,0.35098,0.55248,0.02534,0.02286,0.38632,0.05292,0.03241,0.26199,0.03792,0.01273,0.58113,0.01452,0.06231,0.02222,0.04079,0.06123,0.41224,0.01647,-0.01134,0.74884,0.01519,0.01505,0.03100
0.58991,0.28703,0.03127,0.64313,0.00828,-0.01393,0.36751,0.07409,0.39753,0.54929,0.51034,0.03344,0.03770,0.73124,0.07752,0.02944,0.72553,0.02221,0.04229,0.37326,0.03022,0.05608,0.05451,0.01953,0.00464,0.59231,-0.00834,0.04686,0.55309,0.02329,0.04622,0.02322
0.32267,0.58452,0.02887,0.23713,0.01982,0.02137,0.41452,0.00381,0.61592,0.30253,0.37045,0.04595,0.03169,0.63875,0.04972,0.02083,0.70909,0.01760,0.04943,0.56821,0.02388,0.00556,0.04332,-0.00065,0.04345,0.39931,0.02680,0.03235,0.32396,0.03628,-0.01602,0.06768
0.52192,0.70351,0.03714,0.37901,-0.00633,0.02504,0.66344,0.02256,0.60916,0.33928,0.50121,0.03677,0.02229,0.37276,0.02109,0.01912,0.34711,-0.00896,0.02060,0.32787,0.03003,0.05527,0.06025,0.02034,0.02525,0.38235,0.05719,0.04745,0.54437,0.00705,0.03797,0.04812
0.27299,0.70861,0.05007,0.32855,-0.02623,0.05882,0.29154,0.02164,0.70022,0.27039,0.30960,0.03982,0.01583,0.36124,0.07121,0.02111,0.47775,0.03798,0.04122,0.69722,0.00731,0.01850,0.03445,0.02126,0.07242,0.26933,0.01914,0.00278,0.26122,0.04536,0.01892,0.02186
0.60957,0.47848,0.01189,0.46605,0.06512,-0.00902,0.45946,0.02182,0.71462,0.72406,0.69884,0.02731,0.02906,0.63772,0.07714,0.03960,0.26455,0.04433,0.03294,0.25986,0.02391,0.03892,0.00793,0.04574,0.01875,0.54263,0.05452,0.05051,0.58051,0.04630,0.01079,0.04599
0.55443,0.43684,0.03766,0.70109,0.02254,0.01637,0.47106,0.02952,0.60926,0.56675,0.37659,0.00755,0.04482,0.56600,-0.00750,0.02722,0.52956,0.04535,0.03901,0.41636,0.02037,0.06261,0.02211,0.04283,0.06048,0.35879,0.03532,0.03267,0.74687,0.03291,-0.00484,0.05109
0.27820,0.54083,0.03300,0.46032,0.01336,0.04130,0.43944,0.03570,0.57279,0.73338,0.44473,-0.00541,0.00443,0.36374,0.04854,0.01901,0.67913,0.06729,0.01387,0.63104,0.00996,0.04331,0.00364,-0.01476,0.04417,0.42176,0.05566,0.05842,0.55310,0.00687,0.04564,0.02308
0.29970,0.38072,0.03602,0.72405,0.05043,0.00135,0.57060,0.03509,0.65968,0.69645,0.31629,0.02149,0.03268,0.29911,0.03589,0.05792,0.66992,0.01219,0.03866,0.41257,0.00145,0.07268,0.03850,-0.01265,0.00477,0.69166,0.05391,0.02684,0.65955,0.00281,0.04714,0.01944
0.50260,0.55685,0.04230,0.47448,0.03121,0.06217,0.52524,0.00404,0.72000,0.69629,0.35423,0.04758,0.06141,0.41137,-0.00615,0.01249,0.40680,0.03926,0.02143,0.61500,0.02221,0.03826,0.02694,0.01936,0.05721,0.56193,0.00982,0.03181,0.42380,0.04834,0.03681,0.03492
0.32950,0.64564,0.04061,0.59633,0.03542,0.04279,0.40425,0.06428,0.34751,0.51022,0.72543,0.04386,0.02320,0.42355,0.02987,0.03928,0.72494,0.00223,0.03029,0.55205,0.01213,0.05208,0.02974,-0.00368,0.02356,0.38658,0.03640,0.00398,0.37833,0.04909,0.01431,0.04192
0.39320,0.54132,0.02468,0.59531,0.03738,0.03209,0.56688,0.03845,0.61515,0.53637,0.48330,0.04716,0.03082,0.37110,0.01050,0.01616,0.03613,0.03001,0.04293,0.75325,0.06483,0.01557,0.02701,0.01403,0.00547,0.63728,0.03310,-0.02919,0.31000,0.02456,0.02571,0.04837
0.27380,0.51813,0.02022,0.58819,0.02081,0.02763,0.70479,0.03135,0.34641,0.68152,0.58143,-0.00348,0.02100,0.68571,0.02784,0.00854,0.03387,0.03189,0.04157,0.23055,0.02555,0.01329,0.01883,-0.01970,0.02851,0.57834,-0.00684,0.04935,0.36343,0.02476,0.01009,0.02076
0.41860,0.66577,0.06148,0.50788,0.00822,0.01414,0.71003,0.04261,0.24272,0.71887,0.39297,0.02774,0.05860,0.67001,0.03534,0.01799,0.01928,0.02823,0.05734,0.48620,0.03057,0.02936,0.03130,-0.02879,0.04879,0.39065,0.02872,0.02984,0.31789,0.02074,0.03004,0.04252
0.65820,0.73999,0.04280,0.40592,0.00949,0.05656,0.57835,0.06007,0.67510,0.52482,0.72804,0.02059,0.05360,0.45946,0.04134,0.02407,0.03522,0.00935,0.06154,0.32123,0.04645,0.01010,0.04297,0.05980,0.05057,0.43102,0.04644,0.03549,0.75179,-0.00825,-0.01691,0.08078
0.48664,0.51981,0.06410,0.59120,0.08025,0.04040,0.63405,0.02468,0.71810,0.59325,0.28792,0.00722,0.05069,0.43547,0.00690,0.02491,0.01913,0.06711,0.03384,0.55151,0.04264,0.01645,0.02160,0.08615,0.02360,0.53693,0.03366,0.08044,0.51488,0.07045,0.05694,0.04023
0.71256,0.45435,0.03416,0.37640,-0.01697,0.07264,0.50483,0.02771,0.69056,0.54057,0.63553,0.01571,0.03750,0.56544,0.03994,0.05124,0.00781,0.06433,0.02774,0.70428,-0.00394,0.01251,0.03233,0.02588,0.04437,0.30282,0.04445,0.03821,0.42791,0.04789,-0.00562,0.08856
0.73907,0.55566,0.01120,0.58285,0.00610,0.01809,0.42938,0.05806,0.54300,0.50211,0.25855,0.02688,0.04439,0.26809,-0.00258,0.06182,0.04546,0.04483,0.09446,0.43904,0.02079,-0.01600,0.01958,0.05784,0.00638,0.32616,0.04514,0.05044,0.23330,0.05507,0.03315,0.02162
0.58775,0.52133,0.05593,0.50909,0.08342,0.03861,0.72216,0.04644,0.50590,0.43625,0.47837,0.03506,0.05324,0.42714,0.06333,0.03642,0.06681,0.03343,0.03578,0.72757,0.01424,-0.00389,0.02178,0.02679,0.04420,0.63083,0.03107,0.05175,0.25069,0.02717,0.04904,0.01541
0.52801,0.56506,-0.01193,0.55446,0.04118,0.03657,0.41994,0.02873,0.60753,0.50661,0.48980,0.00435,0.03167,0.27864,0.06532,0.02880,0.03165,0.04065,-0.01635,0.54849,0.02840,0.03123,0.01463,0.01975,0.00599,0.37334,0.03018,0.02760,0.42317,0.02136,-0.02034,0.04034
0.30702,0.50778,0.03395,0.64869,-0.00401,-0.01902,0.67983,0.01810,0.41313,0.58471,0.71867,0.01092,0.03390,0.37726,0.03606,0.00511,0.04960,0.04371,0.03796,0.59921,0.03543,0.05179,0.01829,0.02978,0.04464,0.41891,0.01238,-0.01369,0.70075,0.06816,0.04137,0.05236
0.57773,0.67962,0.01358,0.53309,0.02017,0.00274,0.27588,0.00630,0.63867,0.46194,0.63237,0.03002,0.04099,0.35510,0.04827,-0.00007,0.00371,-0.01290,0.01492,0.36498,0.03047,0.01943,0.01131,0.05386,0.01717,0.46407,0.05805,0.05826,0.52852,0.05022,0.03083,0.03452
0.41490,0.70917,0.05015,0.52434,0.04297,0.01815,0.69502,0.02542,0.64855,0.55886,0.41329,0.01535,0.04814,0.59550,0.04580,-0.00247,0.01937,0.06118,0.02998,0.29799,0.04998,0.03396,0.03191,0.00149,0.00036,0.65453,0.01964,0.06800,0.71528,0.02894,0.05785,0.01284
0.42426,0.66902,0.02135,0.27999,0.00338,0.00123,0.41260,0.02676,0.48361,0.54932,0.45834,0.02955,0.02406,0.28595,0.01534,0.06266,0.00849,0.04175,0.06536,0.59698,0.00014,0.01713,0.01456,0.06209,0.02697,0.68906,0.07930,0.05823,0.38300,0.04935,0.02321,0.08894
0.74811,0.70669,-0.00612,0.29781,0.01842,-0.00194,0.72729,0.03067,0.39361,0.60699,0.33043,0.02881,0.00903,0.75017,0.01217,0.03920,0.02509,0.02929,0.02037,0.26221,0.07074,0.01849,0.04172,0.03011,-0.00561,0.66349,0.02404,0.02923,0.74983,0.05842,0.04957,0.00987
0.38801,0.71446,0.03095,0.50389,0.04627,0.02457,0.45758,0.08093,0.28462,0.72236,0.26771,0.02112,0.00085,0.63730,0.01843,0.01955,0.03769,0.00086,0.03126,0.54950,0.03975,0.06776,0.00269,0.04131,0.01636,0.31068,0.02645,0.03774,0.64170,0.01709,0.03361,0.01981
0.49264,0.41170,0.01506,0.34040,0.03923,0.03195,0.54015,0.02398,0.52265,0.52006,0.51966,0.05428,0.02116,0.47178,0.01353,0.01550,0.02241,0.01030,-0.01958,0.35799,0.11374,0.02069,-0.02078,0.03470,-0.00917,0.57435,0.02329,0.02246,0.38689,0.04701,0.01035,0.03109
0.59090,0.68610,0.00716,0.42455,0.06067,0.03177,0.45268,0.04090,0.67640,0.47902,0.55041,-0.00169,0.01396,0.67946,0.06752,0.01814,-0.01951,0.03663,0.03199,0.68937,0.05851,0.04042,-0.02762,0.03049,0.05212,0.43772,0.04313,0.04863,0.71863,0.03253,0.00172,0.00685
0.31545,0.71502,0.02854,0.44672,0.01806,0.02560,0.69201,0.07344,0.29869,0.63471,0.70529,0.01684,0.02156,0.51449,0.04796,0.00924,0.06325,0.05756,0.00129,0.61020,0.00217,0.00221,-0.00446,0.04287,0.02609,0.28183,0.03850,0.00194,0.40796,0.04780,0.04407,0.07747
0.66948,0.65587,0.08077,0.40972,-0.00898,0.07712,0.51334,0.02937,0.27467,0.63467,0.42102,0.05223,0.01554,0.54916,0.00337,0.00311,0.03385,0.03524,0.02699,0.59479,0.01872,0.04296,0.00906,0.03977,0.01483,0.37263,0.03024,0.04985,0.25621,0.02137,0.03034,0.01545
0.27932,0.44188,0.04691,0.53558,0.03074,0.03234,0.32213,0.05151,0.61913,0.31962,0.59174,0.03552,0.01969,0.65860,0.00772,0.02341,0.03151,0.04722,0.00036,0.54426,-0.00202,0.03008,0.05535,0.02406,-0.01861,0.52954,0.00907,-0.04816,0.67997,0.04637,0.04642,0.01478
0.71875,0.33319,-0.00013,0.37511,0.01415,0.06018,0.24677,0.04070,0.52421,0.56483,0.36583,0.02957,0.00484,0.47514,0.08911,-0.01503,0.03684,0.03510,0.06237,0.68101,0.02187,0.03760,0.02069,0.04947,0.02656,0.72656,0.02937,0.01178,0.49840,0.06933,0.00421,0.05099
0.56639,0.65630,0.00957,0.62324,0.00161,0.02731,0.28600,0.03103,0.32138,0.30722,0.50576,0.04582,0.04776,0.70185,0.00114,-0.00405,0.03213,0.02956,-0.00652,0.50014,0.02162,-0.01546,0.02799,0.02968,0.02864,0.56135,0.01023,0.05863,0.28576,0.00080,0.06345,0.05014
0.54566,0.51344,0.06766,0.61224,0.04969,0.02802,0.48533,0.03728,0.49921,0.27941,0.35626,0.02269,0.04547,0.47860,0.00634,0.04390,0.02504,0.04800,0.05113,0.72971,0.04515,0.07882,0.07575,0.02729,0.03867,0.39192,0.04133,0.07402,0.43655,0.07505,-0.00611,0.00849
0.68870,0.70017,0.02392,0.46910,0.02245,0.03587,0.58483,0.02735,0.48283,0.36139,0.64830,0.04630,0.02796,0.60208,0.04433,0.02993,0.01256,0.08419,-0.00736,0.26592,0.01724,0.03540,0.06169,0.01487,0.03837,0.22472,0.03306,0.06386,0.54771,-0.02532,0.01632,0.00893
0.61478,0.19830,0.02553,0.30805,0.03589,0.01877,0.77445,0.01550,0.43109,0.41344,0.23415,0.04086,0.03314,0.33200,0.04930,0.03863,0.05999,0.04031,0.00921,0.64496,0.03376,0.02436,0.02568,0.03625,0.03336,0.28075,0.02271,0.03333,0.55861,-0.02410,0.04049,0.00742
0.64757,0.64365,0.04349,0.28799,-0.00683,0.02890,0.56127,0.02199,0.75840,0.74325,0.49954,0.03772,0.03694,0.64154,0.03025,0.00859,0.06283,0.00298,0.04951,0.54020,0.02281,0.05695,0.01589,0.03910,0.04851,0.45651,0.03491,-0.02106,0.56991,0.02732,0.06176,0.00276
0.27075,0.45893,0.00150,0.33430,0.06695,0.05547,0.36863,0.04929,0.71018,0.66566,0.36676,0.01145,0.02229,0.42081,0.04183,0.03307,0.03268,0.03069,0.06897,0.28863,0.03381,0.01925,0.01879,0.02257,0.00875,0.38450,0.03093,0.01036,0.74986,0.06571,-0.00763,0.03207
0.34311,0.40732,0.05924,0.34843,0.03704,0.03756,0.53161,0.04157,0.28309,0.31863,0.27763,0.00231,-0.02014,0.52057,0.03871,0.02089,0.04294,0.03857,0.02992,0.67205,0.01780,0.05181,0.04112,0.00071,0.04571,0.69729,0.03018,0.04589,0.52369,0.01095,0.05627,0.02770
0.61236,0.53449,0.02563,0.44083,0.04668,0.03103,0.72121,0.02049,0.43522,0.59408,0.30979,0.05809,0.07063,0.65816,0.05057,0.05194,0.02239,0.00492,0.00686,0.71246,0.03495,0.04225,0.04864,0.04936,0.05130,0.36178,0.05107,0.03400,0.23347,0.02325,0.09135,0.04605
0.73172,0.31015,0.01811,0.41385,0.02166,0.01707,0.29314,0.07362,0.31089,0.69741,0.27286,0.05462,0.02673,0.39469,0.03207,-0.01267,0.03614,0.00084,0.02329,0.65839,0.03562,0.04513,0.01138,0.05164,0.03370,0.56867,0.02620,0.05045,0.54568,0.01585,0.02869,0.02221
0.52586,0.37529,0.07940,0.57707,0.06820,0.04599,0.28933,0.01986,0.35200,0.35450,0.48107,0.05479,0.00305,0.36968,0.02086,0.03154,0.03548,0.00068,0.02577,0.35593,0.04638,-0.00506,0.05422,0.05658,0.03671,0.46309,0.00627,0.04219,0.35476,-0.00920,0.03358,0.02471
0.63020,0.60033,0.01557,0.54878,0.04592,0.06209,0.33810,0.01202,0.25799,0.44958,0.36272,0.02973,0.04436,0.35834,0.02936,0.00480,0.01471,0.02622,0.05615,0.29765,0.03993,0.06183,0.05861,0.04133,0.03097,0.59950,0.01396,0.07478,0.72850,0.06066,0.03569,0.01845
0.68165,0.59851,0.02663,0.30227,0.02452,0.01761,0.74992,0.04763,0.64420,0.52645,0.78054,0.01102,0.03564,0.26210,0.02851,-0.00093,0.01537,0.06624,0.03843,0.75918,0.01644,0.02208,0.01915,0.01863,0.05377,0.26028,0.02755,0.03879,0.29328,0.02350,0.01129,0.00832
0.49800,0.46529,-0.00706,0.60624,0.02264,0.00762,0.74670,0.02248,0.30943,0.45011,0.47185,0.04289,0.01297,0.26475,0.02336,0.02394,0.03420,0.00587,0.04910,0.55619,0.06233,0.01956,-0.00012,0.00608,0.00942,0.68438,0.03825,0.05188,0.44202,0.00690,0.02772,0.03947
0.48512,0.67050,-0.01259,0.72369,-0.00010,0.05175,0.63625,0.02092,0.63002,0.40234,0.54562,-0.00733,0.05032,0.23924,0.01410,0.02779,0.02810,0.02840,0.03629,0.70868,0.01686,-0.02201,0.05577,-0.02525,0.01860,0.53835,0.05795,0.04934,0.27568,0.03448,0.02731,0.00681
0.50305,0.38898,0.04412,0.69392,0.07841,0.02289,0.60336,0.02469,0.45488,0.50372,0.39578,0.02598,0.01894,0.60612,0.01256,0.00854,0.01046,-0.00158,0.02004,0.63825,0.04458,0.04038,0.04355,0.00058,0.02603,0.24961,0.04339,-0.00526,0.60444,0.04355,0.03851,0.03686
0.29728,0.64974,0.05563,0.40317,0.02550,0.04084,0.37945,-0.01688,0.71038,0.51198,0.74522,0.02183,0.08091,0.39527,0.02636,0.05035,0.02430,0.01894,0.05455,0.43947,0.05352,0.02284,0.01021,0.02520,0.02607,0.39572,0.03778,0.05808,0.58926,0.03987,0.00681,0.02420
0.57612,0.34243,0.01229,0.43510,0.02070,0.00018,0.28717,-0.00032,0.27145,0.49352,0.51340,0.02955,-0.03144,0.25802,0.03603,0.02283,0.00942,0.02749,0.04694,0.26981,0.03786,0.02369,0.05168,0.03022,0.02003,0.67563,0.05151,0.00733,0.30167,0.05409,-0.01685,0.07951
0.69670,0.38370,0.30134,0.45700,0.03614,0.02894,0.53360,0.05967,0.32759,0.39138,0.61059,0.01131,-0.00048,0.50844,0.02948,0.00071,0.08565,0.02607,-0.01018,0.50782,0.04997,-0.00738,0.00911,0.05165,0.04227,0.56354,0.03507,-0.00576,0.62549,0.04457,0.00815,-0.01443
0.61837,0.33881,0.35070,0.44123,0.04664,-0.03553,0.38870,-0.00920,0.57584,0.39511,0.61878,0.06482,-0.01801,0.61781,0.04687,0.05322,0.05846,0.05222,0.03644,0.28026,0.00019,0.03251,0.00875,0.04359,0.01504,0.72596,0.02606,0.00698,0.31502,0.04989,0.02813,0.05348
0.43960,0.33323,0.28585,0.41486,0.06528,-0.01232,0.49315,0.04982,0.62710,0.49752,0.24576,0.03197,0.01307,0.67894,0.01402,0.02212,0.00529,0.00536,0.02381,0.63926,0.02099,-0.00870,0.02258,0.02708,0.03384,0.70958,0.03916,0.02360,0.68103,0.02999,0.03733,0.04255
0.58881,0.38259,0.66078,0.33373,0.03580,0.03694,0.46807,0.01006,0.45874,0.35157,0.69225,-0.01231,-0.00400,0.56195,0.05159,0.02213,0.04035,0.01390,0.02475,0.54547,0.08168,0.07315,0.04914,0.02942,0.05802,0.64739,0.06915,0.01972,0.58029,0.03555,-0.02536,0.00494
0.58987,0.31461,0.62705,0.75203,0.04207,0.03087,0.39857,0.04843,0.31937,0.49030,0.27311,0.05465,0.05730,0.44090,0.02463,0.05973,0.03948,0.02099,0.00587,0.28224,-0.00442,0.04508,0.02335,-0.01658,0.03990,0.34104,0.04577,0.02232,0.40167,-0.01608,0.03809,0.04148
0.40692,0.58573,0.52714,0.27960,0.04042,0.05245,0.53425,0.00868,0.66144,0.67890,0.50222,0.02290,-0.00722,0.30618,0.03662,0.00227,0.06052,-0.00294,0.04675,0.43714,0.03302,0.04490,0.03934,0.03137,0.08619,0.34796,0.02063,0.05299,0.44281,0.01305,0.04977,0.02966
0.30175,0.70260,0.54567,0.39783,0.01244,0.03084,0.59224,0.00825,0.28955,0.44178,0.46749,0.01683,0.04353,0.27410,0.00182,0.03087,0.00194,0.03505,0.02939,0.39637,0.04423,0.02663,0.02273,0.04857,0.02424,0.72831,0.04476,0.03330,0.48661,0.03917,0.05790,0.07488
0.59041,0.33213,0.38418,0.53163,0.03035,0.03628,0.51407,0.02440,0.45265,0.58166,0.39238,0.02800,0.04244,0.43442,0.07055,0.03057,0.02965,0.02516,0.03716,0.51135,-0.01163,0.00311,0.02578,0.05209,0.05132,0.66315,0.01422,0.00872,0.46465,-0.00621,0.06786,-0.01046
0.29066,0.35965,0.58129,0.72022,0.04493,0.02972,0.30970,0.00473,0.38720,0.27918,0.37126,0.06763,0.00654,0.55113,0.00108,0.06431,0.00331,0.04027,0.04447,0.69261,0.04197,0.04655,0.00171,-0.00030,0.03933,0.38608,0.03992,0.03322,0.49532,0.02669,0.04933,0.02866
0.49566,0.47227,0.37889,0.53732,0.02506,0.02449,0.56135,0.01970,0.71378,0.66724,0.56642,0.01437,0.01154,0.45628,0.04058,0.00287,0.05656,0.03818,-0.01281,0.63794,0.05802,0.01307,0.05562,0.03023,0.03691,0.59089,0.01842,0.00062,0.66526,0.04632,0.01974,0.04934
0.35088,0.74350,0.53762,0.64850,0.00526,0.01454,0.42741,0.02054,0.70167,0.29715,0.75290,0.04632,0.01865,0.65144,0.00685,0.04108,0.01006,0.03220,0.03301,0.45186,0.00258,0.01124,0.03065,0.03379,0.03547,0.30629,0.03040,-0.00085,0.45093,0.04697,0.04802,-0.02218
0.32945,0.58330,0.23946,0.44882,0.04202,-0.00083,0.34539,0.02496,0.66473,0.51145,0.54286,0.00820,-0.00849,0.43624,0.02331,0.01495,0.04671,0.05878,0.04308,0.75227,0.04205,0.04482,0.03619,0.02350,0.04914,0.55064,0.01801,0.02373,0.28643,0.02521,0.02864,0.02193
0.70039,0.61502,0.36614,0.38593,0.00186,0.02640,0.62837,0.03957,0.54283,0.45151,0.31990,-0.00124,0.02340,0.30212,0.02433,0.00767,0.05785,0.01717,0.00829,0.53543,-0.00113,0.07462,0.02054,0.04248,0.02573,0.66156,0.01471,0.06382,0.23575,0.01205,0.03143,0.03123
0.64603,0.26892,0.40811,0.41638,0.04411,0.06944,0.62176,0.02335,0.32509,0.49884,0.53934,0.00462,0.01541,0.64564,0.04489,0.00572,0.00256,0.03532,0.00879,0.26402,0.09508,0.02190,0.00686,0.05171,0.01418,0.28439,0.04973,0.04064,0.66427,-0.00678,0.00791,0.06970
0.28816,0.68257,0.63920,0.57948,0.03438,0.02324,0.35524,-0.00551,0.65370,0.45697,0.68198,0.00873,0.06824,0.51514,0.03587,0.04005,0.02693,0.04910,0.01781,0.64936,0.06071,0.01369,0.04627,0.01665,0.07026,0.28472,0.04545,0.02126,0.52111,0.03042,0.03238,0.02350
0.43831,0.39222,0.59537,0.56109,0.00719,0.03800,0.54860,0.04523,0.58694,0.50402,0.62822,0.05435,0.01107,0.23178,0.06926,0.04412,0.06340,0.04892,0.03527,0.42931,0.02899,0.02545,0.08033,0.00515,-0.00359,0.67122,0.05891,0.04160,0.57998,0.01561,0.02350,0.00937
0.28472,0.39496,0.68074,0.40074,0.03647,0.02143,0.49969,0.07386,0.57984,0.61859,0.47761,0.02260,0.04643,0.32560,0.05089,0.02421,0.03052,0.05741,0.02138,0.64372,-0.00945,0.06687,0.03384,0.05032,0.01816,0.68265,-0.00956,0.03720,0.69424,0.02366,0.04425,0.02640
0.57874,0.25261,0.60857,0.76094,0.04533,0.01115,0.54244,0.02275,0.50844,0.71700,0.35663,0.03923,0.03910,0.43010,0.03258,0.03642,0.05779,0.05285,0.04749,0.66091,0.04764,0.02250,-0.02145,0.01398,0.04052,0.46582,0.03505,0.01972,0.60144,0.06066,0.02665,0.03280
0.53736,0.64525,0.59504,0.48164,0.02635,0.02976,0.38291,0.03104,0.69582,0.65518,0.39638,0.02128,0.00082,0.58114,0.01534,0.01322,0.02836,-0.00106,0.01919,0.66409,0.01782,0.05189,0.00443,-0.01422,0.05050,0.40217,0.00517,0.04647,0.54067,0.04102,0.04289,0.03956
0.58590,0.65266,0.56935,0.61678,0.01065,0.03507,0.45738,0.01747,0.64160,0.45096,0.45541,0.07070,0.03648,0.36951,0.01603,0.02491,0.01688,0.04643,0.01326,0.50848,0.03930,0.02020,0.00333,0.03365,0.07216,0.69276,0.03688,0.03479,0.34622,-0.01332,0.02803,0.05852
0.48979,0.50377,0.50701,0.50270,0.02388,0.00532,0.67353,0.05624,0.27275,0.62012,0.46805,0.00560,0.00165,0.42354,0.03547,0.06819,0.01379,0.02311,0.05802,0.55960,0.04716,0.03680,-0.01346,0.05628,0.08270,0.50849,0.05340,0.02798,0.46747,-0.01626,-0.00144,0.00700
0.45328,0.61309,0.57431,0.49572,0.05156,0.02058,0.56773,0.04983,0.74026,0.51515,0.62594,0.01362,0.01229,0.68582,0.05355,0.04848,0.05782,0.01628,0.05865,0.59878,-0.02213,0.04220,0.03923,0.03304,0.01890,0.56014,0.07296,-0.00640,0.40507,0.00123,0.02931,0.01092
0.32112,0.39609,0.54983,0.27738,0.05940,0.03070,0.30165,0.04217,0.64538,0.44578,0.28423,0.04684,0.00077,0.38162,0.00828,0.00235,-0.03106,0.02552,0.00820,0.61532,0.03578,0.02011,0.01287,0.03545,0.04721,0.25298,0.04919,0.03295,0.44089,0.04404,0.07774,0.02475
0.71172,0.61328,0.44710,0.42373,0.07784,0.01175,0.66650,0.08346,0.59344,0.66947,0.55165,0.01560,0.04118,0.47776,0.02370,0.03019,0.02661,0.04255,0.00980,0.40871,0.04819,0.00515,0.03426,0.04956,-0.00353,0.70755,0.01358,0.03486,0.47079,0.07216,0.05694,0.03457
0.59912,0.34010,0.31162,0.65026,0.05681,0.05293,0.57275,0.04344,0.37472,0.75662,0.38795,0.03617,0.00272,0.58100,0.00182,0.00194,0.05482,0.03412,0.02266,0.48715,0.04895,0.02843,0.02761,0.05850,0.02514,0.40756,0.01632,0.06571,0.55037,0.03642,-0.00144,0.04652
0.41033,0.75373,0.73491,0.56987,0.03761,0.00832,0.42948,0.04513,0.61930,0.41011,0.59292,0.05991,0.05891,0.30626,0.02507,0.00801,-0.02843,0.01570,0.01751,0.62289,0.03239,0.05715,0.03803,0.02359,0.03752,0.30777,0.00256,0.05604,0.29651,0.04845,0.01231,0.02566
0.35496,0.68785,0.52258,0.26481,0.06313,0.04297,0.47340,0.02933,0.66743,0.45909,0.70493,0.01911,0.01704,0.26458,0.01478,0.03349,0.01940,0.02547,0.00703,0.51629,0.03019,0.03764,0.03025,0.02211,0.03455,0.30630,0.03141,0.03574,0.48204,0.03248,0.04799,0.00003
0.71927,0.53527,0.39649,0.27342,0.04567,0.02993,0.63838,0.02162,0.35307,0.72542,0.77205,0.03078,0.00659,0.29152,0.00762,0.01243,0.07073,0.05532,0.03562,0.36967,0.01119,0.06679,0.03995,0.01815,0.03882,0.35066,0.03380,-0.00552,0.49947,0.01618,0.03778,0.04199
0.66858,0.55468,0.35967,0.36566,0.05543,0.04921,0.52195,0.02313,0.39986,0.63011,0.42960,0.02721,0.04446,0.50334,0.06743,0.00539,0.05020,0.05707,0.02552,0.41494,0.00744,0.03519,0.01137,0.04427,0.03271,0.39553,0.03979,0.02879,0.49619,0.08949,0.02208,0.02384
0.42739,0.68738,0.45179,0.66020,0.07147,0.00102,0.29073,0.04077,0.64122,0.65367,0.58901,0.05523,0.00521,0.73528,0.03161,0.04804,0.03505,0.02905,0.03556,0.58763,0.04509,0.03921,0.05181,0.02714,0.05885,0.59202,0.06562,0.03672,0.36634,0.03942,0.03857,0.02307
0.60524,0.26135,0.59870,0.73506,0.01220,-0.01406,0.28609,-0.00489,0.58303,0.59536,0.44106,0.03192,0.01468,0.68747,0.05680,0.03708,0.02417,0.01330,0.02146,0.50939,0.02402,0.01484,0.03107,0.02399,-0.01247,0.68888,0.02442,0.00480,0.47714,0.02422,0.02057,0.05723
0.41391,0.36464,0.39880,0.64691,0.00857,0.03165,0.52663,0.05566,0.64154,0.43904,0.41397,0.03465,0.06192,0.52778,0.08944,0.00492,0.02346,-0.01561,0.03411,0.60750,0.02903,0.02982,0.03928,-0.01271,0.02541,0.42187,0.05537,0.02167,0.41601,0.03208,0.02006,0.02408
0.31632,0.52235,0.30640,0.34066,0.05544,0.00718,0.62375,0.04333,0.52383,0.39901,0.37939,0.03225,0.03942,0.54641,0.00039,0.03157,0.03621,0.03773,0.02288,0.54839,0.01387,0.02487,0.02556,0.04390,0.05107,0.69044,0.02034,0.02000,0.38951,0.01914,0.07668,0.03690
0.25131,0.29327,0.65799,0.36643,0.02528,-0.01113,0.32438,0.01984,0.73398,0.34901,0.63938,0.03301,0.03178,0.64623,-0.00982,0.01536,0.05974,-0.01019,0.02689,0.32348,0.03232,0.06561,0.03517,0.01439,0.06013,0.55764,-0.00622,0.02605,0.71117,0.06187,0.00248,0.05789
0.43934,0.35784,0.55904,0.63312,0.02907,-0.00772,0.40538,0.03570,0.70250,0.66436,0.55083,0.04884,0.06072,0.52853,0.05286,0.04103,0.03714,0.03132,0.00429,0.69244,-0.00095,0.04431,0.02711,0.01594,0.01011,0.29967,0.03176,0.05568,0.61242,0.02863,0.01514,0.04143
0.30692,0.25725,0.49777,0.29756,0.02623,0.04638,0.54444,0.01688,0.39571,0.57093,0.37135,-0.01798,0.00103,0.32717,0.03969,0.04573,0.00614,-0.02794,0.03480,0.66805,0.04277,0.03098,0.06955,0.01903,-0.03346,0.73504,0.06728,0.05202,0.25274,0.02278,0.06613,0.05076
0.58164,0.61407,0.51194,0.39453,0.01166,0.00775,0.58661,-0.00574,0.45817,0.42333,0.56796,0.04664,-0.00633,0.63063,0.06448,0.06910,0.03728,0.01655,-0.00011,0.52389,-0.00834,0.06897,0.00842,0.05302,0.02699,0.27708,0.02442,0.05433,0.36133,0.05917,0.03779,0.01240
0.66249,0.47784,0.70549,0.34855,0.05081,0.03813,0.34715,0.10684,0.59178,0.25960,0.62072,0.02059,0.05522,0.45218,0.03632,0.05642,0.00366,0.00178,0.02661,0.73409,0.07191,0.01925,0.04485,0.04104,0.01052,0.41960,0.00878,0.03329,0.32999,0.01275,0.02036,0.02512
0.75012,0.25751,0.34711,0.33642,0.03406,0.00618,0.54215,0.00717,0.63538,0.24946,0.24949,0.03801,0.02854,0.69120,0.05240,0.02240,0.03962,0.06672,0.00856,0.55490,0.04841,0.03353,0.03625,-0.00991,0.05043,0.36440,-0.00303,0.05114,0.74829,0.02500,0.01198,0.01419
0.39544,0.71059,0.54918,0.69768,0.03072,0.04644,0.34929,0.06537,0.56679,0.51619,0.74483,0.04163,0.05165,0.58302,0.04041,0.01700,-0.00483,0.04427,0.03966,0.37703,-0.01501,-0.00754,0.05120,0.03886,0.04335,0.48526,0.04836,0.00207,0.50957,0.01506,0.01073,0.01437
0.37091,0.60615,0.34989,0.56716,0.01664,0.01517,0.35672,0.01895,0.41154,0.71109,0.67085,0.01470,0.01734,0.26132,0.00786,0.02073,-0.01852,0.03296,0.00952,0.61605,0.01022,0.00680,0.02462,0.04024,-0.00537,0.29190,0.04491,0.06353,0.25064,0.03776,0.02565,0.02457
0.55153,0.61253,0.26528,0.39620,0.03453,0.00814,0.57819,0.02498,0.60112,0.58013,0.57802,0.02203,0.06405,0.53786,0.00535,0.01080,0.01450,-0.01068,0.03687,0.77089,0.05458,0.01110,0.04815,0.02015,0.03550,0.29120,0.02710,0.00073,0.44663,0.03539,0.03689,0.03332
0.72511,0.36202,0.44352,0.45701,0.02288,0.02503,0.44775,0.02069,0.34527,0.44534,0.49797,0.05423,0.03041,0.38301,0.00899,0.02623,-0.03004,0.06752,0.05090,0.32460,0.06327,0.05797,0.03351,0.05661,0.06452,0.72405,0.01006,0.08923,0.40201,0.04822,-0.00336,0.06610
0.40550,0.28716,0.46612,0.53882,0.05956,0.04016,0.76585,0.02185,0.52454,0.27181,0.55211,0.03584,0.08290,0.52544,0.01920,0.03007,0.02392,-0.03050,0.02953,0.32912,0.06448,0.05600,0.01083,0.05064,0.03771,0.68452,0.02888,0.04217,0.59191,-0.00093,0.07483,0.04824
0.49681,0.31611,0.46505,0.58068,0.06380,0.02586,0.35823,-0.00267,0.62134,0.64664,0.27623,0.05143,0.01762,0.72852,0.06444,0.04668,0.05427,0.04343,0.04195,0.54261,0.03041,0.04647,0.02707,0.01379,0.07561,0.41829,0.01324,0.04493,0.30611,0.01447,-0.00428,0.07138
0.56862,0.33657,0.71937,0.53439,-0.00506,0.05381,0.74703,0.03966,0.39298,0.70980,0.28556,0.01391,0.04401,0.40576,0.00364,-0.02758,0.02841,0.02390,0.01142,0.51855,0.02843,0.05109,0.02311,0.01654,0.01384,0.48458,0.02180,0.04273,0.63683,0.02375,0.01668,0.07264
0.70874,0.65943,0.53746,0.38112,0.00785,0.06668,0.53496,0.03820,0.73745,0.34350,0.50332,0.05249,0.01814,0.53141,0.01853,0.00596,0.07322,0.00504,0.06419,0.71850,0.03173,0.04513,0.06423,0.04657,0.05551,0.28737,-0.00502,0.06293,0.76712,0.01491,-0.02011,0.03399
0.46841,0.52163,0.28084,0.61027,0.04096,0.06394,0.28356,0.04984,0.68663,0.59236,0.75878,0.03409,0.01405,0.40394,0.04877,0.04490,0.04654,0.05862,0.03098,0.49325,0.01931,0.03673,0.01828,0.05423,0.02075,0.46046,0.01965,0.05230,0.31200,0.00742,0.02460,0.06305
0.56909,0.42059,0.71552,0.36671,0.06417,-0.02853,0.61112,0.02419,0.74291,0.53931,0.36670,0.01484,0.03851,0.25528,0.01164,0.02956,0.01869,0.01654,0.04334,0.55933,0.05002,0.02656,0.06437,0.02313,-0.01637,0.60222,0.01706,0.06872,0.65140,0.05731,0.02948,0.02497
0.38106,0.48082,0.30342,0.48487,0.03270,0.03110,0.59549,0.00545,0.68585,0.51656,0.65552,0.04131,0.03307,0.72920,-0.00876,0.03184,0.03760,0.01625,0.05827,0.65918,0.01122,0.04367,0.01412,0.00605,0.03208,0.59939,-0.00016,0.03621,0.69141,0.01867,0.04873,0.00854
0.56427,0.63940,0.64089,0.66087,0.02251,0.00880,0.74284,0.03934,0.37879,0.52107,0.45811,0.02991,0.06228,0.45308,0.07268,0.05090,0.00695,0.02585,0.02618,0.37934,0.03492,0.00654,0.04368,0.04810,0.02549,0.27966,0.00453,0.04957,0.22701,-0.01768,0.04385,0.03109
0.66702,0.68846,0.26120,0.66789,0.02089,0.04419,0.59361,0.02769,0.50017,0.26271,0.52271,0.01007,0.04749,0.63793,0.04468,0.02917,0.04766,0.01295,0.03605,0.33793,0.05290,0.01711,0.03564,0.04426,0.00187,0.25020,0.01578,0.02770,0.68248,0.02500,0.04687,0.02996
0.24346,0.45212,0.39022,0.33607,0.00566,0.04979,0.24916,0.04720,0.59874,0.29364,0.52142,0.04132,0.04577,0.33382,-0.01009,0.03234,0.01702,-0.00333,0.02743,0.61360,0.05757,0.01138,0.00463,0.05256,0.04678,0.29078,0.01318,0.00366,0.74783,0.01276,0.05998,0.03875
0.56298,0.62231,0.70143,0.62680,0.05937,0.04181,0.49562,0.02518,0.29741,0.60882,0.53120,0.06334,0.03653,0.30975,0.00074,0.06178,0.00801,0.03880,-0.00183,0.49638,0.00201,0.01444,0.04969,0.04421,0.06973,0.45550,0.01501,0.06124,0.29779,-0.01979,0.03044,0.03129
0.45011,0.25720,0.38482,0.48651,0.01957,0.03251,0.71387,0.02088,0.48782,0.64787,0.51324,0.04529,0.05701,0.48179,0.03923,0.01446,0.02165,0.01519,0.03664,0.60317,0.03229,-0.00375,0.05774,0.04722,0.05613,0.60413,0.00389,0.02691,0.58362,0.02876,0.05716,0.01621
0.36902,0.71416,0.44770,0.29852,0.02174,0.03168,0.59241,-0.00273,0.69023,0.30083,0.40027,0.05494,0.06360,0.25891,0.02065,0.03379,0.04754,0.01775,0.03887,0.32043,0.03403,0.03728,0.01251,0.05190,0.02244,0.55778,0.03953,-0.01194,0.58096,0.03597,0.00683,0.00467
0.52440,0.40941,0.60888,0.39397,-0.02149,0.00959,0.45543,0.04538,0.58131,0.42710,0.34374,0.05260,0.04531,0.69926,0.01579,0.02989,0.01864,0.00541,0.04676,0.41625,0.02372,0.04451,0.00980,0.03141,0.00999,0.48139,0.01556,0.07027,0.35458,0.03559,0.00621,-0.00248
0.50088,0.54666,0.58054,0.47491,0.04340,0.02404,0.32896,0.04411,0.35520,0.63615,0.58390,0.04836,0.03702,0.58757,0.03133,0.01398,0.01402,0.03569,0.02610,0.73197,0.00866,0.05462,0.01634,0.03367,0.05028,0.51838,0.02312,0.01835,0.63231,0.03742,0.02715,-0.01668
0.62718,0.47452,0.73649,0.35937,0.05205,0.04937,0.58048,0.00869,0.48369,0.67492,0.65328,0.03582,-0.00863,0.25872,0.07400,0.02215,0.02377,0.04773,0.05112,0.72676,0.00918,0.02923,0.01972,0.05142,0.01320,0.55943,0.04267,0.03323,0.35681,0.09453,-0.00509,0.03511
0.33256,0.42509,0.74393,0.59754,0.04832,0.01239,0.66421,0.03281,0.63739,0.41107,0.43234,0.00883,0.03662,0.67138,0.04561,0.02782,0.06794,0.04685,0.05000,0.31182,0.01328,-0.00946,0.03172,0.02745,0.01386,0.43429,0.04853,0.02377,0.55719,0.03536,0.05495,0.01173
0.52636,0.43947,0.42766,0.52039,0.02844,0.04942,0.67318,0.05852,0.44573,0.26795,0.68257,0.03192,0.01106,0.69080,0.04402,0.04410,0.02885,0.02705,0.01419,0.56577,0.01731,0.00321,0.02668,0.03739,-0.01042,0.53546,0.02713,0.05258,0.66210,0.05737,0.03311,0.02600
0.28898,0.61535,0.55490,0.39366,0.03388,0.03854,0.55053,0.05896,0.60398,0.59020,0.32841,0.05178,0.01052,0.47388,0.01641,0.04015,0.03969,0.02334,0.04833,0.27522,0.01507,0.00731,0.06291,0.04815,0.02891,0.60321,0.04357,0.04653,0.40869,0.03437,0.01435,0.02429
0.32951,0.40582,0.47959,0.25149,0.03061,0.05857,0.63979,0.01819,0.50596,0.30179,0.75576,-0.00274,-0.00852,0.33862,0.01418,0.03984,0.03711,0.03907,0.05735,0.52117,0.05850,0.06589,0.02441,0.04013,0.01088,0.53272,0.03318,0.01907,0.65495,0.02535,0.06086,0.05170
0.59770,0.65595,0.69083,0.41403,0.03638,0.05137,0.53525,0.03812,0.31753,0.37219,0.39575,0.02436,0.08293,0.76479,0.03217,0.05024,0.05018,-0.00177,0.03369,0.77142,0.02273,0.03222,0.04067,-0.00129,0.04821,0.65444,0.05243,0.02672,0.42945,0.06192,0.03040,0.08471
0.51651,0.67922,0.65205,0.35973,-0.00506,0.03372,0.36157,0.03532,0.63950,0.43413,0.43319,0.07924,0.00961,0.58126,0.04932,0.06665,0.01935,0.01130,0.04736,0.57325,0.01913,0.03211,0.00366,0.00295,0.04104,0.41523,0.02928,0.05497,0.63340,0.03203,0.02020,0.02001
0.31598,0.35178,0.31947,0.48580,0.00070,0.00528,0.43925,0.01901,0.28338,0.69450,0.29181,0.05721,0.04016,0.72169,0.03515,0.04744,0.02310,0.03343,0.03426,0.30591,-0.00689,0.01794,0.07874,0.03420,0.05761,0.59564,0.02371,0.06636,0.48509,0.03771,0.02230,0.01736
0.56617,0.73301,0.57657,0.70982,0.05284,0.02869,0.27636,0.02848,0.49843,0.68898,0.76990,0.03009,0.05202,0.39129,0.01098,0.05823,-0.02865,0.00968,0.00111,0.45565,0.01783,0.01600,0.00327,0.05340,0.01332,0.52315,0.00565,0.02584,0.37308,0.06219,0.00006,0.03582
0.74222,0.66039,0.33545,0.61152,0.06298,0.04413,0.65518,0.01823,0.37341,0.39499,0.41085,0.03880,0.00067,0.50184,0.00939,0.03375,0.00614,0.05271,0.03172,0.28530,0.04869,0.02216,0.03702,0.07741,0.03071,0.61204,0.03148,0.05893,0.63296,0.05811,0.03880,0.01485
0.65404,0.33228,0.33069,0.65582,0.00496,-0.00280,0.69091,0.01325,0.42531,0.65044,0.74147,0.06687,0.07396,0.35977,0.03039,0.03222,-0.00574,0.02909,0.01154,0.38463,0.06515,0.00238,0.03077,0.05191,0.04436,0.59428,-0.00055,0.00394,0.35706,0.00932,0.01924,0.03112
0.46506,0.34124,0.36669,0.57066,0.02380,0.03142,0.46498,0.03274,0.51127,0.48884,0.43203,0.07088,0.02743,0.32872,0.02415,0.00022,0.02893,0.03165,0.05920,0.29349,0.04542,0.06034,0.09200,0.02244,-0.01819,0.50440,0.05446,0.01512,0.61536,0.03973,0.02248,0.02936
0.66130,0.68372,0.49832,0.40591,0.04033,-0.01075,0.63956,0.01507,0.41699,0.38774,0.70244,0.02446,0.00615,0.75264,-0.00757,0.00133,0.04001,0.03228,0.02041,0.72022,0.02095,0.03993,0.03146,0.06770,0.04071,0.54214,0.00857,0.02848,0.57445,0.01753,0.00757,0.05818
0.33162,0.75024,0.48422,0.65271,0.05497,0.04372,0.67357,0.00391,0.53376,0.61782,0.60776,0.05406,0.02857,0.65305,0.05886,0.00855,0.05713,0.04270,0.05547,0.64936,0.01048,0.05365,0.00348,0.03311,0.04273,0.50403,0.00943,0.03112,0.57879,0.04281,0.01890,0.02256
0.73707,0.36991,0.28953,0.69780,0.01948,0.07044,0.22572,0.03231,0.34057,0.29045,0.40886,0.00985,0.01124,0.31562,0.03987,0.03929,0.00021,0.03205,0.01475,0.67962,0.05864,0.03131,0.02475,0.03928,0.07238,0.64430,0.04937,0.04104,0.35880,0.03258,0.04623,0.02850
0.41098,0.68330,0.50863,0.33713,0.03830,-0.00876,0.46811,0.07165,0.56847,0.55405,0.28714,0.02792,0.03031,0.42763,0.03931,0.05088,0.01155,0.04624,0.06620,0.72183,0.01261,0.02657,0.03597,0.01877,0.01709,0.54718,0.04501,0.03289,0.54436,0.01203,0.03465,0.05752
0.57666,0.51156,0.65161,0.40240,-0.00393,0.01056,0.76968,0.00671,0.57678,0.56910,0.42195,0.03171,0.01262,0.29092,0.05086,0.02464,0.02609,0.01125,0.03792,0.58522,0.02919,0.05027,0.03263,0.00178,0.04532,0.41850,0.06206,0.00635,0.65555,0.02798,0.04230,0.05327
0.32334,0.69255,0.61403,0.37146,0.06949,0.04345,0.25661,0.02743,0.42915,0.53488,0.73580,0.04749,0.03895,0.41333,0.06253,-0.00174,0.04191,0.03122,0.06054,0.54388,0.08514,0.02708,0.04071,0.03153,-0.01596,0.70230,0.03093,-0.00213,0.49757,0.05493,0.05532,-0.00026
0.56099,0.59819,0.30740,0.69210,-0.03151,0.03458,0.65804,0.02609,0.48027,0.69545,0.58475,0.03893,0.06102,0.69666,0.03509,0.01942,0.05883,0.04254,0.04554,0.55585,0.03239,0.00833,0.04221,0.03486,0.03226,0.23262,0.02959,0.04749,0.71178,0.02636,0.01558,0.01606
0.69775,0.59726,0.45184,0.69797,0.04169,0.00562,0.46265,0.00249,0.29694,0.63705,0.58877,0.03928,0.00590,0.42445,0.04064,0.02932,0.03025,0.02843,0.05190,0.62851,0.04482,0.04822,0.02992,0.05746,0.02115,0.45762,0.05402,-0.00056,0.59745,0.06126,0.04966,0.03981
0.45148,0.28880,0.67720,0.30388,-0.00550,0.04903,0.32373,0.06549,0.68440,0.39860,0.67431,0.02777,0.02773,0.68342,0.01804,0.03445,0.03701,0.00903,0.08096,0.70886,-0.01051,0.02654,0.01596,0.04572,-0.00753,0.40454,0.00719,0.05343,0.47720,0.03454,0.02626,0.01101
0.33346,0.52585,0.76081,0.35195,0.05441,0.03740,0.70491,0.05626,0.71240,0.66669,0.26574,0.04348,0.04874,0.30463,0.03668,0.03011,0.05867,-0.00002,0.03628,0.27059,0.02531,-0.01790,0.03091,0.01527,0.01062,0.47589,0.00056,0.00481,0.72055,0.07050,0.00358,-0.01688
0.73107,0.43795,0.52772,0.34972,0.02147,0.05240,0.31521,0.01959,0.65975,0.48849,0.58421,0.03333,0.02993,0.35551,0.04184,0.01994,0.04135,0.03505,0.03784,0.38251,-0.00566,0.08007,0.02267,0.04509,0.06160,0.68464,0.02804,0.02924,0.33486,0.01593,0.03941,0.03994
0.61859,0.63950,0.54803,0.45846,0.05113,0.02543,0.71740,0.02304,0.28490,0.72629,0.25157,0.03278,0.03364,0.30152,0.03665,0.05783,0.02791,0.06891,0.03776,0.32854,0.05108,0.06195,0.00068,0.01210,0.04323,0.46775,0.06301,0.01442,0.36525,0.03682,0.01858,0.05487
0.70538,0.60211,0.73364,0.68145,0.02464,0.03244,0.52621,0.00989,0.72859,0.27233,0.65289,0.03802,0.05776,0.34326,0.03286,0.04542,0.02333,0.02826,0.02543,0.36010,0.03036,0.03273,0.05842,0.03394,0.04437,0.33560,0.06603,0.02252,0.51238,0.00901,0.03157,0.04267
0.45687,0.50714,0.68868,0.69030,0.01571,0.04361,0.56750,0.05581,0.64482,0.35391,0.55937,0.06911,0.04560,0.66342,0.05330,0.00849,0.04841,0.03211,0.05424,0.29792,0.04523,0.03663,0.05235,0.07349,0.04317,0.49255,0.01942,0.03253,0.40546,0.02761,0.04763,0.05518
0.42770,0.40466,0.71001,0.41269,0.05572,0.01900,0.58211,0.03174,0.49030,0.56535,0.75351,0.01631,-0.04011,0.46022,0.04024,0.06400,0.06034,0.03480,0.02270,0.36400,0.04384,0.03252,0.00469,0.05264,0.01988,0.49452,-0.01641,0.09355,0.65883,0.01839,0.00480,0.04898
0.73814,0.52984,0.58633,0.73385,-0.01560,0.02284,0.45747,-0.00452,0.66873,0.58215,0.70375,0.05183,0.03980,0.46019,0.02428,0.06581,0.03926,0.03770,0.03717,0.46171,0.00691,0.06732,0.03128,0.01730,0.05579,0.45124,0.02078,0.02037,0.51838,0.03533,0.03706,0.00222
0.74161,0.63816,0.69150,0.47068,0.03468,0.02933,0.50468,0.04640,0.70858,0.32319,0.68556,0.05661,0.00745,0.50407,0.00819,0.03579,0.02826,0.02052,0.02845,0.23578,0.03122,0.04521,0.01689,0.05845,0.06790,0.61506,0.00407,0.03314,0.62416,0.02923,0.02664,0.03637
0.62930,0.32970,0.48647,0.47717,0.02481,0.04747,0.46704,0.02074,0.56356,0.55153,0.71794,-0.01008,-0.00098,0.32199,-0.03458,0.02433,0.04168,0.00771,0.03889,0.31972,0.02854,0.05075,0.05469,0.04222,-0.00321,0.40414,-0.01660,0.01508,0.56292,0.01541,0.01622,0.03986
0.48361,0.48183,0.30410,0.42613,0.02219,0.03120,0.70055,0.04201,0.68158,0.59045,0.33524,0.04655,0.01365,0.46834,0.00399,0.03764,0.02690,0.05425,0.02276,0.54274,0.01138,0.02000,0.02485,0.02648,0.03947,0.68576,0.04294,0.02577,0.28346,-0.01994,0.06112,0.04717
0.42758,0.56536,0.69704,0.33891,0.02293,-0.00711,0.58786,0.03246,0.67323,0.63619,0.33294,0.05510,0.00061,0.74301,0.02515,0.06480,0.00287,0.03846,0.05407,0.52186,0.06331,0.02386,0.02404,0.03110,0.00289,0.62212,0.00369,0.03498,0.60392,0.07444,0.01661,0.02000
0.36740,0.56795,0.69813,0.43062,0.00973,0.03465,0.34916,0.02362,0.41287,0.37340,0.76598,0.05071,0.03350,0.27277,0.01948,0.03357,0.02541,0.02427,0.00457,0.64870,0.03405,0.03548,0.05997,0.04487,0.05525,0.56955,0.04844,0.02601,0.73556,0.08488,0.06280,-0.01603
0.36421,0.39777,0.27195,0.54184,0.04354,0.01383,0.76596,0.02036,0.45989,0.36742,0.31780,0.02995,0.03135,0.67321,0.01686,0.02222,0.00787,0.05512,0.04391,0.62121,0.04013,0.01966,0.02735,0.00442,0.01767,0.60385,0.00506,0.04024,0.48643,0.03277,0.06905,0.00817
0.47715,0.30952,0.57033,0.38974,0.04949,0.01152,0.46104,0.06396,0.34501,0.47690,0.44294,0.01392,0.01659,0.36717,0.04772,0.04424,0.02637,0.02619,0.02340,0.65023,0.00925,0.08177,0.05579,0.03511,0.00624,0.40758,0.02044,0.04774,0.51302,0.05023,0.00135,0.04338
0.55588,0.59798,0.38759,0.46886,0.03562,0.03728,0.51676,0.03361,0.66761,0.54475,0.70214,0.07149,-0.01065,0.35983,-0.01869,-0.02088,0.04437,0.02822,0.00879,0.33635,0.00814,0.03038,0.01905,0.00849,0.02838,0.57869,0.01173,0.03576,0.38900,-0.02294,0.00755,0.04964
0.62250,0.66380,0.56469,0.43354,0.03292,0.02734,0.50097,0.03274,0.63976,0.45421,0.36193,0.02549,0.03472,0.31154,0.00711,0.05627,0.07711,0.03806,0.03055,0.73123,0.03109,0.03383,0.06034,0.00949,0.05889,0.31632,0.03170,0.01289,0.46504,0.00065,-0.01805,0.00897
0.61671,0.53348,0.65028,0.57370,0.04822,0.04449,0.45154,0.02508,0.46678,0.33228,0.34433,0.00359,0.02344,0.58663,0.04967,0.06174,0.01890,-0.00417,0.02920,0.30338,0.01909,0.04481,0.08021,0.01938,0.00348,0.68584,-0.01595,0.02010,0.25304,0.07827,0.00036,0.01670
0.38196,0.71654,0.36048,0.38935,0.02131,0.03556,0.58055,0.04754,0.60535,0.59750,0.68772,0.00904,0.00853,0.48735,0.01758,0.03847,0.02927,0.02399,0.02786,0.25301,0.04564,-0.01845,0.03742,0.06098,0.08376,0.54669,0.05214,0.01556,0.58652,0.03210,0.01166,0.05188
0.65574,0.35004,0.24256,0.47298,-0.01554,0.01920,0.35058,0.01668,0.47994,0.63520,0.46924,0.01680,-0.00456,0.45929,0.03365,0.00813,0.03724,0.00682,0.04649,0.35653,0.01333,0.03832,0.08224,0.01609,0.04888,0.34595,0.02157,0.03823,0.39547,-0.00465,0.00635,0.04439
0.50962,0.45376,0.31752,0.38321,0.01106,0.07595,0.69120,0.03731,0.62266,0.77606,0.33986,0.05600,0.03893,0.26207,0.03185,0.01593,0.01607,0.02698,-0.00451,0.71308,0.02357,-0.02787,0.05891,-0.00310,-0.00053,0.73514,-0.00622,0.01786,0.40521,-0.00915,0.03267,-0.00619
0.31282,0.65703,0.59804,0.55196,0.05585,0.04094,0.77422,0.04405,0.30786,0.32295,0.65526,0.03249,0.04289,0.69137,0.02588,-0.01937,0.02483,0.02725,0.07824,0.68668,-0.01595,0.02628,0.05943,0.06247,0.01647,0.44366,0.05255,0.06666,0.41241,0.02352,0.00643,-0.00059
0.43006,0.50372,0.36772,0.27979,0.00929,-0.03441,0.50000,0.03393,0.46515,0.73202,0.53771,0.04494,0.02734,0.37802,0.03291,0.01806,0.02961,0.03007,0.01456,0.46990,0.04523,0.03885,0.03532,0.06429,0.04192,0.63351,0.01717,-0.00013,0.31960,0.04471,0.02419,0.03839
0.46485,0.32333,0.59231,0.48014,0.05094,0.02638,0.39725,0.03363,0.61348,0.67668,0.30559,0.01373,0.02927,0.68284,0.02937,0.04731,0.02331,0.04498,0.04210,0.57212,0.03101,0.02439,0.04797,0.05802,0.04670,0.27501,0.04350,-0.00770,0.41490,0.03523,0.04689,0.04271
0.30280,0.63067,0.76052,0.60077,0.05970,0.03351,0.65079,0.03044,0.30010,0.38513,0.67811,0.03368,0.05149,0.29364,0.01906,0.04863,0.03957,0.01951,0.02775,0.54277,-0.01526,0.04965,0.02570,0.02532,0.05161,0.59799,0.01866,0.02213,0.44065,0.04037,0.03335,0.07346
0.73254,0.40664,0.25297,0.55740,0.02239,0.02382,0.45424,0.06538,0.63941,0.64484,0.43753,0.00199,0.04245,0.57327,0.05310,0.02092,0.00225,0.04129,0.02377,0.42016,0.01305,-0.01831,0.02253,0.05579,0.04508,0.48446,0.00845,0.01831,0.73275,0.04798,0.03207,0.00859
0.74977,0.52013,0.40058,0.49053,0.03097,0.04081,0.46765,0.01313,0.67228,0.40504,0.29240,0.02775,0.03400,0.49734,0.04368,0.04625,0.00825,0.03343,0.01079,0.58253,0.06212,0.03849,0.03954,0.00592,0.05926,0.52896,0.03736,0.02918,0.48598,0.01292,0.03810,0.00157
0.50389,0.49750,0.49221,0.68745,-0.00285,0.05239,0.63304,-0.00163,0.40557,0.64621,0.28832,0.01357,0.02516,0.75064,0.04468,0.02481,0.00520,0.03150,0.02287,0.60179,0.01127,0.01875,0.06509,0.03792,0.01711,0.59658,0.02542,0.04426,0.66477,0.07255,0.04429,0.04468
0.37128,0.42261,0.27366,0.32749,0.03988,0.00843,0.53678,0.03141,0.36295,0.38669,0.62178,0.05803,0.04624,0.46745,0.02940,0.03609,0.07310,0.03732,0.04160,0.62131,0.00363,0.01207,0.06503,0.05931,0.03548,0.70059,0.02158,0.05060,0.29185,0.06235,0.05520,0.03346
0.67923,0.71716,0.74967,0.25876,0.02650,0.02685,0.49738,0.02677,0.32475,0.33254,0.48387,0.02142,0.05288,0.40721,0.03471,0.05025,0.02215,0.06229,0.04396,0.37622,-0.00261,0.06274,0.06862,0.05140,0.02575,0.50032,0.03174,0.02512,0.58078,0.04202,0.05049,0.07708
0.33350,0.52931,0.48787,0.64979,0.02565,0.01430,0.58084,0.00940,0.34493,0.32914,0.36142,0.03126,0.07093,0.31928,-0.00821,0.03195,0.03265,0.01700,0.07815,0.47743,0.01659,0.02383,-0.01575,0.01612,0.05422,0.48824,0.02483,0.02860,0.69134,0.02533,0.06206,0.00528
0.40220,0.27464,0.27243,0.69249,0.04777,0.04158,0.52104,0.01873,0.32692,0.75455,0.32595,0.00118,0.00296,0.73939,0.03765,0.01215,0.06746,0.02362,0.03591,0.57665,0.02948,0.04639,0.01604,0.08096,0.02773,0.55220,0.01966,0.03275,0.28829,0.03086,0.03700,0.03251
0.61528,0.70992,0.76560,0.31652,0.00933,0.04337,0.72105,0.04256,0.43321,0.30694,0.36841,0.04658,0.04163,0.69710,0.03684,0.02336,0.03895,0.05529,0.02660,0.48963,0.05378,0.04096,0.04436,0.09234,0.03105,0.53814,0.02660,0.02073,0.57652,-0.00688,0.05927,0.05522
0.42961,0.31190,0.45810,0.60626,0.07381,0.00818,0.69179,0.00847,0.39144,0.68043,0.63699,0.02899,0.08810,0.27004,0.03541,0.03993,-0.00778,0.02595,0.02124,0.42207,0.02553,0.00278,0.03177,0.01772,0.03994,0.75877,-0.00287,0.02753,0.57598,-0.01247,-0.02593,0.03171
0.51215,0.69090,0.47422,0.33235,0.00093,0.04430,0.36433,0.02410,0.66628,0.67893,0.37440,0.02885,0.02425,0.29392,0.04387,0.01794,0.03711,0.00103,0.04531,0.49982,0.01562,0.06072,0.06388,0.01000,0.00743,0.50547,0.07878,0.04143,0.39250,0.01316,0.01395,-0.01230
0.50938,0.72723,0.38301,0.58464,0.02437,0.01887,0.70995,0.03135,0.41030,0.59943,0.24722,0.05157,0.00891,0.54398,0.02263,-0.00202,-0.00288,0.05381,-0.01682,0.24815,0.02604,0.04808,0.00756,0.03629,0.03793,0.66783,0.05114,0.02217,0.74445,0.03819,0.04774,0.03556
0.57451,0.61565,0.52201,0.37880,0.05314,0.01533,0.62719,0.01503,0.70939,0.47105,0.69699,0.00232,0.00781,0.47032,0.04689,0.02949,0.01280,0.00944,0.06582,0.50018,-0.00248,0.03559,0.06065,0.02727,0.01838,0.62267,0.04463,0.00164,0.32524,0.00157,0.05302,0.03227
0.51631,0.67408,0.42962,0.60161,0.02562,0.02522,0.68346,0.00444,0.52492,0.56844,0.37699,0.03129,0.01148,0.30231,0.00147,0.01172,0.03229,0.01984,0.03846,0.42262,0.02177,0.05952,0.02069,0.00273,0.02718,0.28929,0.06573,-0.01056,0.25496,0.01571,0.02717,-0.00917
0.58419,0.49897,0.57764,0.28223,0.06626,0.01775,0.30554,-0.00195,0.38793,0.58802,0.70140,0.02719,0.00509,0.36793,0.02796,0.04681,0.02474,0.00324,0.02609,0.60718,0.03403,0.01716,0.01007,0.04097,0.05295,0.28959,0.01646,0.04032,0.73889,0.00427,0.00263,0.08082
0.62841,0.65424,0.42376,0.52047,-0.00346,0.03600,0.31898,-0.01772,0.55129,0.74024,0.37463,-0.01014,0.05794,0.46556,0.03377,0.05311,0.04161,0.06493,0.04602,0.44693,0.01730,0.05161,0.03811,0.01017,0.01844,0.50054,0.04802,0.03258,0.39147,0.01765,0.00978,-0.01959
0.43885,0.39340,0.58650,0.49919,0.03262,0.03292,0.50059,0.02480,0.73066,0.38702,0.64321,0.00628,0.02894,0.28350,0.03099,0.01821,0.00760,0.01234,0.06294,0.51104,0.00579,-0.00580,0.05503,0.09042,0.06763,0.53766,0.02450,-0.01386,0.48402,0.03531,0.04745,0.00891
0.42402,0.73119,0.60281,0.33425,0.05479,0.04280,0.37839,0.05040,0.31694,0.35022,0.40688,0.07659,0.03577,0.30650,0.04648,-0.00476,0.03392,0.03749,0.01674,0.35181,0.02471,0.02059,0.04134,0.02864,0.04386,0.53827,0.05553,0.06166,0.25329,0.03207,0.06483,0.06741
0.26098,0.61663,0.52323,0.51676,0.04801,0.03966,0.66137,0.02712,0.64022,0.39371,0.52755,0.05719,0.05480,0.27990,-0.00212,0.04364,0.03244,0.04432,0.04054,0.57195,0.00451,0.02541,0.05713,0.02917,0.02638,0.34133,0.01434,0.01414,0.23802,0.00655,0.05207,0.04797
0.52479,0.70546,0.38247,0.41131,0.02017,-0.01154,0.25672,0.00345,0.48721,0.33910,0.53879,0.03434,0.00985,0.49971,-0.00102,0.02003,0.04462,0.01721,0.00559,0.60187,0.04070,0.02657,-0.00580,0.07229,0.07869,0.39447,0.02982,0.04429,0.24131,0.05992,-0.02543,0.03913
0.34520,0.57667,0.31352,0.74771,0.06101,0.01345,0.35000,0.04804,0.69108,0.42041,0.67566,-0.00925,0.04069,0.64698,0.02625,-0.01189,0.03878,0.00597,-0.01976,0.60504,0.03502,0.03095,0.09276,0.03075,0.04118,0.72253,0.01392,0.03456,0.56553,0.03431,0.00024,0.02351
0.27478,0.44570,0.52070,0.53310,-0.01244,0.03259,0.51572,0.00477,0.32653,0.70679,0.50557,0.04781,0.02329,0.33253,0.00636,0.02965,0.03400,0.04395,0.04823,0.31209,0.03519,0.02966,0.06562,0.01196,0.01680,0.60505,0.05202,0.03352,0.51229,0.04677,0.04920,0.03245
0.48074,0.69861,0.39120,0.33198,0.07812,0.00186,0.72777,0.04042,0.66556,0.30575,0.69285,0.01614,0.03941,0.55807,-0.01088,0.03525,0.03624,0.01744,0.04566,0.65127,0.04263,0.00591,0.02658,0.03456,0.06097,0.29443,0.06910,0.00902,0.79406,0.02069,0.04384,0.05259
0.66781,0.35047,0.34750,0.65193,0.01302,0.01448,0.27396,0.06132,0.63950,0.25653,0.50171,0.04772,0.04416,0.45235,0.04247,0.01469,0.06380,0.03347,0.02069,0.59127,0.02163,0.02667,0.02506,0.03966,0.04899,0.70285,0.05841,0.05040,0.45396,0.02466,0.03914,0.00940
0.38770,0.70498,0.65366,0.39836,0.02444,0.03214,0.55971,0.04465,0.50876,0.68127,0.48176,0.03367,0.03585,0.42193,0.03246,0.02493,0.03418,0.00995,0.01722,0.50794,0.03323,0.00485,0.03750,0.04604,-0.00858,0.48819,-0.00095,0.05520,0.59133,0.04524,0.00398,0.01497
0.34369,0.31807,0.56242,0.37967,0.02921,0.00948,0.29129,0.03153,0.68298,0.61865,0.63574,0.05471,0.06801,0.40018,0.00234,0.04276,0.03217,-0.00000,0.01800,0.68529,0.01722,0.05276,0.01246,0.03957,0.04528,0.58691,0.00043,0.02641,0.56321,0.03250,-0.01242,0.02499
0.72696,0.30429,0.34239,0.40578,0.04684,0.00691,0.76565,0.08902,0.63938,0.69379,0.28769,-0.00833,0.00322,0.63201,0.06320,0.01664,0.02608,0.01982,0.01493,0.76032,0.02537,0.02298,0.05102,0.00793,0.04978,0.54492,0.02577,0.02483,0.45791,0.00411,0.03389,0.00109
0.69629,0.29722,0.51835,0.34947,0.02590,0.03861,0.32262,-0.00319,0.56094,0.54379,0.45531,0.02385,-0.01169,0.64378,0.02788,-0.02261,0.05145,0.05892,0.06170,0.25357,0.02261,0.04746,0.02308,0.02256,0.03182,0.38933,0.03582,0.01870,0.60657,0.06824,0.01725,0.04302
0.47863,0.32958,0.65699,0.49987,0.04115,0.03527,0.59370,0.03030,0.37192,0.57525,0.39459,0.01675,-0.00119,0.35550,0.00097,0.02984,-0.02674,-0.02244,0.00593,0.54278,0.04994,0.02593,0.04219,0.01711,0.01155,0.45362,0.03450,0.01915,0.62276,0.02386,0.03276,0.01904
0.56465,0.47908,0.73301,0.32490,0.03497,0.05056,0.33296,0.06458,0.58541,0.67526,0.63896,0.04709,0.02079,0.70526,0.07830,0.05348,0.07842,0.02375,0.05980,0.55575,0.03105,0.06321,0.03387,0.04311,0.03890,0.54945,0.06406,0.01295,0.29511,0.04924,0.06460,0.00053
0.71764,0.24250,0.49770,0.25346,0.06267,0.06899,0.73406,0.05999,0.27746,0.42219,0.47687,0.02377,0.03641,0.49678,0.00235,0.04251,0.05259,0.02221,0.07039,0.56486,0.03851,0.02946,0.03627,0.01243,0.01110,0.46777,0.04193,0.03689,0.72651,0.08131,0.03153,0.03586
0.65170,0.49436,0.57226,0.47227,0.05255,0.00164,0.69866,-0.00071,0.57485,0.48632,0.64674,0.00519,-0.01446,0.35110,-0.01169,0.03100,0.03697,0.03217,0.03491,0.68768,0.00376,-0.01124,0.04162,0.01357,0.02365,0.65416,0.05896,0.01293,0.64833,0.04963,0.05944,0.03726
0.35914,0.42954,0.48038,0.51394,0.03214,0.04448,0.68991,0.01955,0.70362,0.31585,0.71639,0.00746,0.04476,0.39254,0.01889,0.03455,0.05762,0.05413,0.05904,0.41188,0.01553,0.06163,0.06139,0.03455,0.05530,0.43062,-0.00925,0.03352,0.69474,0.02976,0.04549,0.02784
0.33655,0.40262,0.67645,0.46333,0.01041,0.02645,0.65086,0.04152,0.20908,0.40109,0.65089,0.05959,0.05604,0.34306,0.07311,0.04165,0.04973,-0.01751,0.00566,0.56587,0.00801,0.04916,0.05428,-0.00891,0.04579,0.65062,0.03526,0.00745,0.40147,0.02612,-0.00120,0.04908
0.65900,0.65555,0.47968,0.34144,0.05678,0.03604,0.48512,0.03280,0.61312,0.65359,0.66319,0.07972,0.04483,0.36693,0.04541,0.05778,0.06564,0.04571,0.06235,0.46619,0.03228,0.01375,0.02484,0.05468,0.02748,0.63931,0.03266,0.02306,0.25212,0.01139,0.04500,0.03656
0.69927,0.50243,0.66060,0.42410,0.01389,0.06351,0.43214,0.01895,0.69049,0.41758,0.67960,-0.01609,0.01241,0.43749,0.04090,0.03210,0.04520,0.02180,0.03466,0.64540,0.06585,0.06378,0.04316,0.02404,0.00515,0.46693,0.04809,0.04499,0.43285,0.04405,0.03109,0.03627
0.59923,0.59131,0.48986,0.40941,0.06117,0.03664,0.62275,0.06717,0.28052,0.42817,0.51818,0.02030,0.01113,0.29363,0.05893,0.03203,0.05725,0.03515,0.03833,0.71940,0.03366,0.03639,0.05431,0.01180,0.07537,0.64517,0.04734,0.04207,0.26544,-0.00102,0.04255,0.03906
0.35503,0.67659,0.40207,0.62727,-0.00312,0.04145,0.74514,0.02208,0.30988,0.36624,0.46695,-0.00895,0.04129,0.41179,0.03178,0.05595,0.05349,0.02440,0.04498,0.43815,0.07345,0.07227,0.02154,0.01957,0.06797,0.65445,0.03384,0.01312,0.71450,0.04148,0.02399,0.00557
0.33453,0.66865,0.40825,0.44915,0.07429,0.02179,0.54787,0.01685,0.46205,0.43644,0.33376,0.01506,0.03001,0.30908,0.03313,-0.01523,0.04191,0.01510,0.01567,0.63491,0.00352,0.02061,0.03303,0.03190,0.03706,0.27856,0.04412,0.02987,0.44071,0.06062,0.02370,0.02959
0.40551,0.39718,0.72788,0.62712,0.01422,0.04632,0.35015,0.07773,0.44865,0.68323,0.63460,-0.01885,0.00604,0.45374,0.01207,0.02981,0.01996,0.02128,0.01495,0.38540,0.07193,0.00601,0.05019,0.04728,0.01487,0.41874,0.07061,0.01089,0.66745,0.04119,0.03332,0.02714
0.50485,0.67220,0.57346,0.52936,0.04171,0.02805,0.28389,-0.00204,0.28610,0.44084,0.51268,0.03886,0.01252,0.73966,0.02957,-0.00202,-0.00388,0.04324,0.04659,0.44355,0.03507,0.00374,0.08107,0.03354,-0.00944,0.71374,0.03982,0.03151,0.44777,0.01437,0.03783,0.05591
0.41420,0.73603,0.48494,0.25870,0.05344,0.02599,0.37509,0.02607,0.76085,0.27627,0.54353,0.04456,0.02183,0.65714,0.02920,0.03983,0.02419,0.03691,0.03438,0.30169,0.01040,0.05801,0.05552,0.03992,0.05506,0.62566,-0.00242,0.00120,0.70470,-0.00866,-0.02044,0.01032
0.35509,0.60031,0.46629,0.33621,0.03013,0.03586,0.71601,0.01457,0.31144,0.47146,0.46946,0.00678,0.01165,0.51425,0.01625,0.02967,0.01491,0.02775,0.03254,0.30079,0.03564,0.04006,-0.00375,0.05073,-0.00671,0.68229,0.02141,-0.00307,0.75837,0.01560,0.04314,0.01358
0.68634,0.51453,0.66434,0.75825,0.01992,0.03395,0.41438,0.01966,0.60526,0.42882,0.60545,0.05662,0.05234,0.34101,0.02914,0.07148,0.01448,0.00717,0.05963,0.69206,0.01369,0.04648,0.02425,0.00230,0.02540,0.34676,0.02792,0.02634,0.32448,0.01291,0.03698,0.04831
0.69305,0.46891,0.58720,0.58722,-0.00471,0.03995,0.25789,0.02443,0.60022,0.36016,0.55343,0.01521,0.01680,0.68766,0.04286,0.00744,0.05983,0.01620,0.05813,0.28226,0.00182,0.06581,0.04941,0.01020,0.00502,0.74244,0.04893,0.07429,0.48842,0.03160,0.03111,0.04548
0.58876,0.61190,0.36162,0.32401,-0.01926,0.00717,0.45525,0.03600,0.45279,0.75158,0.46218,-0.01962,0.05476,0.51189,0.02597,0.04052,0.03663,0.01087,0.05478,0.34169,0.08470,0.04518,0.06424,0.01516,0.01368,0.58352,0.04298,0.04582,0.30212,0.01888,0.02695,0.04362
0.51826,0.30007,0.53077,0.42004,0.01188,0.03546,0.51632,0.08032,0.30637,0.54162,0.50213,0.01845,0.04601,0.61491,0.00866,0.03169,0.03673,0.05049,0.02157,0.44542,0.02203,0.03259,0.06006,0.01639,0.03928,0.72255,0.02621,0.03128,0.55739,0.05018,0.04860,0.01279
0.65691,0.32861,0.37979,0.65199,0.03932,-0.00269,0.34986,0.00720,0.77510,0.36810,0.60167,0.09235,0.01888,0.74842,0.02566,0.00507,0.04079,0.04528,-0.00557,0.51640,0.08713,0.02749,-0.00622,0.02430,0.02842,0.30262,0.03722,0.05011,0.65106,0.02548,0.04555,0.04684
0.58563,0.51220,0.53867,0.46009,0.05384,0.03660,0.32662,0.06994,0.35452,0.34632,0.44584,0.05529,0.03860,0.55560,0.02828,0.05437,0.02551,0.04949,0.05585,0.51772,0.03817,0.03459,-0.00398,0.01535,0.01489,0.29375,0.04878,0.04022,0.72970,0.03312,-0.00100,0.06184
0.60850,0.48517,0.52552,0.71052,0.03074,0.02107,0.43872,0.01510,0.55670,0.32393,0.25402,0.05250,0.02257,0.67787,0.01243,0.01001,0.05183,0.03451,0.03223,0.49209,0.01512,0.03650,0.04165,0.04869,0.02174,0.59795,0.02244,-0.01300,0.68949,0.02436,0.02734,0.04410
0.66432,0.41530,0.72112,0.30604,0.02111,0.00404,0.64716,0.01370,0.61832,0.34657,0.65025,0.03214,0.02336,0.42406,0.02856,0.03191,0.05593,-0.00374,0.04169,0.65072,0.00505,0.02602,0.05049,0.02252,0.03712,0.71820,-0.01076,0.01365,0.28691,0.04678,0.01831,0.05912
0.73162,0.48654,0.32347,0.44106,0.03950,0.04671,0.37877,0.02076,0.51925,0.30473,0.39526,0.00888,0.04851,0.50964,0.00394,0.06698,-0.01020,0.03273,0.03482,0.35298,0.05025,0.02289,-0.00273,0.01819,0.05423,0.64411,0.05346,0.01375,0.65832,0.03488,0.01269,0.02085
0.48985,0.56262,0.33003,0.75440,-0.00595,0.03217,0.40820,0.00960,0.28368,0.56786,0.31545,0.03842,0.03844,0.73442,0.00536,0.03582,0.05857,0.00446,0.06319,0.29482,0.01436,-0.00568,0.01170,0.03911,0.07269,0.25148,0.04260,0.04265,0.74625,0.01430,0.01197,0.04175
0.61620,0.63228,0.58454,0.41656,0.03090,0.02880,0.58521,0.06036,0.55004,0.57058,0.35648,-0.00464,0.01103,0.27138,0.05617,0.01402,0.06057,-0.01714,0.04519,0.39725,0.06532,0.04361,0.00640,0.01096,0.03181,0.61950,0.06168,0.03867,0.31565,0.04892,0.02207,0.04816
0.67537,0.73357,0.51842,0.68631,0.00513,0.03936,0.39305,0.04041,0.68454,0.36697,0.32477,0.04784,0.04411,0.49272,0.02442,0.04562,0.03122,-0.00903,-0.01486,0.52000,0.04916,0.00838,0.03168,0.06150,-0.01257,0.25141,0.01693,0.03903,0.39741,0.04497,0.06009,0.00999
0.51652,0.62428,0.29642,0.48801,0.04793,0.01234,0.40021,0.04265,0.38425,0.54146,0.62103,0.02932,0.01003,0.57364,0.03957,0.04596,0.03098,0.02394,0.02283,0.37090,0.04323,0.06123,0.02985,0.01974,0.03827,0.51313,0.03068,0.01352,0.59330,0.02369,0.03830,0.05776
0.62323,0.40259,0.26411,0.52305,0.05116,0.02558,0.38199,0.03015,0.37743,0.51360,0.62405,-0.00077,0.03684,0.64625,0.02556,0.01366,0.04791,-0.01211,0.09208,0.74867,0.05869,0.01329,-0.00206,0.02190,0.01682,0.40350,0.01129,0.02388,0.55706,0.01405,0.05489,0.03626
0.52752,0.28663,0.31692,0.58599,0.03225,0.03925,0.26831,0.00312,0.54216,0.41507,0.70538,0.05901,0.06030,0.58586,0.02331,0.00826,0.00137,0.03737,0.07807,0.61196,0.02760,0.00441,0.04643,-0.01771,0.00195,0.49032,0.00639,0.04715,0.54427,0.01935,0.00152,0.03467
0.54626,0.47257,0.54975,0.73586,0.01000,0.02861,0.45477,-0.00051,0.56737,0.51797,0.58195,0.01146,0.02080,0.45845,0.04585,0.05003,0.03652,0.07556,0.00003,0.38193,0.06921,0.05102,0.02835,0.04723,0.04033,0.58026,0.04057,0.04835,0.54734,0.01289,0.04011,0.02312
0.54092,0.71453,0.43157,0.51118,-0.00964,0.00940,0.39004,0.02031,0.73185,0.60348,0.73367,0.05173,0.06302,0.51139,0.04778,0.01828,0.04756,0.00034,-0.00426,0.70482,0.01264,-0.02338,0.01639,0.04689,0.03408,0.25710,0.03990,0.00710,0.69403,0.00523,0.05510,0.06627
0.76487,0.38286,0.49563,0.30077,-0.02042,0.05222,0.34064,0.04435,0.71200,0.37615,0.33834,0.02909,0.01011,0.47587,0.03526,0.03107,0.00441,0.02449,0.03785,0.40493,0.03348,0.00383,0.03288,0.00449,0.02748,0.40142,0.02636,0.01888,0.33014,0.02854,0.01938,0.00241
0.40604,0.66050,0.56273,0.71068,0.02114,0.05698,0.55712,-0.00450,0.43862,0.54825,0.34997,0.00458,0.00862,0.57853,-0.02115,0.03957,0.02094,0.05290,-0.00930,0.45438,0.01584,-0.00015,0.01716,0.01675,0.03090,0.64945,0.06050,0.03742,0.61835,0.00906,0.00342,0.06958
0.43701,0.46847,0.42994,0.49518,0.08601,0.01943,0.30113,0.02672,0.32244,0.56553,0.62215,0.01851,0.02278,0.46746,0.02014,0.00300,0.03890,0.04281,0.04627,0.60139,0.05574,0.04735,0.03000,0.05309,0.03423,0.64945,0.03230,0.02345,0.75016,0.06363,0.04221,0.00942
0.27198,0.30479,0.61027,0.61371,0.05477,0.01729,0.69811,0.03534,0.45432,0.67187,0.64668,0.05344,0.05070,0.75403,0.02650,0.05441,0.04391,0.00623,0.01397,0.62731,0.00166,-0.00158,0.04082,-0.02256,0.02134,0.50773,0.04247,0.03181,0.59524,0.01859,0.01992,0.02243
0.30904,0.73434,0.41028,0.49422,0.04451,0.02138,0.64803,0.05060,0.32779,0.48672,0.48996,-0.00347,0.05704,0.57768,0.04206,0.02845,0.01739,0.03689,-0.01145,0.74835,0.05282,0.04176,0.01665,0.05834,0.00983,0.32018,0.07082,0.01149,0.51666,0.02035,0.02511,0.03560
0.29806,0.35155,0.35719,0.39139,0.04006,0.02042,0.64092,0.03275,0.36498,0.40123,0.73970,0.07079,0.00535,0.52439,0.04328,0.03009,0.04640,0.05686,0.05235,0.67827,0.05319,0.04748,0.03390,0.03715,-0.02318,0.60915,0.02800,0.04835,0.54490,0.03511,-0.00185,0.04269
0.67061,0.48780,0.68818,0.51418,0.03107,-0.00481,0.43900,0.02996,0.26242,0.71853,0.27108,0.01898,0.00485,0.58993,0.02663,0.04369,0.01321,0.05336,0.02408,0.33747,0.01441,0.05240,0.03853,0.03552,0.06538,0.53096,0.02629,0.03514,0.36711,0.00062,0.01308,0.03435
0.58100,0.59275,0.30169,0.43966,0.02239,0.03677,0.34223,0.00047,0.29911,0.25873,0.43501,0.08031,0.03027,0.42662,-0.00167,0.02270,0.02023,0.02577,0.02657,0.46139,0.03829,0.02742,0.04021,0.06359,-0.00042,0.57827,0.02044,0.01180,0.53049,0.04239,0.02620,0.01841
0.24957,0.41337,0.61594,0.41259,0.04147,0.01600,0.55888,0.02534,0.42606,0.68027,0.59727,0.02654,0.03077,0.69570,0.05789,0.00614,0.04311,0.01088,0.00850,0.37330,0.00991,0.09576,-0.01306,0.04000,0.02541,0.60369,0.01457,-0.00218,0.32227,0.03130,0.06160,0.07218
0.60272,0.73653,0.27785,0.41641,0.03654,0.04670,0.42293,0.03724,0.37456,0.69117,0.62767,0.04971,0.01928,0.30230,0.03318,0.01446,0.02033,0.04401,0.02071,0.26762,0.05348,0.02017,-0.00179,0.03214,0.11036,0.46809,0.02699,0.05553,0.48974,0.00413,0.05594,0.09111
0.52407,0.70918,0.53308,0.52943,0.00402,0.00502,0.47666,0.01067,0.68121,0.60175,0.52455,0.06557,0.04784,0.49821,0.01206,0.03505,0.02384,-0.01225,0.04382,0.42291,0.01186,0.02989,0.01287,0.02628,0.03449,0.49793,0.07649,0.06368,0.40140,-0.00480,0.03145,0.00688
0.55565,0.36345,0.48386,0.66680,0.04767,0.03896,0.41810,0.02844,0.46421,0.57575,0.64112,0.01400,0.01280,0.40255,0.02270,0.04454,0.01066,0.04766,-0.00824,0.71541,0.04597,0.04152,0.02253,0.06501,0.07317,0.65491,0.00754,-0.01817,0.62131,0.00016,0.06396,0.07329
0.27381,0.26657,0.35982,0.63247,0.03874,0.02754,0.27755,0.01382,0.34783,0.32963,0.57767,0.01756,0.03713,0.70975,0.05147,0.09795,0.00863,0.03150,0.03893,0.37433,0.00254,0.06426,0.03799,0.01305,0.03576,0.33457,0.01755,0.00644,0.28197,0.03463,0.06515,0.01556
0.37429,0.33983,0.36482,0.44218,0.02030,0.04962,0.52113,0.01856,0.65951,0.34340,0.25001,0.00838,0.04543,0.51132,0.04425,-0.00619,0.03868,0.05791,0.00888,0.61498,0.04485,0.05719,0.08471,0.01478,0.06037,0.71478,0.02266,0.00735,0.35809,0.05249,0.02319,0.01083
0.23646,0.47644,0.65633,0.70699,0.06223,0.01508,0.63501,0.05869,0.58254,0.63989,0.73094,0.07172,0.04272,0.34227,0.04643,0.03750,0.02301,-0.01018,-0.01605,0.34841,0.01689,0.05051,0.05293,0.00885,0.06848,0.63785,0.05418,0.03493,0.51203,0.00416,0.05998,0.06143
0.70480,0.33331,0.38935,0.44145,0.03073,0.05202,0.60100,0.02261,0.34957,0.59962,0.50485,0.04208,0.04092,0.54358,0.01645,0.01811,0.04478,0.03013,0.03111,0.33442,0.03056,0.06502,0.03268,0.04443,0.00107,0.31979,-0.01190,0.08460,0.47136,0.07214,0.01758,0.01432
0.67728,0.43067,0.43630,0.54630,0.00144,0.02410,0.36829,0.00901,0.52174,0.32017,0.57171,0.06548,0.03847,0.50897,0.03758,0.02450,0.03548,0.01324,0.02169,0.71726,0.04842,-0.01847,0.07263,0.02058,0.03189,0.41872,0.00485,0.01660,0.39148,0.02069,-0.00633,0.00129
0.70034,0.25300,0.30244,0.41479,0.03706,-0.00417,0.53845,0.01912,0.59626,0.73357,0.76521,0.04882,0.02526,0.59131,0.02061,0.05561,0.03276,0.02137,0.02409,0.53515,0.04443,0.03473,0.01657,0.05378,0.04187,0.65223,0.05274,0.01371,0.60377,0.01239,0.02887,0.07923
0.34949,0.37492,0.29590,0.36741,0.05885,0.03115,0.30676,0.03974,0.49445,0.56328,0.44891,0.05880,0.02427,0.53329,0.02527,0.06134,0.00466,0.04532,0.00988,0.36079,0.03814,0.05424,0.04950,0.04543,0.02215,0.64354,0.00701,0.04794,0.56044,0.03864,-0.01445,0.00812
0.67624,0.58737,0.38052,0.60052,0.04142,0.01896,0.36524,0.03990,0.42530,0.63669,0.76306,0.01876,0.03914,0.36316,0.00083,0.03263,0.01527,0.03899,0.06223,0.44431,0.02442,0.05932,0.05646,0.01910,0.06637,0.38610,0.02243,0.02830,0.32146,0.04369,0.03070,0.06549
0.46854,0.52769,0.59410,0.56071,0.03692,0.02913,0.46428,0.02041,0.49377,0.47914,0.62965,0.01837,-0.02060,0.47560,0.02267,-0.01062,0.04061,0.00800,0.02911,0.38362,0.05611,0.03907,0.06038,0.03212,0.01797,0.30092,0.00859,0.05975,0.60611,0.02055,0.02963,0.02415
0.27928,0.62938,0.50329,0.26474,0.02788,0.01046,0.55185,0.03128,0.62669,0.47540,0.71302,0.02699,0.04506,0.62948,-0.00367,0.04630,0.05401,0.04332,0.03661,0.57511,0.02840,0.04631,0.03280,0.00455,0.03498,0.48663,0.01294,0.06336,0.56632,0.02436,-0.01050,0.02626
0.49393,0.45738,0.55726,0.44715,-0.01842,0.02376,0.56978,0.05243,0.69000,0.64239,0.70853,0.01175,0.04928,0.66551,-0.01292,0.00898,0.03895,0.07861,-0.01016,0.45935,0.05782,0.02652,0.02102,0.03548,0.02163,0.51014,0.03422,0.07191,0.56553,0.07079,0.00452,0.02694
0.29305,0.46210,0.48221,0.31125,0.03949,0.03971,0.26000,0.01908,0.71341,0.68922,0.43623,0.02152,0.05171,0.42458,0.04652,0.05364,0.04276,0.01374,0.05359,0.67563,0.04162,0.01285,0.02097,0.02002,0.02798,0.30754,0.04035,0.03820,0.51243,0.05121,-0.00043,0.02525
0.61794,0.29444,0.67983,0.57773,-0.00062,0.01106,0.44248,0.02751,0.39416,0.45481,0.45277,0.03667,0.02896,0.70040,0.05126,0.00102,0.00517,0.04125,0.00219,0.33368,-0.02450,0.01887,0.01720,0.05118,0.02923,0.63709,0.01612,0.03797,0.30763,0.02079,0.04602,0.01706
0.57218,0.48897,0.66527,0.31100,-0.01768,0.01499,0.61899,0.07486,0.49860,0.58758,0.67352,-0.01918,0.05889,0.28702,0.03696,0.06087,0.01176,0.04323,0.05917,0.56997,0.01900,0.03506,0.04578,0.02548,0.05401,0.44159,0.01121,0.04600,0.70396,0.05518,0.00009,0.04065
0.31430,0.69366,0.44339,0.27506,0.02772,0.00781,0.69652,0.07226,0.40291,0.71063,0.43754,0.03598,0.02335,0.55786,0.01179,-0.01360,0.05246,0.00443,0.03857,0.59829,0.01329,0.00789,0.04719,0.01597,0.03049,0.71149,0.01721,0.02198,0.66751,0.00202,0.02741,0.02179
0.72179,0.69321,0.73163,0.51549,0.02663,0.02790,0.58366,0.06017,0.60031,0.72089,0.36179,0.05390,0.04216,0.70066,0.02551,0.03948,0.04136,0.03159,0.01540,0.35959,0.06126,0.02714,0.06257,0.02705,0.04353,0.52793,0.03068,0.04783,0.38590,0.01703,0.03791,0.05628
0.47995,0.41382,0.42512,0.73912,0.04500,0.05415,0.38094,0.03849,0.29538,0.38616,0.37617,-0.01693,0.02037,0.34616,0.02131,0.02790,0.02521,0.02575,0.01747,0.53174,0.02526,0.05603,0.02844,-0.00582,0.04019,0.70396,0.04690,0.01539,0.40629,0.08029,0.04332,0.04510
0.63802,0.32117,0.46886,0.43625,0.06049,0.03772,0.54636,0.03121,0.63260,0.50657,0.27152,0.00422,-0.00701,0.41438,0.03330,0.01325,-0.00527,0.03960,0.04386,0.68802,0.03311,0.01733,0.03423,0.02201,0.01122,0.47129,0.02944,-0.00762,0.32035,0.06966,0.04988,0.02667
0.25051,0.54585,0.34363,0.54400,0.08126,0.06589,0.34475,0.03018,0.54526,0.59090,0.55508,0.04761,0.03727,0.67975,0.01351,0.02050,0.05393,0.05668,0.01047,0.56417,0.05274,0.06785,0.02411,0.08196,0.02488,0.55344,-0.00547,0.06684,0.70594,0.02928,0.05222,0.02732
0.42922,0.37223,0.59959,0.63079,0.04395,0.06013,0.71303,0.07776,0.62509,0.65355,0.56143,0.01098,0.01594,0.46426,0.03173,0.04464,0.04184,0.01121,0.05191,0.38400,0.03642,0.00727,0.06129,0.03925,0.03283,0.32900,0.02995,0.04969,0.55223,0.04175,0.04831,0.03372
0.44028,0.56521,0.40498,0.52131,0.08185,0.05816,0.40013,0.01574,0.32864,0.72335,0.75090,0.00196,0.02245,0.66123,0.01054,0.03202,0.02182,0.03781,0.05745,0.34108,0.02140,0.03671,0.02251,0.03810,-0.03965,0.69498,0.04454,0.01933,0.41410,0.00522,0.01774,0.02308
0.71010,0.34574,0.42822,0.34328,0.01471,-0.01113,0.36137,0.04134,0.68101,0.75312,0.74728,0.07322,0.03890,0.28086,0.04173,0.02206,0.03238,0.00035,0.00627,0.29807,0.04046,0.04160,0.00280,0.01971,0.03402,0.57999,0.04884,0.02408,0.56433,0.00059,-0.01766,0.04976
0.70622,0.67129,0.53286,0.51884,0.05012,0.02212,0.29312,0.02116,0.30006,0.30641,0.55358,0.04936,0.01508,0.56221,0.06539,0.01036,0.03648,0.03998,0.04050,0.52480,0.01080,0.01446,0.02663,0.07113,0.02325,0.69057,0.04994,0.04146,0.62092,0.03637,0.03118,0.02079
0.26035,0.67838,0.32525,0.44965,0.01038,0.04657,0.41654,0.06062,0.42479,0.38774,0.51532,0.00890,0.01477,0.42453,0.01649,0.00021,0.00889,0.01736,0.06501,0.48843,0.05713,0.05009,0.05795,0.01554,0.00276,0.44346,0.06512,0.04417,0.47095,0.05177,0.04556,0.01570
0.58159,0.65015,0.31130,0.25659,0.02763,0.03395,0.32002,0.01045,0.43543,0.67416,0.74373,0.02210,0.01553,0.30231,0.00019,0.06765,0.04922,0.03626,0.02232,0.55194,-0.00219,0.04703,0.00667,-0.00021,-0.01276,0.43166,0.00808,0.01203,0.52379,0.02592,-0.02460,0.00965
0.38238,0.47343,0.26031,0.67401,0.02520,0.05134,0.49562,0.02424,0.45793,0.72592,0.33343,0.00738,0.03595,0.64275,0.04030,0.03352,0.00455,0.03073,0.04215,0.59940,0.07135,0.04262,0.02541,0.02244,0.05315,0.75161,0.07433,0.05728,0.52533,0.03132,0.04645,0.01165
0.47819,0.79866,0.73784,0.34841,0.03465,0.02747,0.55092,0.04390,0.68188,0.44425,0.58199,0.02170,0.07385,0.54385,0.02168,0.03659,0.00853,0.02175,0.02118,0.37257,0.05514,0.04071,0.04343,0.03992,0.01428,0.28297,0.05774,0.07266,0.47596,0.00990,-0.00116,-0.00160
0.46005,0.47574,0.57321,0.50640,0.05684,0.02672,0.55730,0.05713,0.71220,0.59323,0.39918,0.04255,0.03634,0.43373,0.02157,0.03187,0.04345,0.07910,0.04294,0.72189,0.04259,0.01239,-0.01227,-0.01842,0.03749,0.69674,0.02293,0.00409,0.63163,0.04253,0.01193,0.04951
0.71732,0.38067,0.43528,0.55461,0.01916,0.02151,0.52158,0.00944,0.40815,0.28904,0.68851,0.02550,0.01519,0.69945,0.04455,0.01030,-0.01051,0.03287,0.04487,0.64371,0.04998,0.02824,0.02657,0.02673,-0.00703,0.70972,0.01813,0.04064,0.36625,0.05388,0.06626,0.02183
0.40454,0.33620,0.24962,0.65069,0.01545,0.03674,0.27279,0.04037,0.27481,0.46210,0.43663,0.02111,0.04159,0.62596,0.01836,0.02083,0.03446,0.01577,0.06655,0.58649,0.04046,0.03624,0.02246,0.00899,0.00902,0.65875,0.01369,0.02378,0.55024,0.02473,0.04852,0.00007
0.56496,0.62597,0.23876,0.44854,0.07608,0.03041,0.75145,0.04697,0.48997,0.39624,0.62488,0.03235,0.03887,0.62228,0.04198,0.00838,0.00571,-0.00228,0.06622,0.41047,0.00368,0.03835,0.02562,0.00458,0.00220,0.27582,0.02557,0.01826,0.28252,0.02043,0.03037,0.05930
0.31865,0.50522,0.41213,0.71582,-0.00151,0.02668,0.28825,0.02772,0.40018,0.25945,0.74864,0.06655,0.01050,0.69644,0.05202,0.03176,0.05725,0.01847,0.02218,0.61277,0.03197,0.04921,0.02494,0.00586,0.02577,0.55674,0.04347,0.00336,0.54293,0.02806,0.02302,0.00350
0.55432,0.62134,0.61007,0.29624,0.03007,0.01870,0.29052,0.00821,0.49633,0.54714,0.71393,0.03550,0.01370,0.35786,0.03153,0.03789,0.04369,0.02626,-0.00340,0.45059,0.04475,0.03067,0.02090,0.03273,0.02804,0.70269,-0.00206,0.02888,0.26183,-0.03331,0.03976,0.01911
0.68373,0.37537,0.49060,0.30823,0.01820,0.02764,0.43036,0.06827,0.47576,0.66553,0.66845,-0.00407,0.01114,0.71550,0.01266,0.03117,0.05755,0.05032,0.04954,0.69562,-0.00594,0.01450,0.00771,0.02929,0.05421,0.40388,-0.00786,0.05075,0.43778,0.00445,0.02074,0.01528
0.54464,0.38550,0.47309,0.58814,0.05581,0.01855,0.28820,0.01921,0.33053,0.47641,0.70519,0.01295,0.01269,0.46402,0.03168,0.04006,0.03486,0.03067,0.03691,0.30765,0.05445,-0.00668,-0.01595,0.04201,0.05248,0.67419,0.01808,0.02716,0.40652,0.03894,0.03180,0.03469
0.71751,0.74881,0.33714,0.45832,0.01403,0.04402,0.64373,0.01469,0.34131,0.53378,0.50416,0.03653,0.00703,0.28357,0.00095,0.01420,0.05281,-0.00249,0.05596,0.24912,0.02992,0.04490,0.00123,0.00330,0.02695,0.43322,-0.00612,0.02172,0.50165,0.02913,0.01667,0.06061
0.50514,0.29138,0.31594,0.56147,0.04600,0.06006,0.68094,0.02956,0.47004,0.40943,0.41985,0.01931,0.02612,0.69201,0.06718,0.00958,0.05485,0.05768,0.00835,0.46926,-0.01681,0.06085,0.04365,0.06618,0.00896,0.39238,0.01359,0.01922,0.52438,0.03689,0.05457,0.03413
0.40174,0.32174,0.66628,0.57434,0.01368,0.00447,0.35229,-0.00262,0.24710,0.31516,0.66994,0.00754,0.01767,0.40206,0.02532,0.03453,0.01143,0.04162,0.04647,0.62399,0.01056,0.00096,0.01649,-0.00124,0.00671,0.30795,0.01228,0.03278,0.50767,0.03228,0.05918,0.03406
0.52118,0.60600,0.31758,0.35443,0.04993,0.05093,0.56733,0.02836,0.55850,0.32934,0.63090,0.03320,0.03518,0.57128,0.03116,0.03420,0.02063,0.02679,0.01948,0.34545,0.01819,0.03954,0.00708,0.00245,0.03780,0.55750,0.03347,0.00913,0.39883,0.00430,0.05082,0.06052
0.44095,0.74685,0.67111,0.70993,0.02074,-0.02703,0.29935,-0.00388,0.64129,0.43608,0.70703,0.02363,0.04116,0.30037,0.04677,0.03129,0.07650,0.01879,0.01744,0.28468,0.03048,0.04530,-0.01618,0.03895,0.03601,0.27027,0.03325,0.04681,0.40232,0.02130,0.02130,0.05366
0.66122,0.76264,0.32726,0.32570,0.03198,0.04946,0.53285,0.05441,0.46765,0.64674,0.63549,0.06410,0.04720,0.64550,0.00044,0.04313,-0.01048,0.02301,0.00761,0.64313,0.04792,0.01912,0.03301,0.06954,0.04233,0.29329,-0.00245,0.00283,0.48484,-0.00227,0.02128,0.03911
0.67536,0.74507,0.68242,0.68380,0.04688,0.00844,0.64188,0.02102,0.72995,0.40636,0.68519,0.04184,0.02122,0.32827,-0.00211,0.03117,0.01742,0.01607,0.02232,0.43555,0.00026,0.04436,-0.00285,0.01609,0.01327,0.41978,0.02079,0.03112,0.56013,0.00882,-0.00041,0.05087
0.24089,0.26458,0.54079,0.28650,0.04239,-0.00813,0.67269,0.00839,0.72825,0.76514,0.48391,-0.01438,0.02745,0.65057,-0.01983,-0.00142,0.05271,0.05561,-0.01560,0.50274,0.04053,0.01137,0.01229,0.01564,0.02042,0.33439,0.04596,0.07873,0.59003,0.05656,0.00610,0.04664
0.56659,0.65201,0.45646,0.72576,0.04605,0.04422,0.67904,0.05581,0.25768,0.25333,0.42843,0.02854,0.04411,0.49327,0.01872,0.04842,0.01854,0.02385,0.03306,0.56482,0.05422,0.02746,0.01896,0.07515,-0.02157,0.54379,0.02542,0.04789,0.57703,0.03637,0.02296,0.01489
0.62055,0.32533,0.73113,0.40915,0.02492,0.01244,0.46295,0.05559,0.55159,0.64603,0.44558,0.01570,0.02777,0.69310,0.04949,-0.02338,0.03074,0.03058,0.00724,0.59543,0.03439,0.00289,-0.01087,0.00467,0.03688,0.28115,0.00892,0.06786,0.27222,0.02588,-0.02377,0.03272
0.39004,0.64689,0.31170,0.32923,-0.01050,0.02788,0.48053,0.02913,0.62602,0.62445,0.67238,0.04428,0.03349,0.40525,0.04934,0.02236,0.02542,0.00126,0.01609,0.34111,0.00797,0.01743,0.02942,0.03304,0.04544,0.26110,0.06482,0.02024,0.36858,0.06299,0.03251,0.03849
0.50554,0.33993,0.62614,0.69852,0.09214,0.07007,0.62581,0.04722,0.65886,0.47473,0.61041,0.04283,-0.00254,0.63800,0.06585,-0.00202,0.00910,0.02368,0.03398,0.40824,0.03249,0.01342,0.03892,0.04989,0.05611,0.31322,0.02486,0.04076,0.74916,0.01905,0.04503,0.05007
0.43937,0.58145,0.30089,0.53323,-0.01646,0.05886,0.32087,0.02152,0.68059,0.70434,0.38291,0.07102,0.03489,0.30917,0.04937,0.05442,0.04987,0.06231,0.01906,0.74660,0.04206,0.06558,0.05706,-0.02710,0.05398,0.68509,0.04823,0.03394,0.37843,0.01638,0.03150,0.01080
0.68390,0.49573,0.49264,0.73640,0.02193,0.00596,0.33728,0.03016,0.44901,0.48631,0.38714,0.00505,0.03578,0.50695,0.03037,0.06715,0.05175,0.03293,0.06114,0.49680,0.03718,0.01325,0.03959,0.00584,0.03888,0.32494,0.04353,-0.00690,0.33298,-0.00924,0.04344,0.03453
0.38439,0.42775,0.41535,0.54350,-0.02819,0.02322,0.70530,0.06658,0.59397,0.41433,0.55041,0.01877,0.06330,0.31909,0.04881,0.04604,0.03435,0.04333,0.05972,0.35374,0.08900,0.02310,0.02865,0.03426,0.03795,0.56620,0.00182,0.03612,0.31907,0.06971,0.03963,-0.01346
0.50356,0.65073,0.65798,0.46960,0.05106,0.05099,0.31742,-0.00266,0.38230,0.67472,0.69018,0.03670,0.00835,0.23824,0.01651,-0.00547,0.04890,0.07221,0.01191,0.60813,0.01831,0.03761,0.02975,0.05015,0.00226,0.30750,0.01051,0.03053,0.46935,0.04240,0.04179,0.03965
0.73835,0.33323,0.32567,0.25196,0.02915,0.03887,0.70249,0.04186,0.33033,0.39356,0.62971,0.03206,0.01088,0.66155,0.08306,0.01712,0.02953,0.06215,0.01471,0.52055,0.00258,0.02089,0.02374,0.03490,0.02720,0.54807,0.02286,-0.02137,0.51841,0.05260,0.07464,0.04212
0.75082,0.25092,0.66145,0.54808,0.01314,0.01360,0.44618,0.01286,0.50182,0.41758,0.43051,-0.00490,0.02281,0.50164,0.04704,-0.01831,0.00947,0.02220,0.03861,0.72105,0.02515,0.01359,0.01216,0.02511,0.04647,0.73040,0.04315,0.04613,0.47178,0.04068,0.07694,0.01924
0.45142,0.42759,0.51781,0.75149,0.05431,-0.00382,0.28195,0.04229,0.64722,0.61532,0.61588,0.01606,-0.00956,0.44320,0.02197,0.00522,0.03711,0.06217,0.05627,0.56064,0.03274,0.05106,0.03954,0.00355,-0.01925,0.66006,0.02446,0.04624,0.28107,0.05988,0.03792,0.01462
0.32635,0.59623,0.41904,0.57031,-0.01235,0.03329,0.32433,0.05626,0.35591,0.28229,0.60886,0.03936,0.02735,0.27045,0.05320,0.03976,0.05792,0.01760,0.00155,0.53516,0.04012,0.05079,0.03445,0.01310,-0.00880,0.34818,0.03206,0.04611,0.61783,0.03854,-0.00454,0.04654
0.65196,0.52754,0.39627,0.24394,0.01565,-0.00269,0.41331,0.01984,0.30048,0.31965,0.62577,0.01718,0.00320,0.42944,-0.04089,0.00575,0.00653,0.04074,0.04313,0.61356,0.03885,0.04246,0.01198,0.04476,0.02862,0.34163,0.05041,-0.01739,0.27480,0.02466,-0.00846,0.03286
0.76904,0.52242,0.65491,0.33826,0.02388,0.00507,0.53456,0.03009,0.42161,0.24617,0.55262,0.00428,0.01404,0.53303,0.01387,0.06489,0.05690,0.04252,0.05745,0.57663,0.04287,0.03436,-0.00110,0.04821,0.04678,0.44651,0.03405,0.02166,0.59037,-0.00217,0.05274,0.01573
0.51119,0.65584,0.34346,0.57823,0.03404,0.03093,0.50653,0.01573,0.74324,0.25505,0.38557,0.02120,0.06762,0.61921,0.00155,-0.01217,0.05231,0.02862,0.01728,0.49540,0.01352,-0.00488,0.04225,0.08717,0.01953,0.57134,0.03560,0.02645,0.76120,0.04386,-0.00817,0.01738
0.35402,0.31004,0.69886,0.52189,0.06199,0.01533,0.50604,0.00336,0.61115,0.34184,0.74425,0.00360,0.03908,0.58725,-0.00028,0.03031,0.03040,0.03245,0.00924,0.66412,0.00749,0.03329,0.01389,0.00849,0.04433,0.60255,0.03230,0.06630,0.50205,0.03254,0.03979,0.02091
0.65594,0.37156,0.43457,0.29300,0.03090,0.04033,0.54478,-0.00994,0.43180,0.38609,0.27981,0.01151,-0.00004,0.30866,0.05832,0.01745,0.02522,0.03057,0.02524,0.74904,0.02337,0.02962,0.01221,0.05653,0.03410,0.38838,-0.00133,0.03960,0.44569,0.03558,0.03167,0.03303
0.68906,0.40153,0.70751,0.29779,0.01158,0.00780,0.30089,0.03068,0.43746,0.67426,0.72188,0.05860,0.00085,0.32986,-0.00569,0.02308,0.02702,0.03816,0.06324,0.43519,0.00324,0.06970,-0.00060,0.03888,-0.00708,0.25634,0.01571,0.04478,0.74558,0.05698,0.02469,0.01998
0.62225,0.62749,0.32974,0.40168,0.00622,-0.03156,0.42533,0.02174,0.59538,0.43809,0.28089,0.06803,0.04036,0.46711,0.01361,0.05057,0.08447,-0.02893,-0.00213,0.52906,0.02437,0.01005,0.03178,-0.01146,0.08541,0.24092,0.01739,-0.00587,0.33406,0.06510,0.04895,0.05230
0.67678,0.25283,0.24664,0.59339,0.03422,0.01666,0.71455,-0.01558,0.37970,0.62899,0.39317,0.04784,0.05453,0.53405,0.05745,0.02432,0.03735,0.01954,0.04410,0.68997,0.01434,0.03426,0.03889,0.03503,0.01328,0.44885,0.00680,-0.00552,0.62080,0.04622,0.06256,0.01338
0.52025,0.31484,0.55904,0.48407,0.02018,0.01818,0.31473,0.02929,0.73348,0.62048,0.30715,0.02106,0.04300,0.42332,0.02581,0.02978,0.04877,0.02386,0.00340,0.72829,0.04950,0.00895,0.04164,0.04238,0.06124,0.69571,0.03783,0.03886,0.58393,-0.00167,0.01801,-0.01433
0.46565,0.36293,0.38749,0.30231,0.04219,0.04574,0.59968,0.03215,0.58662,0.70526,0.44532,0.02635,0.02988,0.36307,0.04885,0.01916,-0.00674,0.04984,0.02904,0.62556,0.04812,0.02667,-0.03085,0.01546,0.03662,0.71879,0.01795,0.01452,0.42210,-0.00846,0.04165,0.03895
0.51613,0.52946,0.51309,0.23750,0.01364,0.04243,0.62390,0.02256,0.61001,0.42971,0.71298,0.05553,0.02098,0.49564,0.02210,0.05573,0.00756,0.04507,0.02962,0.73446,0.04506,0.03884,0.08814,0.04806,-0.01021,0.57783,0.01736,0.07330,0.29151,0.01827,-0.00053,-0.01091
0.53553,0.50677,0.39047,0.44028,0.03595,0.01377,0.44605,0.00320,0.73152,0.43299,0.43593,0.00408,0.01439,0.45783,0.02180,0.05645,0.04585,0.03184,0.06492,0.44683,-0.00890,0.04083,0.03354,-0.00122,0.06393,0.29041,0.06273,-0.01361,0.64415,0.03118,0.01814,0.01129
0.44242,0.51182,0.38323,0.61480,0.02293,0.04651,0.37717,0.05423,0.61494,0.70503,0.44579,0.03202,0.01153,0.70722,0.03809,0.01095,0.04173,0.02670,-0.02657,0.72831,0.06592,0.00886,0.00091,0.00977,0.01694,0.28006,-0.00770,0.07647,0.66276,0.06513,0.02882,0.03644
0.50033,0.36519,0.58048,0.59877,0.05864,0.02687,0.52206,0.05003,0.73794,0.66279,0.50992,0.08469,0.02792,0.48528,-0.00680,0.00642,0.01801,0.05519,0.06336,0.32132,0.04683,0.04308,0.00510,0.04963,0.04614,0.25717,0.03745,0.02746,0.37177,0.07437,0.01236,-0.00071
0.60938,0.47081,0.37283,0.52046,0.02795,0.02379,0.51750,0.02508,0.43070,0.50690,0.70961,0.04848,0.04179,0.29110,0.03231,0.03418,0.02374,0.05153,0.07075,0.74231,0.00540,0.05760,0.06051,0.01590,-0.00558,0.69283,0.02968,0.07011,0.43791,0.05110,0.05470,0.03814
0.44443,0.31040,0.67024,0.23849,0.05247,0.02637,0.35968,0.02587,0.47092,0.37074,0.61028,0.02977,0.03954,0.49253,0.02307,0.04157,0.00426,-0.00127,0.02933,0.64278,0.01273,0.02548,0.02271,0.04751,-0.00490,0.32681,0.01650,0.05758,0.32895,-0.00257,0.02944,0.00229
0.68437,0.63710,0.48892,0.63511,0.05041,0.04516,0.67105,0.06356,0.67037,0.53194,0.50196,0.02676,0.01778,0.57852,0.03493,0.06267,-0.00399,-0.00029,0.02990,0.59481,0.01192,0.05928,0.03732,0.02541,0.04053,0.50946,0.03806,0.02994,0.29847,0.00934,0.04227,0.06582
0.31288,0.73723,0.35070,0.69248,0.06494,0.03143,0.69405,0.01532,0.63550,0.48840,0.47171,0.03996,0.00240,0.61637,0.03824,0.02412,0.02432,0.04490,0.03414,0.57459,0.02898,0.07347,0.01854,0.02415,0.03261,0.22931,0.03275,-0.01454,0.38081,0.04304,0.01860,0.02442
0.70418,0.71723,0.31305,0.70333,0.03129,0.02177,0.53542,0.03499,0.71693,0.47969,0.31253,0.02524,0.03935,0.43226,0.04050,0.05271,0.01177,0.03247,0.04555,0.63598,0.00931,-0.01270,0.03567,0.00260,0.04211,0.30516,0.05772,0.05821,0.33173,0.05728,0.04882,-0.03081
0.63656,0.51156,0.24443,0.63669,0.03887,0.05203,0.66657,0.02523,0.73605,0.30400,0.31117,0.04297,0.01979,0.71654,0.02653,0.04499,0.03722,0.01141,0.04150,0.48767,0.00810,0.02782,0.02629,0.04706,0.03350,0.56697,0.03013,0.01634,0.43754,0.02764,0.06875,0.00856
0.44391,0.67945,0.49153,0.36866,0.03808,0.02442,0.44494,0.02730,0.48597,0.65350,0.52795,0.05407,0.01845,0.38608,-0.01749,0.00780,0.08115,0.02123,0.05158,0.70243,0.03493,0.03087,-0.00365,0.00054,0.02488,0.29492,0.03168,0.04819,0.41344,0.01916,0.05099,0.02443
0.52858,0.34255,0.54127,0.60552,0.02801,-0.02582,0.71252,-0.00116,0.32974,0.26025,0.25102,0.03833,0.03157,0.54570,0.00280,0.04256,0.02324,0.03419,0.00424,0.49125,0.04651,0.05518,0.03384,0.05406,0.05235,0.47344,0.05996,0.03671,0.50713,0.05906,0.01224,0.01480
0.57800,0.33363,0.34438,0.39779,0.04078,0.04001,0.25941,0.06525,0.39771,0.35798,0.46270,0.02529,0.02444,0.36515,0.03242,0.01649,0.04352,0.04534,0.00494,0.56732,0.00830,0.07434,-0.00511,0.03037,0.07001,0.28158,0.05440,0.06105,0.64588,0.04326,0.03499,0.03503
0.69653,0.46175,0.39902,0.38375,0.04331,0.01881,0.62740,0.00772,0.58442,0.31378,0.58469,0.02192,0.00200,0.54218,0.03983,0.06368,0.02560,0.02193,0.03329,0.46275,-0.00552,0.04649,0.07067,0.01888,0.00093,0.67221,0.03625,0.02329,0.32887,0.04220,0.02123,-0.00435
0.45555,0.38376,0.49346,0.43452,-0.02398,0.02999,0.56250,0.04302,0.56091,0.71791,0.55628,0.05840,0.03099,0.62035,0.01535,0.02792,0.00657,0.05283,0.03024,0.43938,0.03071,0.01671,0.04412,0.02113,-0.01883,0.49944,0.01762,0.06123,0.41956,0.01685,0.03095,0.04690
0.35533,0.72080,0.46087,0.23298,0.02781,0.03126,0.69192,-0.00735,0.28571,0.30725,0.23364,0.00969,0.02342,0.39462,0.00676,0.06344,0.03504,0.04640,0.01501,0.62069,0.05101,0.03962,0.01781,0.00521,0.05737,0.28503,0.02345,0.03519,0.39173,0.01239,0.06260,0.04035
0.40998,0.55921,0.38754,0.31836,0.00748,0.03348,0.33449,0.03250,0.44793,0.25909,0.48022,0.02754,0.05043,0.40287,0.03587,0.04565,0.03760,0.04022,-0.00260,0.42458,0.04423,0.03676,0.01975,0.02360,0.04868,0.62040,0.02691,0.01980,0.72579,0.05980,0.00292,0.02688
0.41229,0.74500,0.33134,0.36856,0.05394,0.01099,0.68295,0.01575,0.45127,0.70622,0.32164,0.00183,-0.01019,0.52893,0.00647,0.04143,0.02887,0.02780,0.04088,0.38695,0.03873,0.01519,-0.02875,0.04161,0.07535,0.47158,0.03504,0.04699,0.48280,0.04180,0.03783,0.07804
0.55827,0.62394,0.42216,0.72232,0.03857,0.04797,0.53248,0.01706,0.37790,0.62194,0.73073,0.03221,0.04940,0.61723,0.03658,0.06962,0.01907,0.02826,0.04378,0.44835,0.05112,0.04454,0.00228,0.03804,0.05355,0.35948,-0.00537,0.00908,0.39872,0.02406,0.05720,-0.02840
0.69743,0.38290,0.50558,0.44914,0.01981,0.01099,0.58593,0.02813,0.27402,0.61210,0.49891,0.04864,0.04050,0.71909,-0.00336,0.02421,0.02459,0.00732,0.02250,0.41680,-0.00037,0.04825,0.04132,0.03871,0.00487,0.68104,0.04460,0.01949,0.44321,0.01093,0.00611,0.04233
0.35152,0.60727,0.67649,0.54689,0.02891,0.04009,0.32618,0.04259,0.52532,0.51859,0.58733,0.05714,0.00026,0.32686,0.05003,0.04978,0.02368,0.01543,-0.01854,0.59398,0.05295,0.05204,0.00699,0.00752,0.01776,0.73558,0.02748,0.00522,0.32198,-0.01628,-0.01245,0.00436
0.33625,0.61668,0.53767,0.48340,0.01985,0.02204,0.44226,0.02722,0.54324,0.36112,0.41210,-0.00189,0.01408,0.59798,0.01512,0.01288,0.03899,0.03686,0.03944,0.59156,0.01263,0.01827,0.00641,0.04808,0.02696,0.70423,0.04777,0.00585,0.64676,0.04099,0.00948,0.00947
0.24790,0.51408,0.71221,0.55542,0.03192,0.03623,0.66277,0.05916,0.67858,0.33486,0.71533,0.02778,-0.00120,0.43358,0.03700,0.01844,0.00994,0.02674,0.03379,0.68722,0.02652,0.06421,0.01990,-0.01121,0.00507,0.74234,0.02595,0.01302,0.48048,0.03345,0.06802,0.04467
0.72632,0.27262,0.25642,0.64961,0.06736,0.00445,0.59659,0.03357,0.42981,0.31309,0.48090,0.01985,-0.00324,0.56299,0.02050,-0.00322,0.06871,0.07126,0.02802,0.40266,0.06369,0.03795,-0.00538,0.06930,0.07018,0.64754,0.02573,0.05778,0.56068,0.03557,0.06654,0.05586
0.60359,0.39068,0.25457,0.67110,0.04561,-0.00587,0.68075,0.04731,0.59615,0.45734,0.26826,-0.02073,0.02635,0.49115,0.06102,0.03002,0.04465,0.02670,0.01681,0.60386,0.03521,0.02470,0.01567,0.00902,0.01998,0.37229,-0.00007,0.04344,0.29483,0.02757,0.01356,0.03591
0.23853,0.32993,0.24407,0.49681,0.01345,0.01457,0.62053,0.00701,0.61588,0.74353,0.74733,0.05899,0.03627,0.34246,-0.00900,0.04594,0.02242,0.06038,0.02017,0.43612,0.02536,0.03688,-0.00348,0.02413,0.04692,0.34133,0.02617,0.07616,0.67623,0.05130,-0.03007,0.00964
0.31879,0.70610,0.24798,0.64334,0.02707,0.01204,0.26773,0.06010,0.33966,0.59854,0.67338,0.05629,0.05083,0.59591,0.00560,0.00464,0.02872,0.02157,0.03544,0.27164,0.03410,0.03096,0.03470,0.01776,0.07013,0.63790,0.03213,0.03224,0.30212,0.02427,-0.02489,0.03835
0.33545,0.57019,0.40182,0.48189,-0.00255,0.05360,0.29887,0.00650,0.48943,0.37355,0.24805,0.04513,-0.00100,0.64980,0.05214,0.06468,0.02556,-0.00576,0.04390,0.35454,0.02519,0.03395,-0.01984,0.06727,0.01568,0.45723,0.02520,0.01501,0.62057,-0.00071,0.05570,0.06094
0.42732,0.22252,0.29782,0.73519,0.02197,0.03204,0.40700,0.04710,0.76690,0.50033,0.44303,0.01959,0.02230,0.68822,-0.02120,0.01896,0.03988,0.02225,0.02486,0.56046,-0.01456,0.03530,0.03895,0.05092,0.02174,0.54087,0.01526,0.03339,0.54913,0.01889,0.04155,0.03616
0.59249,0.44836,0.47204,0.56380,0.05342,0.02488,0.27107,0.01156,0.69469,0.26248,0.41423,0.02606,0.05031,0.41855,0.05731,0.03486,0.05126,0.02294,0.02457,0.62320,0.04933,0.03350,0.02247,0.02777,0.02884,0.71985,-0.00363,0.05655,0.56290,0.01020,0.00577,0.03407
0.69654,0.26566,0.45883,0.68181,0.00531,0.05267,0.61208,0.03867,0.29821,0.28357,0.59770,0.04080,0.00035,0.58037,0.06131,0.01674,0.05182,0.00750,0.03222,0.67673,0.00969,0.02759,-0.00749,0.00778,0.03644,0.50083,0.04754,0.01469,0.37945,0.03521,0.03724,0.02768
0.63686,0.68355,0.29620,0.34718,0.01049,0.08170,0.65645,-0.01031,0.42316,0.37766,0.43396,0.04524,0.04395,0.36558,0.01910,0.02769,0.04246,0.05029,-0.01443,0.34500,0.05433,0.00366,0.00791,0.06014,0.05497,0.39186,0.04348,0.03586,0.38534,0.04015,0.00919,0.03865
0.58716,0.56604,0.73026,0.65330,0.01395,0.03650,0.39862,0.02499,0.35215,0.38534,0.28637,0.02671,-0.00135,0.24769,0.02883,0.03274,0.01814,0.02407,0.01028,0.27908,0.03602,0.06196,0.05455,0.02996,0.07376,0.31276,0.01371,0.05516,0.43331,0.02555,0.05465,0.03650
0.70600,0.56413,0.73616,0.29835,0.02405,0.03264,0.43320,0.02765,0.56452,0.32619,0.33508,0.02157,0.02310,0.52289,0.01771,0.02048,0.03543,0.03851,0.06491,0.61003,0.04087,-0.00036,0.00799,0.04573,0.04363,0.48001,0.03480,0.01634,0.51322,0.01704,0.04240,0.00070
0.54356,0.34766,0.47832,0.30485,0.03324,0.02362,0.33556,0.03238,0.42240,0.54880,0.56931,-0.00423,0.05424,0.55584,-0.02359,0.03008,0.03117,0.02252,0.01409,0.40282,0.05611,0.02589,-0.00955,0.01178,0.01343,0.48900,0.05912,0.01918,0.73559,0.05556,0.02026,0.02122
0.60158,0.73782,0.66232,0.58637,0.05362,0.07015,0.53204,0.05536,0.31925,0.31083,0.45928,0.01761,-0.00965,0.71558,0.01977,0.04115,0.04304,0.00007,-0.00890,0.23167,0.01650,0.04264,0.06449,0.03117,0.04100,0.32356,-0.01060,0.01691,0.40233,0.04505,0.01168,-0.00463
0.44842,0.53680,0.74628,0.42201,0.03217,0.07945,0.61994,0.03455,0.58770,0.66360,0.30169,0.01715,0.04264,0.25224,0.03615,-0.00301,0.03447,0.00796,0.01487,0.33940,0.06031,0.02683,0.00560,0.03450,0.01916,0.35481,0.03359,0.05136,0.30755,0.08334,0.02104,0.05457
0.72839,0.30291,0.58715,0.33801,0.02405,-0.01641,0.44848,0.01788,0.52219,0.26690,0.38977,-0.00996,0.02353,0.43875,0.01872,0.04831,0.01656,0.01296,0.05097,0.72992,0.05083,0.02420,0.00089,0.06832,0.04790,0.47856,-0.03059,0.04482,0.34258,0.04245,0.00872,0.07543
0.52224,0.32823,0.69224,0.60989,0.04950,0.02058,0.56788,0.05489,0.47336,0.46014,0.46687,0.02419,0.06628,0.57568,0.01334,0.02696,0.03511,0.06036,0.04411,0.23315,0.03793,-0.03199,0.03030,0.01145,0.03627,0.55181,0.01499,0.05832,0.45897,0.03048,0.04278,0.02675
0.58715,0.53902,0.22819,0.33171,0.02430,0.03510,0.61281,0.03278,0.29852,0.64776,0.26836,0.03494,0.03087,0.35018,0.01761,0.05303,0.03656,0.04159,0.04587,0.73960,-0.03746,0.03717,0.04812,0.00223,0.02714,0.76171,0.05654,0.04579,0.64330,0.04112,0.07305,0.05574
0.34663,0.47424,0.55722,0.48561,0.03238,-0.00441,0.54899,0.05050,0.45670,0.44595,0.27688,-0.01076,0.02833,0.30400,0.02021,0.01604,0.04677,0.00391,0.01072,0.62918,0.02543,0.04040,0.02609,0.02401,0.03340,0.66212,0.03331,0.02751,0.50999,0.01597,0.05076,0.00935
0.28027,0.24991,0.53041,0.60982,0.06383,0.05083,0.53320,0.04933,0.52163,0.38553,0.34206,0.03217,0.00357,0.24456,0.02815,0.06210,0.03941,0.05554,0.04193,0.64728,0.05662,0.04784,0.04979,0.00029,0.01807,0.52756,0.04186,0.02074,0.33871,0.05499,-0.00824,0.05662
0.51368,0.51256,0.31282,0.39483,0.03029,0.04366,0.28105,0.01510,0.40973,0.51957,0.37232,-0.01191,0.00727,0.25887,0.02850,0.03634,0.02259,0.04749,0.00388,0.50795,0.01827,-0.00297,-0.01029,0.03928,0.01309,0.46750,0.04704,0.03008,0.51206,0.02981,0.04794,-0.00572
0.30044,0.65254,0.71858,0.36168,0.04764,0.03199,0.30328,0.04892,0.31764,0.70012,0.31510,0.02364,0.03812,0.50011,0.06491,0.01967,0.04769,0.02855,0.02525,0.43030,0.00761,0.04673,0.03445,0.00291,0.01194,0.48915,0.02045,0.01667,0.53701,0.03471,0.06968,0.02389
0.61397,0.54359,0.71281,0.25290,0.03009,0.01253,0.54215,-0.00498,0.53535,0.26961,0.30535,0.05397,0.03979,0.60743,0.04468,0.01251,0.03980,0.01470,0.03647,0.36621,0.05967,0.01470,0.01120,0.03894,0.00173,0.38310,0.04526,0.03636,0.28365,0.04689,0.01880,0.00458
0.56007,0.34256,0.34142,0.47120,0.04150,0.04143,0.48453,0.02834,0.59301,0.52216,0.30353,0.02829,-0.03292,0.44707,0.04562,0.04278,0.02266,0.05725,0.03924,0.32651,0.05415,0.03362,0.04368,0.00553,0.04412,0.24622,0.01768,0.01264,0.38520,0.03575,0.03084,0.02857
0.69919,0.64179,0.33365,0.54171,0.07845,0.03715,0.39804,0.01637,0.26914,0.73232,0.52452,0.00531,0.00689,0.40149,0.00350,0.02376,0.01827,0.00285,0.05145,0.64678,-0.02199,0.00716,0.06924,0.03077,0.04714,0.54694,0.05290,0.01938,0.56587,0.08443,0.01374,0.03183
0.42098,0.54158,0.28475,0.35814,0.03566,-0.03556,0.38856,0.03917,0.50231,0.53299,0.23897,0.02691,0.04807,0.33823,0.05202,0.02108,0.02497,0.06962,0.01419,0.60459,0.05134,0.03457,0.02214,0.01512,0.05029,0.71598,0.00583,0.09784,0.29537,0.00225,0.01109,-0.00255
0.72376,0.70640,0.41583,0.72692,0.03568,0.03299,0.46111,0.00424,0.30243,0.36582,0.39974,0.04408,0.01152,0.53052,0.04279,0.02257,0.03650,0.04068,0.00417,0.50235,0.03220,0.04285,0.01420,0.01324,0.00687,0.50523,0.01259,0.02513,0.46432,-0.00062,0.02095,0.04016
0.57337,0.33186,0.49950,0.68656,0.01606,0.04553,0.69582,0.02643,0.36362,0.59174,0.51187,0.02237,0.04071,0.76061,0.04433,0.03186,0.06598,0.00749,0.06198,0.42387,0.03899,0.05511,0.04958,0.07167,0.02865,0.36770,0.02647,-0.01207,0.42472,0.00626,0.07705,0.02224
0.67670,0.71666,0.67754,0.42760,0.03521,0.03379,0.53466,0.03393,0.36616,0.70017,0.56026,-0.01416,0.02746,0.60270,0.01755,-0.00308,0.00993,0.03968,0.03589,0.60976,0.01871,-0.00378,0.00622,0.05441,0.04237,0.57640,0.05132,-0.01295,0.28710,0.00653,0.00655,0.05899
0.35932,0.37187,0.65962,0.24781,0.04008,0.06154,0.35163,0.01848,0.68939,0.39299,0.56422,0.01308,0.01822,0.74048,0.03908,0.06456,0.02553,0.03601,0.03211,0.28153,0.08986,0.02539,0.04503,0.03950,0.02601,0.59820,0.03092,0.06267,0.26909,0.01415,0.04941,0.04994
0.32959,0.47790,0.38423,0.47718,0.04952,0.02998,0.34400,0.01380,0.27421,0.50453,0.55354,0.03942,0.04056,0.43388,0.01183,0.03877,-0.00086,0.02838,0.02638,0.52671,0.04588,0.00248,0.04918,0.02440,0.04085,0.75980,0.07311,-0.00792,0.74848,0.04095,0.04965,0.00276
0.45692,0.69215,0.63724,0.57354,0.01670,0.04271,0.27518,0.05917,0.35990,0.69719,0.64480,0.01979,-0.02080,0.64197,0.04343,0.02789,0.00607,-0.00489,0.02118,0.29757,0.02196,0.02448,0.01661,0.00972,0.07219,0.50297,0.04756,0.00567,0.26505,0.05863,0.03001,0.04860
0.62137,0.29719,0.37674,0.58369,-0.00175,0.01660,0.56970,0.05363,0.44772,0.77878,0.62189,0.04933,0.01899,0.44317,0.03290,0.02730,0.02565,0.04543,0.05567,0.64864,-0.01644,0.04724,0.03283,0.01086,-0.00175,0.03519,0.00860,0.00027,0.72632,0.05635,0.05265,0.04310
0.76571,0.59744,0.41379,0.69917,0.00979,0.05621,0.60948,0.00642,0.25707,0.51525,0.36604,0.00745,0.02838,0.37283,0.06457,0.04477,0.05865,0.04002,0.00032,0.48832,0.02647,0.03984,0.06568,0.02529,-0.00414,0.03691,0.02897,0.04408,0.55891,0.03055,0.05606,0.04115
0.46712,0.27762,0.31039,0.70293,0.02490,0.01164,0.29784,0.01220,0.66780,0.51108,0.57194,0.05675,0.02615,0.55680,0.05632,0.01856,0.06222,0.04022,0.01447,0.48662,0.04044,0.04493,0.01368,0.00676,0.03420,0.02102,0.03260,0.01107,0.55716,0.04824,0.05629,0.01431
0.38068,0.37004,0.45833,0.23264,-0.00901,0.05245,0.34214,0.03768,0.71325,0.30793,0.48009,0.02204,0.03678,0.64256,0.01531,0.04190,0.07563,0.04526,0.06928,0.41086,0.04021,0.02482,0.03898,0.01260,0.01329,0.07587,0.05067,0.03627,0.67393,0.06787,0.03978,0.03311
0.64516,0.51435,0.53023,0.46384,0.02899,0.05169,0.59065,0.03880,0.31930,0.63399,0.38703,0.05413,0.04238,0.38295,0.03549,0.07169,0.01820,0.00650,0.02376,0.72236,-0.00121,0.04014,0.00207,0.03487,0.05846,0.05865,0.05142,0.05757,0.48434,0.00823,0.05080,0.03117
0.42092,0.33643,0.25276,0.61727,0.06462,0.03528,0.58572,0.06065,0.54195,0.35361,0.71363,0.03097,0.05419,0.29867,0.04500,-0.00526,-0.00631,0.04843,0.05643,0.30491,0.06572,0.04932,0.02602,0.02071,0.05024,0.06845,0.01409,0.03003,0.29294,0.05501,0.03368,-0.02015
0.63534,0.59562,0.66488,0.72960,0.07082,0.02687,0.59960,0.00996,0.50276,0.73534,0.63087,0.03700,0.04413,0.71708,0.06575,0.03199,-0.00966,0.05597,0.03490,0.59336,0.04521,0.01689,0.02322,0.05599,0.02880,0.03535,0.01338,0.01610,0.36646,0.01853,0.05586,0.03194
0.58967,0.29926,0.44465,0.63232,0.02361,0.01304,0.51654,0.03555,0.61704,0.37663,0.47785,0.02719,0.02167,0.47935,0.03282,0.03608,0.03389,0.03590,0.01197,0.24893,0.00576,0.00890,0.04927,0.00065,0.00458,0.06170,0.03774,0.03898,0.43696,0.02932,0.04224,0.08773
0.54322,0.60202,0.41283,0.37168,0.01896,0.04024,0.51620,0.07084,0.67366,0.28476,0.46844,-0.00640,0.04617,0.42057,0.05575,0.04972,0.03596,0.02957,0.04842,0.68697,0.04785,0.06104,0.03640,0.05375,0.04907,-0.01686,0.01996,0.06028,0.62141,0.01600,0.03001,0.04147
0.54967,0.44269,0.43101,0.45994,0.00539,0.02953,0.57723,0.04373,0.44687,0.31910,0.46917,0.01805,0.01564,0.31127,-0.01242,0.01737,0.04570,0.02353,0.00726,0.71581,0.05522,0.03866,0.04006,0.02570,0.00589,0.04901,0.01850,0.02894,0.37156,0.07221,0.00014,0.02512
0.42968,0.63817,0.29120,0.30290,0.02657,0.07272,0.60586,0.01204,0.58629,0.41417,0.45028,0.05107,0.01053,0.57270,-0.00060,0.02624,0.00371,-0.01855,0.05026,0.45955,0.07986,0.04550,0.01601,0.03062,0.03780,0.02511,0.05061,0.03917,0.37201,0.07184,0.03080,0.03691
0.52754,0.61979,0.42930,0.57931,0.02022,0.05147,0.57812,0.01613,0.69239,0.59244,0.74246,0.06757,0.01211,0.32404,0.08662,0.01787,0.01231,0.03341,0.04751,0.53037,0.00274,0.06178,0.06455,0.00715,0.02809,0.05140,0.03275,0.04346,0.41951,0.01217,0.07111,0.02517
0.37073,0.30962,0.68255,0.39254,0.00337,0.02562,0.41560,0.01526,0.67667,0.25891,0.30703,0.02650,0.03869,0.44038,0.02131,0.04447,0.05878,0.04412,0.05371,0.69972,0.05191,0.05878,0.01742,0.01888,0.01763,-0.00311,0.02786,0.04303,0.35471,0.01801,0.03348,-0.00605
0.59472,0.33710,0.58214,0.35735,0.03146,0.05006,0.42865,0.02765,0.58740,0.73107,0.39242,0.06704,0.04255,0.73864,0.06380,0.03342,0.00903,0.04028,0.03833,0.56325,0.03604,0.03375,0.03881,0.06097,0.01611,0.05065,0.02780,-0.00224,0.69400,0.04760,0.00173,0.02636
0.70917,0.50947,0.42515,0.60478,0.03463,0.05368,0.54288,0.03748,0.30948,0.49538,0.26332,0.00210,0.03893,0.45741,0.01021,0.09304,0.00892,0.05048,0.04041,0.42255,-0.01889,0.03591,0.04759,0.03166,0.01030,0.06475,0.05083,0.05794,0.47662,0.01621,0.00155,0.02258
0.73091,0.41448,0.67966,0.56812,0.02302,0.06288,0.41783,0.02376,0.41027,0.51754,0.27371,0.04963,0.06832,0.67067,0.02892,0.01778,0.01570,0.06129,-0.00584,0.70571,0.07023,0.04731,0.02718,0.02969,0.01487,0.00413,0.03870,0.05077,0.46827,0.06869,0.00185,0.03312
0.61306,0.59794,0.33614,0.69938,0.01634,0.03325,0.41788,0.05917,0.28357,0.69686,0.38366,0.02758,0.02726,0.57715,0.05342,0.06505,0.06504,0.06630,0.03515,0.43280,-0.01759,0.03903,-0.00394,-0.00776,0.05333,0.02937,0.01784,-0.01553,0.57832,0.01974,0.06983,0.02336
0.26368,0.33619,0.54650,0.34051,0.02528,0.02436,0.47963,0.02225,0.62905,0.39988,0.39253,0.04173,0.01738,0.67328,-0.00034,0.05181,0.02301,0.01336,0.01967,0.49141,0.01178,0.05957,0.00334,0.03640,-0.01452,0.05343,0.06638,0.04411,0.38549,0.01712,0.02775,0.01704
0.48096,0.63232,0.34894,0.45653,0.02853,0.02768,0.25192,0.07149,0.31459,0.35376,0.31002,0.06862,0.01354,0.33672,0.01516,0.05936,0.05750,0.01102,0.00694,0.24708,0.02172,0.04449,0.04221,0.04165,0.05352,0.03469,0.01114,0.05888,0.48457,0.02186,0.03299,0.06257
0.28778,0.35558,0.52695,0.37065,0.06418,-0.01218,0.70468,0.02992,0.73829,0.70005,0.33752,0.02404,0.02950,0.30907,0.02584,0.02669,0.04380,0.01777,0.06397,0.44038,0.00665,0.03679,0.01728,0.06860,0.05002,0.04660,0.01136,0.04807,0.42606,0.00511,0.04679,0.03174
0.25494,0.41047,0.50447,0.52748,0.03692,0.03403,0.33055,0.05263,0.49094,0.30137,0.24397,0.00472,-0.00761,0.34914,0.07032,0.05634,0.02787,0.02511,0.05805,0.28916,0.03895,0.00784,0.03291,0.08460,0.02570,0.01375,0.03003,0.04338,0.32725,0.03953,0.03319,0.05543
0.50369,0.31571,0.72708,0.54430,0.05083,0.04127,0.52931,-0.00016,0.38435,0.26519,0.48901,0.04310,0.05757,0.64605,0.00403,0.01518,0.01658,0.03684,0.00183,0.34006,0.01745,0.01571,0.04059,0.00082,0.01703,0.02776,0.04645,0.00619,0.29628,0.04444,0.01732,0.07392
0.33166,0.61009,0.61659,0.26282,0.08541,0.02339,0.54620,0.05780,0.45938,0.46117,0.68490,0.04638,0.01573,0.69972,0.05534,0.01859,0.02933,0.03026,0.03366,0.60400,0.02471,0.03505,0.08048,0.04242,0.03925,0.02779,0.05693,0.00706,0.28478,0.00496,-0.01271,0.02861
0.70969,0.27701,0.72705,0.43707,0.05023,0.03248,0.29316,0.02290,0.32801,0.76417,0.29041,0.02438,0.02977,0.46815,0.06407,-0.01637,0.01949,0.06786,0.01298,0.63757,0.04818,0.03277,0.01948,0.05417,0.05948,0.02964,0.06564,0.03433,0.35741,0.02215,0.02244,0.04929
0.52401,0.58084,0.58129,0.44413,0.03364,0.04174,0.45366,0.02191,0.26869,0.70598,0.48572,0.05475,0.00761,0.23576,0.01157,0.00891,0.04733,-0.00101,0.00605,0.48741,0.02679,0.06668,0.03079,0.01177,0.00926,0.00173,0.04240,0.00131,0.49470,0.01516,0.02423,0.01965
0.50493,0.59705,0.33781,0.36104,0.04281,0.01858,0.70990,0.06019,0.37046,0.72211,0.66312,0.04432,-0.00793,0.44947,0.05064,0.05185,0.03586,0.01755,-0.01168,0.44769,0.01924,0.03748,0.02376,0.03213,0.04999,-0.01829,0.01026,0.03524,0.37015,0.05671,-0.00176,0.05862
0.52067,0.42429,0.64802,0.48471,0.00774,0.03324,0.46188,0.04040,0.50903,0.48985,0.33347,0.02809,0.00540,0.70549,0.02279,0.03367,0.03487,0.01344,0.07207,0.46278,0.01544,0.01790,0.00341,0.06160,0.03536,0.02768,0.02372,0.02178,0.68499,-0.00776,0.03809,0.08691
0.33518,0.70290,0.62988,0.63737,0.02119,0.05390,0.52237,-0.00489,0.49171,0.33000,0.28147,0.04793,0.06612,0.54534,0.03739,0.01437,0.04005,0.02571,0.03730,0.52309,0.01207,0.02442,0.05302,0.03639,0.01960,-0.01362,0.05950,-0.01464,0.70158,0.02813,0.01134,0.03018
0.71702,0.28254,0.36935,0.63115,0.03274,0.04495,0.65182,0.05128,0.71050,0.48823,0.61052,0.00800,0.00739,0.56289,0.03942,0.06353,0.00711,0.04014,0.02107,0.44534,0.02908,0.01507,0.00393,0.00305,0.05363,0.03838,0.01409,0.04211,0.43968,0.02558,-0.00035,0.01995
0.33073,0.44494,0.54433,0.71693,0.05871,0.03631,0.67809,0.00765,0.62372,0.34053,0.23358,0.05037,0.00622,0.69432,0.05861,0.06823,0.03786,0.04890,0.00619,0.31844,0.02846,0.00126,0.00724,-0.02244,0.01737,0.05506,0.03423,0.03089,0.51607,0.03312,0.02965,0.03947
0.66177,0.63970,0.59215,0.53785,0.02547,0.03079,0.61974,0.01056,0.69326,0.59586,0.36981,0.08211,0.05075,0.49689,0.04956,0.00736,0.03656,0.02456,0.07444,0.50671,0.06491,0.03818,0.04824,0.00208,0.05655,0.02946,0.04510,0.06375,0.69508,0.03900,0.04876,0.01384
0.69271,0.59773,0.33785,0.58917,0.05899,0.04915,0.64190,0.01799,0.38980,0.34440,0.73345,0.03874,0.05005,0.73919,0.00545,0.06903,0.00989,0.01446,0.04626,0.28251,0.06941,0.02189,-0.00282,0.04852,0.02793,0.01596,0.03563,0.03771,0.64817,0.03596,0.04700,0.05751
0.54937,0.50540,0.64027,0.30414,0.02520,0.02797,0.33543,0.02323,0.60466,0.61990,0.32537,-0.00397,0.00529,0.53129,0.03256,0.01643,-0.00545,0.08355,0.01381,0.56645,0.02837,0.03184,0.01872,0.00931,0.04679,0.03310,0.02851,0.04014,0.38193,0.06376,0.03068,0.01833
0.44376,0.29013,0.74483,0.72495,0.01252,0.04545,0.56488,0.03539,0.65649,0.41232,0.66741,0.05344,0.03966,0.64576,0.02254,0.05684,-0.00055,0.03960,0.08695,0.49941,0.04132,0.02205,0.03016,0.00978,0.02004,-0.01374,0.04498,0.03793,0.34150,0.00143,0.04336,-0.00860
0.40268,0.37625,0.71263,0.61851,0.05288,0.03423,0.64017,0.04283,0.37525,0.65531,0.73559,0.00076,0.02705,0.27602,0.05803,0.02584,0.01424,0.00297,0.06176,0.62803,0.04524,0.03005,0.02432,0.01929,0.07118,0.02520,0.03390,0.00622,0.52655,0.05351,-0.00955,0.01728
0.50080,0.66705,0.76236,0.41487,0.03169,0.01062,0.39069,-0.00852,0.65627,0.54871,0.54457,0.05630,0.01878,0.60444,0.04096,0.03690,0.00275,-0.00780,0.00434,0.35464,0.02158,0.07533,0.07053,-0.00435,0.03128,0.05072,0.01093,0.01684,0.57267,0.01949,0.03451,0.02456
0.35197,0.38378,0.43701,0.57389,0.02919,0.04983,0.24738,0.01483,0.52766,0.67076,0.25468,0.01970,0.02554,0.30384,0.00919,0.01625,-0.00555,0.03508,0.02819,0.55448,-0.00779,0.02293,0.00920,0.02662,0.02961,0.06104,0.03132,0.00176,0.40442,-0.01605,0.00811,0.02292
0.56555,0.52851,0.66697,0.62941,0.04112,0.03340,0.23416,0.01264,0.42340,0.33253,0.66346,-0.01618,0.03882,0.35922,0.02540,0.05968,0.05531,0.02669,0.03617,0.67537,0.06585,0.03653,0.04066,0.00334,0.01091,0.03340,0.04991,0.01938,0.39377,0.01708,0.01729,0.04478
0.44292,0.41312,0.44774,0.62591,0.07099,0.04122,0.64510,0.00658,0.32765,0.60493,0.34814,0.04360,0.02830,0.31667,0.03171,0.00406,0.00094,0.00071,0.41787,0.42480,0.06503,0.05241,0.05365,0.05237,0.00394,0.02880,0.00443,0.01905,0.25550,0.01313,0.07187,0.03269
0.54534,0.39612,0.55688,0.66363,0.02086,0.03894,0.30703,0.07599,0.41222,0.49998,0.34559,0.00730,0.04350,0.32503,0.05309,0.03901,0.01802,0.04632,0.67943,0.69920,0.01450,0.01442,0.02919,0.03079,0.00279,0.02885,-0.00321,0.02499,0.26110,0.07403,0.01068,0.02656
0.44071,0.33244,0.57258,0.31235,0.04645,0.00991,0.41468,-0.00936,0.30420,0.47653,0.69606,0.04845,0.01600,0.32512,0.04081,0.01735,0.04397,0.01551,0.42029,0.74325,0.06652,0.05679,0.04772,0.03243,0.04870,0.02239,0.03564,0.02517,0.63513,0.08620,0.03931,0.06349
0.51563,0.27206,0.31352,0.29166,0.04992,0.03597,0.34719,0.05294,0.44627,0.58825,0.44271,-0.02758,0.02670,0.35987,0.03026,0.00088,0.01278,0.04213,0.71917,0.60543,0.03718,-0.00096,0.01555,0.05043,0.03488,0.03530,0.03582,0.01193,0.53721,0.00652,0.02577,0.06626
0.60865,0.55964,0.62926,0.37330,0.07557,-0.01118,0.50734,0.00933,0.22934,0.31352,0.54899,0.07328,0.00428,0.30552,0.00720,0.01721,0.00892,0.00636,0.71033,0.75108,0.01945,0.01693,0.02651,0.04428,0.05401,0.02643,0.07936,0.02755,0.44687,0.01298,-0.02034,0.03677
0.58381,0.42925,0.55973,0.49373,0.01554,0.01132,0.35331,0.04101,0.60475,0.57107,0.58921,0.02077,0.02396,0.45968,-0.01666,0.00149,0.05444,0.03655,0.23155,0.60220,0.08287,0.05668,0.02514,0.00182,0.02945,0.01154,0.03947,0.00964,0.29059,0.03110,0.04145,0.02932
0.37083,0.44668,0.35579,0.24155,-0.01947,0.01033,0.33771,0.01888,0.47770,0.45652,0.51174,-0.00266,0.02310,0.28040,0.06957,0.09487,0.06716,0.02603,0.44768,0.31134,0.04087,0.00817,-0.00568,0.06462,0.03010,0.02839,0.01344,0.06592,0.60031,0.03771,0.04357,0.04035
0.43690,0.70263,0.75257,0.31760,0.05208,0.02894,0.72446,0.01561,0.75262,0.54724,0.70506,0.05867,0.02922,0.25599,0.01940,0.00260,0.02295,0.04258,0.61370,0.62437,0.05020,0.00709,0.01918,0.01912,0.02575,-0.00161,0.03324,0.03608,0.46787,0.05596,0.02140,0.03512
0.40857,0.31472,0.45547,0.27113,0.01561,0.03250,0.29606,-0.00787,0.29549,0.67004,0.59102,0.03268,-0.00387,0.27541,0.04593,0.03589,0.02544,0.05530,0.62056,0.34666,0.04427,0.02251,0.00809,0.04677,0.05366,0.05798,0.02854,-0.01204,0.34113,0.04176,0.02993,0.05553
0.31892,0.60465,0.39626,0.60072,0.05293,0.02983,0.64481,0.02545,0.57897,0.29510,0.64023,0.03973,0.01284,0.23515,0.01488,0.03195,0.02542,0.05572,0.61453,0.31165,0.02617,0.04221,0.01106,0.03160,0.03057,0.01857,0.04255,0.04022,0.49350,0.02489,0.02352,0.01063
0.30641,0.45289,0.78162,0.55189,0.03026,-0.00167,0.51437,0.03541,0.70379,0.43398,0.30811,0.03951,0.03149,0.66730,0.04511,0.02583,0.02530,0.04616,0.52679,0.57239,-0.00407,0.00610,0.05309,0.02618,-0.00166,-0.00710,0.04054,0.02016,0.37874,0.04394,0.02438,0.00315
0.61068,0.70457,0.60173,0.43091,0.01072,0.01213,0.28003,0.04250,0.29324,0.33727,0.51066,0.02297,0.01757,0.46273,0.04787,0.05283,0.00837,0.05520,0.77292,0.69403,0.02286,0.04166,0.04731,0.02239,0.03765,0.09652,0.02414,0.01554,0.69003,0.03781,0.02914,0.03296
0.73273,0.66729,0.72564,0.50858,0.02918,0.03384,0.65929,0.04995,0.56824,0.46696,0.72691,0.00313,0.02648,0.47533,0.02478,-0.02056,0.08523,0.05459,0.46875,0.54492,0.00411,0.03571,0.02129,0.05400,0.02748,0.02574,0.00738,0.05112,0.28526,0.03636,0.02810,0.09790
0.66450,0.60565,0.52564,0.31706,0.10843,0.03728,0.24590,0.02145,0.32613,0.46128,0.40963,0.01908,0.01093,0.53160,0.03110,0.02110,0.02620,0.04457,0.46849,0.57565,0.03557,0.05169,0.04439,-0.00025,0.01450,0.04237,0.02002,0.01251,0.64246,0.02955,0.04988,0.04030
0.56178,0.62137,0.29168,0.63535,0.03224,-0.04339,0.75370,0.01994,0.48332,0.49080,0.71148,0.04768,0.01229,0.65124,0.03981,0.01260,-0.02012,0.00011,0.30681,0.59872,0.04321,0.04521,0.02155,0.00660,0.02963,0.00120,0.05358,-0.00045,0.73631,0.02816,0.02691,0.06254
0.62016,0.33784,0.53319,0.67837,0.03655,0.03163,0.48248,-0.00242,0.77083,0.74198,0.50913,0.02642,0.04521,0.53293,0.01737,0.01221,0.07515,0.01857,0.72701,0.25564,0.03897,-0.01062,0.03635,0.03904,0.05825,0.00614,0.02932,0.04169,0.61818,0.04952,0.03036,0.04074
0.46330,0.51657,0.47262,0.61882,0.03007,-0.00246,0.65043,0.01783,0.72149,0.29538,0.50211,0.05853,-0.00405,0.71930,0.00540,0.01545,0.02390,0.02390,0.40346,0.54390,0.00813,0.03565,0.04260,0.03065,0.06508,0.05007,0.04178,0.04171,0.34732,0.04196,0.00468,0.04239
0.39596,0.70015,0.62032,0.33653,0.03691,0.06316,0.32221,0.02015,0.61569,0.74601,0.68180,0.00672,0.06356,0.45495,0.01010,-0.01182,0.03858,0.02391,0.77236,0.54970,0.01841,0.02121,0.02594,0.03870,-0.02388,0.02672,-0.00253,0.03711,0.60581,0.05833,0.05151,0.04507
0.54742,0.29703,0.48097,0.63029,0.00175,-0.00194,0.49520,0.02667,0.44358,0.72056,0.45745,-0.02860,0.05219,0.65974,0.03600,0.01748,0.03337,0.01121,0.67858,0.38266,0.03518,0.01721,0.03467,0.06388,0.05208,0.02139,0.04942,0.01192,0.46795,0.04656,0.00183,0.01094
0.33099,0.60588,0.71200,0.38606,0.00432,0.01157,0.44302,0.03780,0.46085,0.61880,0.63815,0.01888,0.03883,0.71295,0.00727,0.03026,0.01298,0.05076,0.40255,0.68756,0.04364,0.02265,0.03498,0.06117,0.04012,0.04914,-0.01414,0.00943,0.62653,0.03004,-0.00036,0.01022
0.52628,0.48888,0.55353,0.57747,0.03282,0.05460,0.31820,0.06045,0.56682,0.69918,0.49704,0.03582,0.04804,0.26350,0.01339,0.07137,0.03741,0.02808,0.40736,0.67223,0.04199,0.04550,0.03919,0.03957,-0.01544,0.05441,0.02985,0.05580,0.73961,0.02131,0.01442,0.03636
0.72880,0.31023,0.56101,0.41696,0.00498,0.02817,0.58842,0.03250,0.60446,0.70305,0.27021,0.03559,0.03757,0.39422,0.01833,0.03232,0.00217,0.02941,0.35798,0.49708,0.02556,0.06325,0.00967,0.02873,0.02942,0.06658,0.05331,0.03255,0.32456,0.04355,0.00543,0.05064
0.59122,0.39828,0.62437,0.74604,0.05620,0.05119,0.39765,-0.00137,0.37913,0.77129,0.37743,0.02582,0.02722,0.24622,-0.01516,0.04696,0.02484,0.03657,0.36423,0.26497,0.01053,0.00405,0.06212,0.03993,0.01891,0.03087,0.02694,0.03780,0.43421,0.00403,0.03616,0.07787
0.41399,0.54706,0.32591,0.61822,0.04032,0.04789,0.37110,0.04485,0.53929,0.26633,0.40987,0.01760,0.02808,0.63671,0.03484,0.02156,0.04371,0.03806,0.42454,0.40305,0.02481,0.01621,0.02755,-0.00046,0.00378,0.04023,0.03565,0.02543,0.66430,0.04449,0.04383,0.06915
0.67250,0.63992,0.52740,0.72967,0.01601,0.02485,0.51346,0.05172,0.44542,0.33979,0.32245,0.02938,0.03082,0.69512,0.04062,0.04111,-0.00418,0.02609,0.60348,0.66441,0.04338,0.05008,0.03988,0.05566,0.03937,0.07467,0.03586,-0.02942,0.34750,0.03213,0.02819,0.03542
0.34791,0.61929,0.32784,0.33239,0.03996,0.04240,0.60112,0.03064,0.67762,0.73776,0.70605,0.02468,0.03270,0.59570,0.03391,0.06164,0.01848,-0.01242,0.31765,0.68666,0.02114,0.06596,0.01434,0.04476,0.02731,0.07047,0.02992,0.07039,0.63134,0.01006,0.02572,-0.00420
0.38675,0.36537,0.66187,0.30931,0.05750,0.02175,0.29329,0.00198,0.49666,0.67033,0.52664,0.06104,0.06033,0.53863,0.04052,0.01994,-0.01445,0.03239,0.46476,0.48171,-0.00907,0.04180,0.01188,0.02237,0.01477,0.01604,0.02741,0.05605,0.54810,0.05078,0.01255,0.03188
0.33358,0.51715,0.50757,0.33343,0.03148,0.03894,0.24995,-0.02432,0.36385,0.64039,0.64403,0.05227,0.03460,0.27637,0.01833,0.05408,0.01489,0.03874,0.47201,0.44506,0.00965,0.03855,0.08834,0.02063,0.00754,0.04619,0.08104,0.04992,0.34313,0.02076,0.03861,0.04236
0.73649,0.48370,0.60255,0.24643,0.03219,0.05754,0.37208,0.00420,0.22613,0.29423,0.36623,0.04601,0.00089,0.30459,0.02847,-0.01026,0.04866,0.05955,0.33314,0.26671,0.01867,0.03351,0.01753,0.06060,0.01430,0.02645,0.00379,0.03953,0.52473,0.02834,0.01960,0.02848
0.74601,0.59985,0.36986,0.47998,0.04037,-0.00015,0.34108,0.01982,0.28825,0.43826,0.59508,0.04019,0.04699,0.56954,-0.00469,0.03663,0.03437,0.05627,0.33324,0.67663,0.06413,0.05459,0.03869,0.00159,0.01368,0.06112,0.06275,0.01802,0.59879,0.03326,0.04739,0.00821
0.61602,0.61568,0.63066,0.26795,0.03787,0.01160,0.47185,0.08883,0.55951,0.73970,0.58307,0.01597,0.03585,0.33832,-0.00314,0.06031,0.00719,0.04952,0.57097,0.48225,0.00209,0.05307,-0.00223,0.04163,0.03004,0.00085,0.05309,0.00356,0.47015,0.00147,0.01675,0.02430
0.45880,0.56195,0.69231,0.43929,0.01928,0.03767,0.34860,0.05361,0.35515,0.47835,0.73392,0.03871,0.07355,0.52791,0.06932,0.00258,0.03861,0.02137,0.53940,0.60389,0.00137,0.04459,0.03076,0.01470,0.07193,0.01867,0.04459,0.07913,0.57899,0.04017,-0.01305,0.03548
0.67274,0.54968,0.29563,0.54489,0.03460,0.00258,0.44784,0.03667,0.41934,0.64337,0.51706,0.01096,0.03338,0.63009,0.03338,0.05267,0.03240,0.04848,0.58470,0.28095,0.01827,0.04113,0.03709,0.08312,0.04145,0.01392,0.04253,0.01961,0.66547,0.04328,0.00640,0.07314
0.56597,0.53028,0.23590,0.56020,0.04870,0.03376,0.60531,0.02485,0.47483,0.40573,0.38503,0.02877,0.03180,0.64923,-0.01022,0.03614,0.05140,0.00229,0.56761,0.60324,0.03640,0.09156,0.00290,-0.01793,0.01591,0.02529,0.02540,0.00351,0.59915,0.03075,0.03984,0.03050
0.46029,0.50127,0.61622,0.71099,0.01138,0.02533,0.63208,0.04223,0.68072,0.41322,0.56456,0.06980,0.00362,0.35280,0.03616,0.01146,0.01382,0.06359,0.45967,0.41200,0.05410,0.01222,-0.01864,0.03999,0.05407,0.01394,0.03430,0.04995,0.41279,0.02508,0.02621,0.04336
0.56440,0.63726,0.46215,0.48845,0.00880,0.03027,0.25005,0.02248,0.48600,0.62986,0.31664,0.04134,0.00968,0.26220,0.01450,0.07472,0.03446,0.01621,0.26709,0.69950,0.01603,-0.00279,0.03200,0.03333,0.00336,-0.00354,0.02271,0.00591,0.42060,-0.01503,0.00113,0.02980
0.25956,0.69116,0.61500,0.44271,0.02101,0.01283,0.57174,0.04905,0.62919,0.30020,0.25502,0.04331,0.01865,0.27411,0.05621,0.01332,0.01435,0.00623,0.52358,0.48543,-0.02441,0.01273,0.01180,0.02010,0.02238,0.01598,0.02382,0.02987,0.67338,0.04901,0.01476,0.02492
0.24342,0.44614,0.32993,0.43634,0.02090,0.02252,0.40283,0.05823,0.44444,0.49622,0.61127,0.02029,0.03931,0.42893,0.00795,0.02296,0.04051,0.01075,0.43730,0.45858,-0.00160,0.04843,0.00647,0.03965,-0.02169,0.03109,0.03168,0.02913,0.59704,0.01723,0.03164,0.01688
0.35039,0.66758,0.54889,0.33744,0.07590,0.00878,0.56069,0.04299,0.55212,0.51965,0.47941,0.01908,0.08675,0.34767,0.04507,-0.00647,0.01744,-0.00418,0.64469,0.70747,0.03813,0.04016,0.06464,0.01193,0.03334,-0.00642,0.02101,0.02470,0.60839,0.04791,0.02005,0.03169
0.37191,0.31502,0.35100,0.25902,0.05785,0.02526,0.31142,0.05985,0.55761,0.37472,0.27212,0.00110,0.03425,0.27725,0.04241,0.00383,0.04759,0.02750,0.27219,0.70199,0.02141,0.00893,0.03292,0.00395,0.02044,0.03561,0.01641,0.04092,0.56376,-0.02715,-0.00598,0.00413
0.59313,0.73199,0.67922,0.55065,-0.01367,0.04137,0.35250,0.06103,0.77911,0.40903,0.48302,0.05959,0.02301,0.55759,0.01403,0.04652,0.02509,0.01605,0.57855,0.35765,0.01197,0.00955,0.05355,0.01262,0.02054,0.03769,0.05930,0.04252,0.67038,0.01358,0.01782,0.01632
0.51340,0.56774,0.60735,0.41963,0.03274,0.04358,0.46591,0.03894,0.28057,0.66724,0.74428,0.06563,0.05602,0.53913,0.02662,0.02996,0.02730,0.04276,0.26839,0.36692,0.04526,0.08049,0.03720,0.01389,0.05284,0.05492,0.02143,0.03865,0.31935,0.02339,0.05442,0.05825
0.50552,0.57459,0.61305,0.33173,0.05255,0.00665,0.44243,0.03964,0.41237,0.46790,0.33656,0.03493,0.02290,0.56472,0.03466,0.06266,0.05903,0.03693,0.35218,0.53076,0.04328,0.01488,0.02056,0.07141,0.02617,0.01333,0.03841,0.02581,0.29214,0.01696,0.02612,0.01221
0.55505,0.55378,0.35577,0.28447,0.03480,0.05705,0.36537,0.02275,0.64648,0.46674,0.48264,0.02845,0.02632,0.63641,0.03539,0.02100,0.03917,0.00244,0.73176,0.31003,0.04642,0.04425,0.05363,0.06606,0.06178,0.01946,0.02211,0.01780,0.65875,0.04476,0.05398,0.02775
0.68704,0.42950,0.58755,0.42650,0.01997,-0.01709,0.32688,0.02244,0.38579,0.44454,0.34183,0.04285,0.06746,0.73678,0.04168,0.05163,0.02895,0.04005,0.27847,0.28878,0.02995,0.05314,0.03326,0.02775,0.00439,0.01201,-0.00279,0.02670,0.28523,0.03226,0.03993,0.03939
0.31618,0.29451,0.30764,0.45722,0.06050,0.06336,0.31736,0.04703,0.27741,0.26918,0.44863,0.04572,0.01657,0.35330,0.04758,0.05203,0.00743,0.00856,0.72354,0.65834,0.05424,-0.01778,0.01662,0.01975,0.03181,-0.00290,0.08390,0.03896,0.27954,0.02893,0.06001,0.01796
0.34371,0.22978,0.64971,0.45831,0.04186,0.01831,0.61309,0.01086,0.35564,0.51477,0.63837,-0.01101,-0.00245,0.24802,0.01100,0.05291,0.04799,0.03683,0.37614,0.50361,0.02406,0.04937,0.01430,0.02621,-0.02255,-0.01472,0.02310,0.02908,0.60565,0.04151,0.03298,0.01783
0.63440,0.68517,0.72205,0.45542,0.03018,0.03312,0.63849,0.04183,0.30802,0.62066,0.72656,0.02278,0.01570,0.46773,0.04994,-0.01810,0.02894,0.00828,0.27186,0.69150,0.06552,0.07031,0.02279,0.06435,0.04531,0.01475,0.01923,0.05389,0.29101,0.00589,0.01064,0.02657
0.39189,0.74356,0.73574,0.52041,0.02698,0.04089,0.58222,-0.00261,0.35098,0.51021,0.28356,0.02860,0.03746,0.67271,0.00330,0.00248,0.03371,0.01978,0.51352,0.71119,-0.00580,0.08596,0.04948,-0.01320,0.03888,0.07683,0.01582,0.02558,0.40794,0.04107,0.02165,0.04593
0.55665,0.71973,0.38443,0.62224,0.03956,0.03949,0.55319,0.03505,0.60137,0.60551,0.64050,0.04351,0.02817,0.49540,0.02858,0.03419,0.03431,0.08821,0.40526,0.35366,0.03464,0.00131,0.04948,0.03906,0.01332,0.03658,0.03155,0.01349,0.63482,-0.01337,0.02276,0.01186
0.28835,0.47217,0.36605,0.73272,0.04118,0.02560,0.53162,0.00956,0.37836,0.53050,0.62109,-0.00348,-0.00757,0.50210,0.02614,0.03494,-0.00822,-0.00522,0.70423,0.26633,0.05033,0.00866,0.02852,0.00986,-0.00453,0.05927,0.02492,0.04435,0.72311,0.05609,0.05304,0.04348
0.27322,0.43556,0.34889,0.68430,0.05064,0.04389,0.59371,0.02482,0.23254,0.59765,0.49426,0.01531,0.04911,0.58713,0.04914,0.03730,0.05744,0.00691,0.46542,0.41937,0.01376,0.01990,0.02543,0.04898,0.06300,0.08090,-0.01797,0.03486,0.54314,0.01941,0.03384,0.02010
0.71068,0.27876,0.68952,0.34233,0.00180,-0.02910,0.54741,0.01779,0.45928,0.48052,0.58719,-0.01243,0.03805,0.43965,0.04564,0.01099,-0.01126,0.05851,0.53033,0.35655,0.04561,0.01698,0.01372,-0.00838,0.03003,0.03754,0.02725,0.03807,0.72845,0.04371,0.04292,0.04904
0.35393,0.63980,0.28272,0.43589,0.04802,0.05299,0.54094,0.04991,0.61314,0.75586,0.31434,0.02451,0.04074,0.41968,0.02528,0.03527,0.06063,0.04904,0.49199,0.44654,0.06095,0.01457,0.04818,0.01262,0.05364,0.03956,0.05238,0.02020,0.61334,0.02379,0.05746,0.01737
0.63336,0.62156,0.40931,0.32701,0.03864,-0.01553,0.26760,0.00752,0.50240,0.34235,0.66536,0.06532,0.03491,0.70067,-0.00618,0.01881,0.03554,0.01690,0.47599,0.31035,0.05450,0.01405,0.02750,0.06218,0.02252,0.01058,0.02118,0.01902,0.52884,0.04963,0.05184,0.01974
0.33221,0.24414,0.67301,0.57282,0.01299,-0.00898,0.54607,0.07368,0.54988,0.73009,0.57111,0.04574,-0.00954,0.35305,0.03001,0.01005,0.02189,0.04066,0.26032,0.38029,0.04374,0.04748,0.03864,0.01319,0.07054,0.06111,0.02916,0.01429,0.59701,0.04537,0.00953,0.05565
0.26205,0.63717,0.57121,0.30286,0.03632,-0.00393,0.38901,-0.00038,0.78016,0.32742,0.61444,0.03947,0.03432,0.40416,0.01247,0.03541,0.05807,0.02280,0.54586,0.44048,0.03075,-0.00786,0.03323,0.00981,0.02674,0.03271,0.04567,0.01784,0.31317,0.03481,0.04155,0.03834
0.54353,0.41594,0.65188,0.42991,0.02353,0.03260,0.53693,0.05629,0.55465,0.64844,0.50322,0.02442,0.05189,0.40182,0.04208,0.00722,0.02818,0.00488,0.58816,0.40109,0.02493,0.02709,0.00902,0.05199,0.03842,-0.01493,0.01436,0.01835,0.40825,0.03456,0.00791,0.00953
0.66152,0.45898,0.42804,0.50284,0.04419,0.03403,0.32880,0.03339,0.25966,0.69599,0.57052,0.04173,0.03945,0.57466,0.06836,0.01229,-0.00279,0.02607,0.37321,0.57063,0.04085,0.06434,-0.00304,-0.00309,-0.00880,0.04772,0.01643,0.01543,0.44841,0.06097,0.03951,0.06468
0.47917,0.52823,0.26675,0.60377,0.03452,0.02638,0.29242,0.04615,0.43917,0.27911,0.36642,0.03678,0.05645,0.57680,0.00425,0.03651,-0.00459,0.02803,0.55195,0.67862,-0.00064,0.01764,0.05376,0.05335,0.06750,0.01539,0.02786,0.05752,0.27768,0.02458,0.03333,0.02060
0.62559,0.40855,0.34308,0.52104,0.01670,0.01628,0.36728,0.03889,0.58915,0.65948,0.33378,0.02115,-0.00024,0.76318,0.05651,0.05519,0.03852,0.03977,0.55702,0.70093,0.04718,0.03891,0.05199,0.03513,0.04225,0.05453,0.04256,0.06933,0.68880,0.01004,0.02084,0.04987
0.50283,0.26586,0.48897,0.43058,-0.00067,0.03621,0.39186,0.04112,0.69745,0.46377,0.48066,0.01877,0.02373,0.65121,0.05921,0.06511,0.01389,0.04991,0.57764,0.50035,0.04032,0.03126,0.03488,0.01688,0.02574,0.02764,-0.00659,0.06617,0.53779,0.00511,0.03318,0.04548
0.66410,0.36483,0.68720,0.31430,0.03698,0.02543,0.59396,0.02027,0.31899,0.71987,0.69001,0.01665,0.06517,0.61845,0.03670,0.01619,0.00419,0.03255,0.38154,0.58170,0.01315,0.01990,0.02609,0.01053,0.00860,0.01660,-0.00085,0.02627,0.68035,0.05391,0.02603,0.06056
0.30885,0.72803,0.30287,0.40402,0.05291,0.05784,0.35684,0.04601,0.57712,0.67650,0.49512,0.02179,0.06112,0.70143,0.01877,-0.01232,-0.02283,0.01517,0.40746,0.45209,0.04083,0.00531,0.00040,-0.00402,0.01297,0.03397,-0.00990,0.06136,0.34709,0.02843,0.01982,0.03840
0.56086,0.37363,0.54612,0.32294,0.06190,0.01816,0.29004,0.03804,0.32374,0.31335,0.23462,0.06205,0.02865,0.26777,0.00942,0.02271,0.02895,0.00442,0.71784,0.34008,0.06047,0.03659,0.04206,0.03795,0.01668,0.00884,0.01763,0.03608,0.53376,0.02256,0.08571,0.03163
0.71509,0.54400,0.50255,0.40718,0.05584,0.04271,0.48890,-0.00126,0.58364,0.58824,0.32072,0.03082,0.01322,0.53452,0.03657,0.03941,0.02315,0.02346,0.29803,0.27268,0.03499,0.01855,0.02610,0.08194,0.02339,0.00241,0.02835,-0.00582,0.59958,0.00059,0.05216,0.04427
0.57268,0.32946,0.43785,0.57081,0.05564,0.01657,0.57294,0.06479,0.44065,0.48095,0.65576,0.02878,0.02543,0.57809,0.02311,0.03971,0.05625,0.02550,0.37636,0.41983,0.01387,0.00594,0.02936,0.05508,0.01625,0.04469,0.06460,0.08113,0.25805,0.04140,0.01306,0.03115
0.32767,0.31721,0.52235,0.68219,0.04545,0.02355,0.31709,0.02958,0.70890,0.45012,0.48211,0.02951,0.00805,0.49307,0.00029,0.04278,0.04260,0.01236,0.57146,0.40467,0.02495,0.05967,0.00754,0.01204,0.03398,0.04309,-0.00455,-0.00611,0.73248,0.05981,0.00298,0.00019
0.61040,0.74195,0.34998,0.55531,0.04453,0.04919,0.49851,0.02200,0.40597,0.44620,0.45582,-0.00649,0.06823,0.66478,0.04972,0.02004,0.01300,0.01732,0.49062,0.44370,0.01702,0.02568,0.05419,0.03345,0.02664,0.02931,0.03247,0.00899,0.55465,-0.01009,0.03554,0.05772
0.51560,0.68815,0.25286,0.24942,0.04796,0.03830,0.74479,0.02586,0.42894,0.34709,0.59075,0.04654,0.02181,0.58508,0.00423,0.06683,0.04968,0.00223,0.61420,0.31336,0.04441,0.01653,0.04067,0.03305,0.03412,0.03893,0.04944,0.04791,0.50414,0.04983,0.05156,0.02046
0.59690,0.48786,0.27345,0.42428,0.00377,0.01016,0.48951,0.01518,0.39245,0.68831,0.36673,0.04837,0.01930,0.41311,0.02617,-0.00123,0.02485,0.04037,0.48333,0.33349,0.03021,0.01040,0.07493,0.02162,0.04066,0.00611,0.05245,0.04112,0.32940,0.03121,0.02255,0.03763
0.35476,0.49741,0.52409,0.43673,0.00060,0.04122,0.54713,0.05125,0.62255,0.34699,0.56491,0.02943,-0.01659,0.45823,0.04765,0.04846,0.00616,-0.00155,0.73203,0.37497,0.01995,0.01447,0.00661,0.03261,0.04031,0.00605,0.03227,0.01773,0.32614,0.02702,0.02673,0.00696
0.30750,0.73181,0.34705,0.52635,0.03767,0.01174,0.59440,0.07289,0.73209,0.38516,0.25342,-0.01651,0.06339,0.38454,0.04026,0.04517,0.03121,0.00018,0.50335,0.55254,0.01884,0.00747,0.03239,0.05178,0.04240,0.01925,0.06167,0.00368,0.59221,0.03105,0.03944,0.01957
0.62973,0.51578,0.56634,0.50175,0.01892,0.03921,0.50541,-0.01044,0.48545,0.51702,0.72153,-0.00013,0.02754,0.25594,0.05852,0.01029,0.02610,-0.00992,0.65999,0.69855,0.04072,0.02015,0.02077,0.07570,-0.01979,0.02111,0.01983,0.05911,0.33530,0.02808,0.06987,0.00575
0.36920,-0.02012,0.63669,0.55578,0.05295,0.05125,0.55074,0.03596,0.71906,0.45019,0.62788,0.02082,-0.01319,0.61404,0.02550,0.04114,0.02711,0.02756,0.47089,0.68883,0.05894,0.03676,0.00062,0.03120,0.02787,0.03018,0.02770,0.02699,0.39479,0.04469,0.02819,0.05249
0.44216,0.04840,0.53330,0.38766,0.00835,0.03762,0.46660,0.01536,0.54009,0.28898,0.64912,0.04327,0.02802,0.39563,0.05392,0.05273,0.03929,0.02251,0.67644,0.73991,0.05036,0.02092,0.07376,0.01767,0.06558,0.03388,0.03977,0.03520,0.48328,0.04220,0.03641,0.00088
0.34119,0.03072,0.29106,0.43396,0.01875,0.04026,0.29961,0.02927,0.70423,0.28016,0.56460,0.01932,0.01311,0.44205,0.05354,0.07190,0.03150,0.03785,0.55191,0.46241,-0.01332,0.01172,0.06085,0.04776,0.00461,0.03866,0.04310,0.03659,0.57389,-0.01442,0.02594,-0.01231
0.44305,0.02708,0.38680,0.49262,0.02264,0.06095,0.69885,0.05049,0.69648,0.40706,0.62133,0.01880,0.04627,0.72156,-0.00112,0.01658,0.04477,0.01989,0.71234,0.78590,0.01366,0.05073,0.00326,0.01483,0.07342,0.01914,0.00945,0.01456,0.29596,0.03037,0.07007,0.03249
0.34157,0.03416,0.49081,0.60569,0.02501,0.03507,0.39381,0.04079,0.50501,0.53665,0.63453,0.02331,0.06663,0.63795,0.06364,0.00950,0.02214,0.01216,0.58284,0.31145,0.01952,0.03408,0.05925,0.04906,0.00609,-0.00641,0.06716,0.05301,0.31146,0.02233,0.02574,0.02386
0.48653,0.05164,0.68319,0.49276,0.02665,0.06389,0.39478,0.01471,0.43290,0.47870,0.73936,0.03771,0.04023,0.48353,0.01369,0.05569,-0.03875,0.00073,0.73182,0.26093,0.02248,0.05776,0.01177,-0.01492,0.02938,0.00808,0.04451,0.03746,0.66877,0.01796,0.04145,0.06999
0.42478,0.03026,0.24333,0.59513,0.01666,0.04189,0.52141,0.01874,0.54365,0.48936,0.44981,0.04759,0.02811,0.34967,0.00435,0.01781,0.02794,-0.00789,0.45174,0.67305,0.03204,0.01461,0.01236,0.00850,0.02635,0.03267,0.00651,0.01658,0.39573,0.04114,0.04501,0.02465
0.62522,0.02984,0.62595,0.61845,0.03546,0.06336,0.49992,0.02323,0.33748,0.49052,0.60230,0.02045,0.02506,0.61462,-0.02891,0.05759,0.07697,0.06228,0.34564,0.55964,0.04207,0.01399,0.03517,-0.00701,0.03457,0.05156,0.01735,0.02375,0.63740,0.04549,0.03180,0.03039
0.42040,0.00420,0.43202,0.32242,0.06303,0.03175,0.68371,0.00882,0.72339,0.28923,0.51142,-0.00170,0.03490,0.45069,0.02918,0.06439,0.01869,0.04160,0.63983,0.52578,0.02492,0.04529,0.00775,-0.01869,0.02109,0.03849,0.01101,0.02955,0.77332,-0.00337,0.06080,0.03197
0.38425,0.00996,0.33012,0.77883,0.01827,0.04278,0.29860,0.03714,0.68392,0.47366,0.26582,0.06062,0.02524,0.52254,0.04393,0.05258,0.06397,0.03138,0.75059,0.71801,0.02310,0.03191,0.05133,0.00054,0.02777,0.02017,0.02416,0.06341,0.31022,0.02326,0.07248,0.02054
0.41618,0.04087,0.60905,0.65644,0.02397,0.00628,0.58360,0.03951,0.37950,0.72575,0.70835,0.00626,0.02508,0.41074,0.02143,0.03134,0.04967,0.01450,0.25025,0.41611,0.03338,0.00994,-0.01710,0.03235,0.04136,0.01460,0.03737,0.02930,0.50568,0.02227,0.00947,-0.00818
0.33147,0.04203,0.73445,0.33477,0.08059,0.02306,0.75881,0.05364,0.51976,0.31532,0.44898,0.04752,0.04896,0.58400,0.03898,0.04834,0.07808,0.01484,0.30278,0.32837,0.01620,0.05118,0.00785,0.03704,0.02676,0.01481,0.02638,0.05109,0.30758,-0.00501,-0.01414,0.05613
0.70197,0.02269,0.63159,0.69462,0.02987,0.06323,0.49538,-0.00807,0.73648,0.47212,0.25129,0.03926,0.02954,0.39004,0.00028,0.01927,0.02110,0.00066,0.64231,0.61615,0.01799,0.03250,0.05895,0.02436,0.01733,0.03572,0.03651,-0.03483,0.45858,0.04196,0.04740,0.08144
0.30868,0.02560,0.63728,0.42353,0.00757,0.02297,0.51994,0.09156,0.47644,0.33011,0.30251,0.00861,0.02280,0.42143,0.03826,0.07926,0.02420,0.04335,0.73213,0.64105,0.03650,0.04676,0.05363,0.01703,-0.00933,0.03194,-0.00434,0.01152,0.45727,-0.02905,0.01132,0.05638
0.51310,-0.00119,0.64831,0.52641,0.04456,0.01100,0.33012,0.08817,0.76885,0.45057,0.29543,-0.00095,0.03622,0.27821,0.03304,0.02257,-0.00912,0.02335,0.27093,0.64782,0.02821,0.03246,0.01362,0.06026,-0.03859,-0.00318,0.00118,0.01456,0.73716,0.01927,0.00621,0.05859
0.59664,0.01430,0.37663,0.69852,0.00179,0.00931,0.41977,-0.00024,0.36454,0.35533,0.47445,0.03038,0.01970,0.74258,0.03460,0.01770,0.01740,-0.00229,0.27026,0.28100,0.01616,0.01739,-0.01579,0.01637,-0.00558,0.06978,0.01484,0.06061,0.49439,0.02228,0.03566,0.06396
0.43933,0.01247,0.32756,0.52780,0.06821,0.02709,0.73104,0.04488,0.39491,0.48245,0.27019,0.03834,-0.00901,0.35225,0.04831,0.04587,0.02256,0.03865,0.55288,0.49445,0.03281,0.07215,0.00097,-0.00711,0.00980,0.07790,0.03867,0.02000,0.50043,0.04736,-0.00759,0.04584
0.72075,0.03695,0.30430,0.40605,-0.00559,0.04036,0.70613,0.05374,0.66421,0.30292,0.39474,-0.00587,0.05654,0.41701,-0.02353,0.07029,0.03575,-0.00560,0.43526,0.29061,0.00929,0.06782,0.03798,0.04736,0.05172,0.04955,0.03907,0.06878,0.50862,0.01393,0.00593,0.04555
0.42702,0.00718,0.22752,0.67182,0.02356,0.00702,0.65363,0.02432,0.34009,0.28961,0.28750,0.05660,0.05263,0.44970,0.05965,0.01937,0.09030,0.03092,0.26593,0.29764,0.01501,0.02712,0.00393,0.05185,0.01735,0.02569,0.03500,0.05889,0.41200,0.07795,0.06578,0.01329
0.49030,0.03601,0.23273,0.40620,0.02889,0.02999,0.40428,0.05018,0.54390,0.48220,0.32589,0.03049,0.05577,0.68412,0.02306,0.05688,-0.00058,0.03404,0.31375,0.45169,0.01950,-0.01887,0.04354,0.02738,0.04039,0.03138,0.01755,-0.00426,0.70225,0.02748,0.02141,0.04031
0.41483,0.01579,0.60587,0.34603,-0.00183,0.02391,0.37994,-0.00058,0.49967,0.58179,0.49080,0.02910,0.05935,0.60955,0.00089,0.01679,0.03934,0.02508,0.61722,0.58046,0.05941,0.06372,0.08679,0.04460,0.04205,0.03628,0.02958,0.00126,0.64462,0.02940,0.00968,0.02884
0.62745,0.01660,0.35446,0.57110,0.04939,0.00841,0.48472,-0.00895,0.32332,0.51468,0.30025,0.01131,0.03433,0.59881,0.03781,0.04581,0.04490,0.02844,0.27832,0.68770,0.05499,0.02931,0.03205,0.01867,0.02591,0.03132,0.05785,0.03102,0.67582,0.04478,0.08451,0.01153
0.41552,0.05344,0.52071,0.54141,0.04114,0.03571,0.72098,0.04017,0.40745,0.57054,0.67007,0.03263,0.05343,0.57147,0.00313,0.02831,0.02722,0.01045,0.67415,0.29441,0.04436,0.03011,0.06095,0.02507,-0.01048,0.01193,0.04666,0.06058,0.64763,0.01693,0.02683,0.01564
0.41251,-0.01832,0.51110,0.72775,0.00694,0.03605,0.53912,0.05177,0.34800,0.29816,0.46993,0.06692,-0.00025,0.70689,0.02485,0.02043,0.05037,0.01318,0.65664,0.27361,0.03587,0.06436,-0.01469,0.04401,0.02466,0.05354,0.01169,0.05193,0.70638,0.04821,0.04481,-0.00078
0.37876,0.02844,0.45391,0.40455,0.05005,0.05805,0.65239,0.03207,0.31809,0.61606,0.72665,0.02723,0.04355,0.47664,0.01462,0.01864,0.03143,0.05217,0.64007,0.51885,0.02718,0.02372,-0.02974,0.01545,-0.02479,0.00882,0.06022,-0.00437,0.33997,0.01096,0.02526,0.02619
0.28447,0.00356,0.73338,0.23065,0.06843,0.02216,0.44865,0.03030,0.62807,0.58923,0.31277,0.04306,0.06104,0.46773,0.05354,0.00041,0.03638,-0.00464,0.38459,0.48866,0.02233,0.04303,0.05159,0.00012,0.05682,0.00640,0.03821,0.02253,0.47370,0.01162,0.00885,0.03778
0.51180,0.04070,0.34755,0.71823,0.01932,0.02282,0.50580,0.03352,0.32804,0.62491,0.73529,0.04880,0.03129,0.67982,0.04663,0.04024,0.05393,0.02130,0.56325,0.46237,0.02582,0.04576,0.01683,0.03757,0.00597,0.01358,0.00316,0.01946,0.46257,0.04891,0.07055,0.05234
0.43976,0.01671,0.63837,0.48353,0.06916,0.01943,0.33445,0.02198,0.77321,0.40482,0.29403,0.01122,0.03113,0.42737,0.03697,0.03540,0.05150,0.05163,0.52286,0.61783,0.03777,0.02967,-0.00244,0.02243,0.05185,0.01859,0.04021,0.02753,0.53497,-0.00158,0.04312,0.01069
0.62591,0.02247,0.62149,0.50142,0.03981,-0.02916,0.72102,0.02965,0.34538,0.46472,0.49421,0.02712,0.01429,0.51759,0.01480,0.02295,0.00728,0.02771,0.47461,0.33859,-0.01026,0.01539,-0.01604,0.05213,0.02490,0.04929,0.03303,0.03897,0.32735,0.04761,0.05726,0.06147
0.66031,0.02989,0.48793,0.64233,0.02382,0.01288,0.41145,0.01146,0.24926,0.49579,0.66638,0.02248,-0.02059,0.32467,-0.01187,0.05210,0.00420,0.05465,0.31215,0.67960,0.04727,0.02636,0.05013,-0.00437,0.02804,0.03564,0.04598,0.01830,0.51870,0.05026,0.02817,0.02977
0.50238,0.05104,0.36594,0.58186,0.05803,0.04926,0.72609,0.01007,0.50566,0.35300,0.73687,0.03057,0.02066,0.66153,0.01110,0.02000,0.02739,0.03919,0.33306,0.33290,0.01034,0.02961,0.05002,0.02472,0.00558,0.07166,0.06776,0.03148,0.70224,0.04792,0.03488,0.08334
0.51049,0.02292,0.74092,0.64842,0.05256,0.02438,0.60521,0.05846,0.58309,0.27390,0.69925,0.02615,0.04830,0.58590,0.01162,0.02741,0.04366,0.02297,0.44157,0.45815,0.00734,0.02831,0.00955,0.01994,0.00536,-0.00145,0.05265,0.02571,0.60490,0.00806,0.04004,0.01788
0.40918,0.03115,0.31188,0.66771,0.04303,0.01712,0.39960,0.02563,0.63955,0.56232,0.26144,0.02961,0.06571,0.32561,0.06468,0.04428,0.06973,0.02963,0.61268,0.68038,0.02393,0.00831,0.00358,0.00826,0.02612,0.00624,0.05032,0.02876,0.29705,0.02438,0.07762,0.02629
0.33754,0.02650,0.73810,0.40653,-0.00847,0.07041,0.45778,0.04657,0.54468,0.66129,0.38018,0.03568,0.03147,0.45478,-0.00110,0.03323,0.06417,0.03447,0.63468,0.58223,-0.00252,0.04166,0.04850,0.04019,0.05708,0.00005,0.02937,0.03297,0.48845,0.01742,0.01121,0.05439
0.39515,0.02036,0.54699,0.35169,0.05667,0.00960,0.31906,-0.00702,0.55952,0.27498,0.30575,0.00511,0.03041,0.48120,0.03753,0.02021,0.05207,0.03069,0.29314,0.57586,0.02883,0.04384,0.00815,0.00764,0.01488,0.00254,0.01165,0.05494,0.67119,0.05610,0.02649,0.00839
0.33275,0.05626,0.49320,0.29793,0.00182,0.00600,0.47754,0.05663,0.35024,0.51986,0.33682,0.04570,0.08503,0.33497,0.02681,0.01746,0.04820,0.04590,0.33534,0.39385,0.04168,0.01691,0.08027,0.04555,0.03057,0.02706,0.01997,0.04734,0.34358,0.06415,0.04161,0.04163
0.42883,0.02357,0.25641,0.42295,0.03959,0.06349,0.55550,0.02209,0.64503,0.70765,0.63728,0.00460,0.06076,0.52217,0.05550,0.05010,0.03685,0.01218,0.56289,0.74585,0.01938,0.02590,0.02556,0.03867,0.03075,0.05749,0.03787,0.04657,0.46936,0.04058,0.06807,0.04997
0.53143,0.03691,0.58210,0.66720,0.00622,0.03288,0.34988,0.02972,0.61004,0.34410,0.60844,0.04835,0.01322,0.36259,0.01973,0.03600,0.05118,0.04155,0.32970,0.72410,0.00966,0.00791,0.04487,0.03808,0.05921,0.01453,0.03057,0.02205,0.53644,0.02607,0.02014,0.04657
0.70232,0.02688,0.51973,0.24456,0.07306,0.05552,0.69986,-0.00194,0.44382,0.56005,0.72361,-0.00694,0.06957,0.63809,0.01575,-0.00636,0.02018,0.05295,0.55251,0.45139,0.02522,0.01742,-0.00208,0.02616,0.05888,0.05979,-0.01519,0.00551,0.64933,-0.00524,0.01087,0.03252
0.41330,0.00965,0.56155,0.66009,0.05704,-0.02190,0.38618,0.03857,0.30149,0.26567,0.62502,0.03161,0.04185,0.30341,0.02587,0.03761,0.03281,0.00925,0.49290,0.67578,-0.00020,0.00151,0.05223,0.01175,0.02876,0.06524,0.03776,0.06271,0.68623,0.05006,0.03057,0.06075
0.27882,0.01913,0.46503,0.67308,0.05248,0.00025,0.70620,0.04554,0.66749,0.27935,0.46189,0.01982,0.02304,0.41545,0.06757,0.05305,0.03781,0.02986,0.27129,0.33121,0.03266,0.01041,0.05536,0.00636,0.07418,0.06060,0.03475,0.01750,0.46333,-0.00932,0.03896,0.00925
0.55771,0.01082,0.62395,0.70082,0.03521,0.00122,0.30140,0.03344,0.34549,0.55952,0.29265,0.04484,0.00191,0.54435,0.05262,0.04807,0.06757,0.06573,0.28659,0.62045,0.04856,0.03773,0.02695,0.03795,-0.01238,0.03114,0.02294,0.01021,0.61831,-0.00459,0.02884,0.03508
0.52863,0.03206,0.33253,0.56655,0.04019,0.06365,0.77162,0.03034,0.57844,0.35209,0.31562,0.05647,0.07388,0.38401,-0.00074,0.02966,0.06704,0.03465,0.33976,0.67416,0.03410,0.06385,0.05597,0.05771,0.03318,0.02615,-0.00507,-0.01977,0.60796,0.03850,0.03754,0.01612
0.72819,0.02208,0.46793,0.53174,0.00822,0.04918,0.34000,0.06039,0.60507,0.46495,0.46188,0.03259,0.02057,0.62120,0.04706,0.04223,0.03740,0.04541,0.63939,0.25551,0.06599,0.02677,0.02432,0.03300,0.03639,0.07145,-0.01910,-0.00323,0.42422,0.02218,0.01729,0.00448
0.34908,-0.00474,0.57060,0.53342,0.05023,0.03269,0.64512,0.04921,0.72081,0.47344,0.71634,0.01176,0.03880,0.33188,-0.01743,0.02684,0.06560,0.05725,0.53381,0.74456,0.01046,0.04089,0.04245,0.02909,0.03330,0.01988,0.06459,0.04022,0.43890,0.04108,0.03235,0.05218
0.71907,0.01665,0.73379,0.40713,0.03689,0.00986,0.30160,0.01194,0.59614,0.70559,0.73277,0.04086,0.05265,0.47433,0.06098,-0.03194,0.02402,0.00072,0.33648,0.67714,0.03265,0.01302,0.00521,0.00235,0.06679,-0.01465,0.02761,0.05601,0.46108,0.04283,0.01648,0.06902
0.58022,0.06612,0.25518,0.64621,0.06834,0.02118,0.71791,0.02935,0.34508,0.63628,0.70263,0.01204,-0.01038,0.39399,0.01215,0.04290,0.00495,0.02263,0.52100,0.71367,0.02569,-0.00213,0.02523,0.04156,0.00759,0.03428,0.04260,0.02109,0.69514,0.01248,0.01443,0.04508
0.56920,0.00668,0.61231,0.30667,0.04930,0.07382,0.56316,0.01516,0.38906,0.27454,0.25673,0.03153,0.02419,0.61731,0.01456,0.04482,0.04528,0.04103,0.63930,0.68720,0.03342,0.07728,0.03955,0.06602,0.02601,0.05590,0.07477,0.06304,0.48342,0.04228,0.04845,0.03738
0.38464,0.03536,0.29286,0.72509,0.02950,0.03877,0.32481,0.02341,0.49084,0.54552,0.66878,0.04418,0.04578,0.60663,0.02589,0.03707,0.02836,0.01313,0.51244,0.50546,0.06987,0.01838,0.06299,-0.00743,0.05293,0.02181,0.04923,0.01861,0.56923,0.04167,0.03287,0.02342
0.48113,0.03925,0.67074,0.30406,0.04099,0.03959,0.41302,0.03218,0.49004,0.27303,0.72634,0.03145,0.01649,0.53468,0.03638,0.65637,-0.01687,0.06698,0.69963,0.31349,0.00870,0.04346,0.04522,0.01960,0.06264,0.07157,0.01041,0.03287,0.57427,0.03599,0.02430,0.00881
0.34704,0.00024,0.67462,0.37643,0.03450,0.06674,0.37930,0.03992,0.46199,0.50262,0.43555,0.00903,0.00484,0.43885,-0.01140,0.66774,0.02881,0.02345,0.46599,0.59819,0.00183,0.02080,-0.05328,0.00449,-0.00955,-0.01957,0.02361,0.02855,0.31050,0.04002,0.04785,0.01073
0.54045,0.03856,0.48700,0.55878,-0.00394,0.04880,0.62812,0.03275,0.36877,0.40312,0.40903,0.00313,-0.01217,0.73904,0.06505,0.49116,0.02230,0.03112,0.48100,0.42314,0.03868,0.05519,0.03669,0.03625,0.01352,0.03045,0.04480,0.01270,0.52432,0.04212,0.03910,0.00692
0.55640,0.03108,0.37650,0.64192,0.01803,0.04594,0.32108,0.03887,0.53688,0.62840,0.53945,0.04751,0.03365,0.31604,0.00808,0.55040,0.03864,0.03801,0.38906,0.57163,0.05843,0.05729,0.05466,0.03644,0.01642,0.03346,0.03315,0.06290,0.47949,0.05003,0.04331,0.05293
0.52182,0.00658,0.35531,0.47876,0.04071,0.01939,0.62006,0.04617,0.58611,0.72560,0.65609,0.00096,0.06491,0.55091,0.03076,0.54705,0.02400,0.02287,0.60329,0.54182,0.00508,0.01519,0.07652,0.01310,0.03775,0.03082,0.03743,-0.00563,0.38635,0.03756,0.04849,0.02176
0.27592,0.03882,0.35417,0.65816,0.04861,0.02553,0.29221,0.04145,0.69844,0.59269,0.49218,-0.00259,0.03076,0.44699,0.04856,0.55276,0.03109,0.06705,0.33007,0.40310,0.03227,0.02406,0.06517,0.02568,-0.00402,0.04641,0.01034,0.03328,0.27747,0.00474,0.07283,0.02539
0.61587,0.05610,0.63058,0.70279,0.06708,-0.00221,0.22621,0.03273,0.24660,0.55584,0.31845,0.03589,0.01191,0.73327,0.02460,0.47091,0.02981,0.02522,0.34821,0.74016,0.00910,-0.00558,0.02829,0.02508,0.06626,0.05631,0.03528,0.01324,0.49509,0.03602,0.03061,0.02799
0.72066,0.03028,0.64036,0.61087,0.05711,0.02790,0.56572,0.01950,0.28833,0.44860,0.34847,0.03168,0.02533,0.46981,0.07228,0.46361,0.01690,0.01343,0.43342,0.25312,0.04067,0.04553,0.00044,0.02265,0.00417,0.05843,0.02017,0.03609,0.02877,0.02966,0.03135,0.03193
0.51261,0.03705,0.49708,0.62132,0.04950,0.03486,0.40671,0.01214,0.76293,0.50045,0.26915,0.04768,0.01970,0.24920,0.00061,0.43032,0.06090,0.04632,0.28340,0.65028,0.02862,0.05325,0.03646,-0.00342,0.01520,0.01424,0.04074,0.01201,-0.00418,0.01911,0.05021,0.00436
0.32248,0.02601,0.22884,0.46521,0.01621,0.01013,0.40192,0.03345,0.43244,0.27001,0.45561,0.02272,0.04583,0.71902,0.03528,0.41232,0.02401,0.00510,0.63704,0.26978,0.03341,0.03470,0.02058,0.02343,0.02303,0.00702,0.03956,0.00160,0.03471,0.03224,0.03511,0.02105
0.66237,0.05664,0.53151,0.30208,0.00482,0.07034,0.35261,0.02106,0.54241,0.60017,0.61512,0.02568,0.04483,0.54516,0.02197,0.31899,0.02807,0.01532,0.25367,0.52151,0.06060,0.00011,0.02607,0.00545,-0.00977,0.04858,0.03979,0.07910,0.06536,0.01126,0.02723,0.04532
0.31850,0.03726,0.34523,0.43134,0.04376,0.05701,0.61428,0.05956,0.55112,0.29521,0.59297,0.08712,0.05597,0.64232,0.01353,0.66688,-0.01353,0.06195,0.46866,0.37901,0.03493,0.09650,0.04263,0.03365,0.03360,0.03001,0.02164,0.02233,0.02284,0.02307,0.02123,0.03569
0.46819,0.00217,0.44439,0.39818,-0.00275,0.03985,0.68550,0.04026,0.40586,0.55995,0.70630,0.03216,0.01978,0.43316,0.02183,0.53292,0.08408,0.03208,0.66319,0.59122,0.06271,0.05583,0.03221,0.04222,0.04651,0.02311,0.05901,0.03983,0.03428,0.03527,0.01350,0.04512
0.42667,0.03186,0.48038,0.26802,0.00333,0.02178,0.39663,0.04161,0.62146,0.70329,0.60855,0.07317,0.02484,0.46658,0.06032,0.49608,0.02804,0.04294,0.69425,0.27923,0.03650,0.04337,-0.00848,0.01262,0.01236,0.02889,0.01968,0.03351,0.03477,0.06844,0.05732,0.03416
0.32327,-0.00480,0.27369,0.46959,0.05474,0.00829,0.55292,0.05670,0.44596,0.47028,0.69943,0.00254,0.01948,0.56605,0.03786,0.26484,0.08585,0.02235,0.38682,0.33945,-0.00035,0.03541,0.02331,0.04634,0.03272,0.07496,0.02881,0.02214,0.06244,0.00582,0.03328,0.02592
0.64905,0.02319,0.57057,0.44295,0.05277,0.06743,0.59563,0.03995,0.67058,0.39511,0.34860,-0.00516,0.00112,0.69383,0.01900,0.69869,0.06108,0.04392,0.75375,0.63398,0.05922,0.05998,0.01282,0.02770,0.06198,0.01529,0.02619,0.02005,0.03984,0.05286,0.04874,-0.01118
0.63871,0.03944,0.40315,0.59172,0.06104,-0.00881,0.39127,0.03514,0.40740,0.32510,0.31984,0.05162,0.03187,0.47913,0.07622,0.30346,0.03520,0.03813,0.71060,0.57757,0.05371,0.02871,0.05485,0.07598,0.01635,0.03447,-0.01677,0.02979,0.03686,0.05253,0.02758,0.00929
0.73338,0.02481,0.31014,0.24875,0.00208,0.00926,0.47753,0.03310,0.51459,0.55967,0.32258,0.02856,0.03422,0.27500,0.01216,0.60844,0.04097,0.03356,0.70584,0.34748,-0.01085,0.02225,0.05251,0.04665,0.04058,0.05564,0.01473,0.02896,0.04067,0.01394,0.06347,0.02487
0.40429,0.03425,0.33087,0.51375,-0.00358,0.04402,0.37359,0.04296,0.44356,0.69604,0.28474,0.02908,-0.01318,0.57509,0.01966,0.56217,0.01761,0.07806,0.64603,0.27988,0.00931,0.00893,-0.00670,-0.01413,0.02056,0.06295,0.02490,0.03748,0.03709,0.00400,0.01989,0.05611
0.38137,0.01287,0.72015,0.71889,0.07708,0.01215,0.24392,0.03588,0.39351,0.27230,0.73367,0.03208,0.03459,0.60563,0.04516,0.27607,-0.00260,0.01181,0.42882,0.35930,0.05571,0.08538,0.03235,0.05328,0.03826,0.05099,0.01041,0.02448,0.02341,0.05163,0.05274,0.02566
0.67646,0.01162,0.38656,0.47266,-0.00423,0.01700,0.57706,-0.00633,0.62744,0.32338,0.34301,0.05765,0.01116,0.47295,0.03321,0.57047,0.02536,0.03627,0.26591,0.63249,0.02155,0.03717,0.00712,0.04125,0.01203,0.08386,0.04670,0.04211,0.06835,0.05945,0.03373,0.02450
0.71242,0.03066,0.29712,0.35811,0.03634,-0.00179,0.62751,0.00603,0.60968,0.72715,0.66922,0.00862,0.01263,0.38011,0.04669,0.69700,0.03120,0.05217,0.64805,0.47738,0.01330,0.05449,0.01415,0.02599,0.05608,0.05954,0.02625,0.05519,0.05277,-0.01235,0.02249,0.03423
0.68186,0.00848,0.25391,0.34860,0.05719,0.00082,0.46122,0.07276,0.71380,0.32656,0.24761,0.01791,0.02575,0.70629,0.02196,0.43565,0.01510,0.07083,0.72519,0.59848,-0.00470,0.07103,0.00968,0.05466,0.03849,0.03065,0.02056,0.05734,0.05437,0.00525,0.01159,0.03558
0.31174,0.01867,0.39206,0.48107,0.04447,0.03516,0.27889,0.06312,0.36074,0.43117,0.36008,0.05638,0.01762,0.40871,-0.00119,0.28673,0.01841,0.05957,0.47830,0.43545,0.03049,0.05637,0.05911,0.03417,0.02262,0.06894,0.00200,0.02791,0.05564,0.01983,0.03363,0.03443
0.33074,0.01515,0.48578,0.38131,0.05894,0.03768,0.60612,0.03405,0.31193,0.39656,0.67802,0.04613,0.01473,0.39925,0.03638,0.45768,0.02232,0.06009,0.40305,0.32739,0.05172,0.01881,0.02871,0.00695,0.03451,0.04663,0.03415,0.03535,0.02850,-0.02450,0.03174,0.00413
0.39610,0.01787,0.39059,0.60977,0.01794,0.03889,0.33533,0.06486,0.75241,0.61718,0.47190,0.04020,0.07481,0.46104,0.01493,0.47505,0.02734,0.04865,0.50718,0.64447,0.03828,0.03162,0.03665,0.01127,0.05048,0.01996,0.02721,0.03615,0.01451,0.02982,-0.00416,0.05166
0.29868,0.00343,0.53436,0.32191,0.01758,0.00468,0.42291,0.04015,0.69374,0.67006,0.41169,0.01190,0.07264,0.29666,0.03340,0.61334,0.00817,0.02575,0.36223,0.55719,0.00262,0.04062,0.05074,0.01644,0.00839,0.05620,-0.02247,0.05321,0.01306,0.04101,0.04433,0.02459
0.43874,0.00308,0.47583,0.51430,0.04076,0.03931,0.70294,0.01617,0.50824,0.75858,0.63558,0.03238,0.02934,0.40636,0.04033,0.54511,0.06812,0.01123,0.58929,0.62905,0.02576,0.02599,0.03405,0.01601,0.05132,0.04782,-0.00401,-0.01376,0.00501,0.03202,0.02556,0.06098
0.32500,0.05124,0.62251,0.29883,0.04264,0.04782,0.40525,0.06057,0.65556,0.54029,0.36915,0.02869,0.08172,0.70543,0.04102,0.52860,0.02501,0.01353,0.52579,0.73469,0.07615,0.03143,0.02679,0.02787,0.04736,0.02164,0.01492,0.02724,0.03105,0.03154,-0.00595,0.02100
0.51970,0.04912,0.35953,0.71266,0.01307,0.02635,0.58084,0.01442,0.70103,0.35700,0.51405,0.04617,0.03938,0.62773,0.06215,0.25843,0.02007,0.00023,0.57507,0.54364,0.01798,0.02949,0.00594,0.02813,-0.01583,0.03903,0.03004,0.06655,0.05673,0.04218,0.00615,0.02628
0.28564,-0.00259,0.34784,0.04002,0.08758,0.05946,0.67491,0.05452,0.65670,0.39533,0.26826,-0.00554,0.01797,0.55612,0.04251,0.67606,0.02213,0.02852,0.64831,0.52111,0.01982,-0.01924,0.01360,0.03581,0.03243,0.02056,0.04626,0.04196,0.01221,0.03090,0.00059,0.05158
0.72086,0.04134,0.44287,0.03366,0.00880,0.02701,0.39411,0.04141,0.61079,0.53931,0.62822,0.07686,0.07329,0.35588,0.42845,0.74704,0.04080,-0.01028,0.33328,0.37586,0.01194,0.04844,0.03894,0.01826,0.04439,0.04212,0.01399,0.00018,-0.00908,0.02033,0.01083,0.06317
0.53974,0.03054,0.65459,0.07708,0.03787,0.05333,0.32058,0.02121,0.54509,0.33121,0.48443,0.00415,-0.00774,0.57997,0.30286,0.51648,-0.02568,0.01291,0.51226,0.68165,0.06351,0.02952,0.04514,0.06129,0.03011,0.03326,0.01432,0.03698,0.04601,0.02451,0.02600,0.08274
0.70401,0.01786,0.71350,0.06306,0.04752,0.02568,0.34099,0.05040,0.27976,0.30448,0.67823,0.06693,0.01554,0.26620,0.77452,0.42549,0.04401,0.02782,0.43348,0.50710,0.06252,0.03986,0.02637,0.02103,0.04698,0.06004,0.02312,0.06401,0.04829,0.02110,0.06332,0.06258
0.60195,0.04647,0.47980,0.07183,0.03551,0.08217,0.28850,0.03091,0.45702,0.52666,0.72133,0.03175,0.00346,0.69720,0.50761,0.34560,0.01876,0.04819,0.32498,0.53406,0.07680,0.03821,0.02831,0.05532,0.02642,0.00453,0.02305,0.03930,0.05653,0.04124,0.06415,0.01155
0.74245,0.04379,0.23616,0.04936,0.08051,0.07537,0.49705,0.04639,0.68778,0.58163,0.67990,0.05430,0.03637,0.48920,0.31867,0.56540,0.01019,0.01622,0.57751,0.72053,0.04087,0.03490,0.06183,0.01586,0.04215,0.02282,0.03536,0.00176,0.05151,0.01026,0.01568,0.04519
0.74733,0.04893,0.61253,0.01493,0.07358,0.01632,0.59245,0.04191,0.68921,0.42058,0.44122,0.01457,0.02661,0.35485,0.28282,0.59477,0.04360,0.03244,0.51816,0.33809,0.07336,-0.00253,0.04183,-0.00127,-0.00605,-0.01332,0.00484,0.01142,0.02989,0.07096,0.02038,0.02325
0.32474,0.05586,0.41983,-0.00632,0.04005,0.05153,0.38528,0.02674,0.53394,0.43351,0.57027,0.01778,-0.01139,0.32046,0.78015,0.35291,0.03652,0.01198,0.31273,0.52771,0.03561,0.01768,0.03044,0.04446,0.04097,-0.03339,0.03749,0.03189,0.02301,0.01657,0.04045,0.00974
0.56577,0.03073,0.43171,0.06981,0.00428,0.08153,0.68794,0.04091,0.58827,0.43530,0.63856,0.01726,0.03459,0.40023,0.46339,0.48111,0.03967,0.03905,0.27048,0.25225,0.00923,0.02281,0.02203,0.01546,-0.00603,0.03331,0.04608,0.05291,0.03171,0.04284,-0.00136,0.06794
0.34797,0.01214,0.28191,0.04411,0.03012,0.05498,0.68175,0.05692,0.55191,0.48867,0.28324,0.04826,0.05045,0.57684,0.62678,0.33470,0.01859,0.01040,0.55013,0.36326,0.05661,0.02416,0.04138,0.01004,0.07943,0.03197,0.04263,0.07081,0.04149,0.00553,-0.00811,0.03537
0.41654,0.02167,0.27116,0.06614,0.00946,0.00379,0.71507,0.05902,0.53952,0.29009,0.32051,0.00758,0.01374,0.60011,0.41890,0.74093,0.00817,0.01316,0.38124,0.54334,0.02420,0.02832,0.06850,0.04601,0.02732,0.03348,0.03425,0.02024,0.05660,0.00287,0.03793,0.03979
0.63290,0.03536,0.71651,0.02671,0.02303,0.03758,0.70972,-0.00219,0.56073,0.27517,0.62741,0.03905,0.04370,0.63841,0.46418,0.26054,0.02723,-0.01609,0.68180,0.26622,-0.01591,0.06463,0.02805,0.03107,0.02300,0.00953,0.02087,-0.00178,0.02419,0.03463,0.00546,-0.01201
0.65010,0.00953,0.74678,0.03149,-0.00279,0.03109,0.56757,0.04552,0.54017,0.52412,0.35067,0.04242,0.00764,0.63777,0.67277,0.66226,0.03275,0.06580,0.41744,0.71783,0.04645,0.02888,0.04840,0.00436,0.02069,0.01420,0.04212,0.03327,0.05442,-0.00259,-0.00345,0.05294
0.43514,0.02329,0.43114,0.01115,-0.04372,0.02059,0.53337,0.04935,0.61403,0.38006,0.48473,0.01278,0.01542,0.71667,0.27582,0.74315,0.03495,0.03030,0.32075,0.59137,0.02950,0.02422,0.06913,0.03013,0.06292,0.05218,0.03237,0.01198,0.02184,0.05348,0.03392,0.02141
0.31182,0.03649,0.69184,0.04518,0.04122,-0.00517,0.26487,0.01233,0.46818,0.42321,0.71867,0.02488,0.00330,0.34362,0.27869,0.62348,0.02921,-0.03552,0.29893,0.42239,0.00716,0.00016,-0.00214,0.03257,0.02872,0.04088,0.06641,0.04145,0.07186,0.05961,0.01545,0.00649
0.55688,0.03705,0.33199,0.02582,0.03791,0.03859,0.31488,-0.00931,0.65360,0.30485,0.71379,0.03466,0.02169,0.61108,0.35667,0.33830,0.03814,0.03554,0.33801,0.70136,0.03983,0.01612,0.04301,0.01292,0.03172,0.05055,-0.00061,0.04659,0.02374,-0.00087,0.06002,0.02798
0.40804,0.03243,0.69442,0.05416,0.00239,0.03290,0.74954,0.05829,0.66841,0.70968,0.55193,-0.00226,0.04825,0.46669,0.57286,0.68243,0.02998,0.03087,0.69253,0.27339,0.04165,-0.00496,0.03327,0.04627,0.02806,0.05947,0.03389,0.05542,0.03176,-0.00311,0.02592,-0.00745
0.52249,-0.00603,0.29196,0.01329,0.01039,0.03193,0.55069,0.02120,0.68921,0.37399,0.74033,-0.00215,0.05264,0.28071,0.50321,0.57880,0.01624,0.03433,0.29656,0.52928,-0.00129,0.04349,0.04515,-0.00492,0.07614,0.05800,0.04751,0.01976,0.03905,0.04176,0.07227,0.04388
0.39792,-0.01810,0.55775,0.01310,0.04799,0.05193,0.68162,0.04678,0.30788,0.29261,0.30835,-0.00395,0.04238,0.74546,0.27580,0.56953,0.03419,0.01601,0.57146,0.55857,0.03431,0.01244,0.07269,0.00006,0.03202,0.01202,-0.00146,0.07499,0.01070,0.01035,0.00399,0.04191
0.26412,0.01444,0.46562,0.05549,0.03049,-0.00385,0.39918,0.04500,0.46805,0.53556,0.69917,-0.00793,0.03885,0.73948,0.56312,0.67312,0.03247,0.01452,0.72335,0.35801,0.05840,0.02367,0.05229,0.00055,0.05265,0.04759,-0.01468,0.03702,0.01274,0.01565,0.02525,0.01977
0.22244,0.02038,0.37784,0.02862,-0.00716,0.04534,0.31339,0.05698,0.31361,0.36758,0.62643,0.03424,0.05595,0.58470,0.74783,0.66609,0.06593,0.04010,0.31984,0.29895,0.01310,0.01295,0.02618,0.02185,0.03726,0.03539,0.01046,0.00945,-0.03747,0.01174,0.02240,0.03422
0.73688,0.05748,0.48086,0.03790,0.05187,0.04136,0.44517,0.04839,0.39910,0.64471,0.44793,0.06068,0.03845,0.68909,0.41078,0.64171,0.02893,0.02925,0.38653,0.30375,0.03251,0.03325,0.03554,0.05458,0.03421,0.04082,0.04534,-0.02738,0.02259,0.06912,0.02756,0.00046
0.34993,0.02369,0.34741,0.01679,0.00628,0.01085,0.63057,0.01180,0.32583,0.55632,0.78475,0.03367,0.01807,0.74026,0.51188,0.53305,0.00208,0.04550,0.58124,0.68326,-0.00021,-0.00549,-0.00188,0.01067,0.04141,0.03552,0.05142,0.02756,0.01312,0.01014,0.03826,0.04880
0.70692,0.03957,0.49780,0.03903,0.07823,0.02862,0.41992,0.06334,0.26907,0.49977,0.32960,0.04279,0.05689,0.67042,0.75067,0.58373,0.03898,0.04245,0.62465,0.48126,0.05807,0.01664,0.00221,0.03718,0.05537,0.03177,0.02918,0.01931,0.02291,0.04118,0.01735,-0.00121
0.66333,0.03593,0.74484,-0.00130,0.00624,0.07084,0.33625,0.05057,0.62907,0.62931,0.72351,0.03446,0.04967,0.67268,0.51466,0.53040,0.00917,0.01918,0.70527,0.36589,0.05697,0.02369,0.00281,0.05870,0.00126,0.02930,0.02215,0.08793,0.03916,0.05802,-0.00330,0.03508
0.53923,0.03350,0.49144,0.02117,0.02748,0.01110,0.35909,0.02527,0.26090,0.28572,0.64248,0.02109,0.01006,0.56101,0.45888,0.68941,0.04768,0.05891,0.59572,0.43038,0.00542,-0.00882,0.03195,0.03806,0.05489,0.03981,0.01858,0.04119,0.04291,0.02057,0.03831,0.04156
0.32460,0.03955,0.31101,0.02565,0.03716,0.01100,0.42273,0.04522,0.37033,0.60489,0.72020,0.04182,0.04856,0.28924,0.37689,0.33004,0.04639,-0.00256,0.70525,0.71051,0.04804,-0.00107,0.04148,0.03496,0.06773,0.03603,0.07409,0.02690,0.01988,-0.00698,0.03418,0.01347
0.31424,-0.00812,0.46067,0.04389,0.02946,0.00259,0.41631,0.06889,0.46682,0.47740,0.44903,0.02389,0.03478,0.62887,0.29611,0.66913,0.02907,0.02338,0.40909,0.65122,-0.00128,0.01240,0.04320,0.02132,-0.00069,0.00435,-0.02072,0.03045,0.09236,0.04776,0.02819,0.01055
0.51942,0.03215,0.35163,0.04712,-0.00441,0.04470,0.55462,0.03429,0.57857,0.26877,0.52993,0.08944,0.04001,0.47402,0.61454,0.39595,0.04805,0.04703,0.55086,0.68689,0.03500,0.02385,0.02562,0.01756,0.02372,0.03749,0.02155,0.03484,0.01608,0.01953,0.05802,0.02454
0.74491,0.05217,0.26928,0.02325,0.02119,0.01977,0.55129,0.06309,0.70072,0.70051,0.42289,0.01434,0.06629,0.69357,0.66525,0.38782,0.04278,0.02636,0.62528,0.48135,0.00795,0.07170,0.03998,0.05694,-0.00010,0.04129,0.00850,0.00990,0.02461,0.00681,0.05613,0.00920
0.66941,0.02637,0.39612,0.02410,0.00924,-0.00988,0.70484,0.05264,0.43463,0.31778,0.67522,0.03924,0.07476,0.37728,0.55041,0.74035,-0.01142,0.01838,0.25649,0.34396,0.03699,0.01263,0.02961,0.06354,0.00249,0.07089,0.03946,0.02728,0.00231,0.02467,-0.00952,0.00073
0.45259,0.02586,0.54518,-0.00075,0.06469,-0.00275,0.30070,0.01770,0.58089,0.55413,0.58927,0.02899,0.01481,0.43942,0.39907,0.56174,0.03962,0.01730,0.39360,0.61686,0.03321,0.00500,0.00122,0.02623,0.04861,0.05290,0.03114,0.04722,0.02750,0.02048,0.02228,0.03130
0.70657,0.01912,0.35517,0.06839,0.06629,0.01812,0.48914,0.03393,0.38511,0.46350,0.72717,0.01379,-0.00128,0.32347,0.45979,0.25422,0.04850,0.04574,0.38108,0.65215,0.04308,0.06434,0.02463,0.01240,0.03806,0.01368,0.03834,0.04889,0.01071,0.03610,0.04982,0.02887
0.59125,0.01347,0.57838,-0.00268,-0.01451,0.03134,0.38681,0.04243,0.32029,0.25541,0.35554,-0.02774,0.03133,0.42169,0.66798,0.57831,0.03739,0.01640,0.59976,0.63060,0.04069,0.04245,0.01933,0.05684,0.01559,0.02063,0.04044,0.04697,0.01254,0.06515,0.01500,0.01867
0.54822,0.05754,0.52641,0.01934,0.04024,0.06107,0.35346,0.03709,0.68236,0.56480,0.27965,0.06776,0.02702,0.47394,0.71495,0.56452,0.01025,-0.00702,0.41441,0.71704,0.02545,0.05053,0.02671,0.02713,0.02636,0.04090,0.06378,0.07039,0.02400,0.04105,0.02321,0.01538
0.37803,0.00283,0.65004,0.03352,0.03547,0.03959,0.39965,0.05438,0.53885,0.64567,0.31999,0.02028,0.01530,0.45076,0.43356,0.66224,0.03289,-0.00440,0.49198,0.49934,0.04632,0.04544,0.03358,0.04709,0.03911,0.01393,0.03170,0.06677,0.01242,0.02840,-0.00725,0.06587
0.24094,0.03724,0.49319,0.04931,0.03414,0.05205,0.64414,0.00738,0.55103,0.29430,0.66903,0.01732,0.01935,0.31570,0.36923,0.37949,-0.00729,0.03839,0.53182,0.31350,0.00266,-0.01098,0.07252,0.00743,0.04063,-0.00316,0.04058,0.01921,0.03747,0.03360,0.03249,0.06133
0.38762,0.02648,0.59469,0.03208,0.02950,0.01959,0.41093,0.03518,0.33943,0.67867,0.29388,0.02395,0.03476,0.48974,0.40467,0.43910,0.04021,0.06171,0.54549,0.50852,0.03488,0.03566,0.04098,0.02044,-0.00920,0.02765,0.05359,0.03889,0.01588,0.00128,0.04938,0.03116
0.59719,0.04207,0.43580,-0.00984,0.03252,0.02086,0.50245,0.01178,0.58978,0.66737,0.68066,0.03188,0.03424,0.31820,0.29158,0.72153,0.00459,0.05624,0.37823,0.25400,0.00788,0.00696,0.04440,0.04115,0.03680,0.00841,0.02465,0.09606,0.02857,0.01576,0.07530,-0.02595
0.68833,0.02387,0.41654,0.04655,0.02238,0.00589,0.32290,0.02808,0.42433,0.63588,0.29315,0.00226,0.06373,0.59198,0.62147,0.48510,0.04673,0.04063,0.27441,0.43507,0.05219,0.04369,0.04929,0.03392,0.02129,0.01547,0.06439,0.04110,0.04443,-0.01587,0.03118,0.02945
0.30969,0.02899,0.65928,0.03263,0.02641,-0.01760,0.60967,0.00394,0.55382,0.50390,0.28008,0.04412,0.01708,0.52796,0.62071,0.56825,0.00118,0.03436,0.56096,0.73462,0.04649,-0.00166,0.02420,0.02882,0.04096,0.02400,0.02886,0.03808,0.00200,0.03751,0.03357,0.05800
0.59503,0.02261,0.27655,0.02940,0.05720,0.05836,0.67117,0.07498,0.26152,0.34587,0.62204,0.02364,0.06511,0.55894,0.69526,0.23400,-0.00541,0.01942,0.42285,0.30210,-0.02834,0.02163,0.03292,0.01199,0.06348,-0.00971,0.01668,0.05007,0.03875,0.03516,0.00545,0.04879
0.33712,0.03045,0.27766,0.04072,0.05879,-0.01269,0.33816,0.01565,0.37653,0.38531,0.31978,0.01500,0.02750,0.32530,0.52852,0.39954,0.08243,0.06849,0.73424,0.64432,0.01518,-0.00522,0.03033,0.01884,0.01608,0.00358,0.02440,0.07084,-0.00256,-0.03691,0.02537,0.02331
0.57470,0.06333,0.49284,0.02466,0.04504,0.00195,0.65024,0.01435,0.54668,0.68995,0.36009,0.01106,0.06367,0.60310,0.33338,0.38311,0.01624,0.03468,0.62923,0.71204,0.01457,0.02441,0.01438,0.07593,0.00638,0.02236,0.03491,0.04736,0.04862,-0.01956,0.01061,0.00760
0.45404,0.00115,0.43105,0.01647,0.03849,0.00840,0.35843,0.03547,0.71935,0.49644,0.53614,0.03895,0.00523,0.60874,0.28570,0.29934,0.03959,0.02848,0.64470,0.56901,0.02312,0.04832,0.05107,0.03202,0.03520,0.04956,0.05773,0.04006,0.03390,0.03940,0.01189,0.04435
0.37799,0.05754,0.31104,0.03732,0.04374,0.02209,0.29922,0.02435,0.70332,0.69888,0.28462,0.01283,0.08200,0.38401,0.34186,0.66228,0.03033,0.05480,0.46952,0.71180,0.04100,0.04935,0.02264,0.01346,0.03488,0.04794,-0.00470,0.02138,0.05468,0.04978,0.03939,0.02719
0.36601,0.04085,0.60316,0.05840,0.01792,0.02342,0.70509,0.02418,0.29878,0.45677,0.32824,0.02542,0.03407,0.34191,0.62144,0.55945,0.04906,0.03916,0.55064,0.37070,0.01997,0.08009,0.04449,-0.00115,-0.01979,0.01486,0.02285,0.01381,0.01794,0.05340,0.03685,0.03122
0.25911,0.03119,0.40844,0.03568,0.04146,0.05854,0.31527,0.00950,0.45453,0.32840,0.35618,0.05923,0.02869,0.62615,0.61624,0.41914,-0.00301,0.02334,0.65224,0.34376,0.05269,0.02641,0.02531,0.00932,-0.00327,0.03085,0.04224,0.03279,0.06399,0.01298,0.03416,0.03117
0.62651,0.02597,0.41164,0.02820,0.02617,0.01513,0.49852,0.02451,0.63529,0.26760,0.42744,0.03633,0.03279,0.46636,0.64281,0.36493,0.02622,0.03212,0.42145,0.33647,0.01141,0.07846,0.04977,0.06051,0.05078,0.03169,0.01979,0.04025,0.02527,0.03600,0.05702,-0.01750
0.46398,0.02319,0.23926,0.04546,0.03472,0.05374,0.55012,0.03765,0.62840,0.33777,0.66995,0.05132,0.03134,0.45290,0.41349,0.34163,0.04832,0.02272,0.70078,0.49358,0.00851,0.03506,0.05282,0.03201,0.06399,0.01279,0.04524,0.01259,0.06198,0.03251,0.04006,0.05619
0.63718,-0.01142,0.63632,0.04836,0.06116,0.04033,0.56113,0.04963,0.57185,0.61036,0.69141,0.00583,-0.00388,0.39942,0.32092,0.44943,0.03792,0.02287,0.72581,0.44929,-0.01914,0.03844,0.04923,-0.01465,0.04411,-0.00978,0.05076,0.01460,0.06346,0.05659,0.01024,0.03011
0.29929,0.01103,0.57391,0.03786,0.04886,0.00691,0.50286,0.03161,0.49940,0.31509,0.54032,0.02905,0.01485,0.60902,0.42717,0.69060,0.01832,0.04549,0.55467,0.34545,-0.00158,0.01428,-0.00167,0.03643,0.04770,0.00659,-0.00429,0.03495,0.04633,0.06221,0.00840,0.02472
0.56764,0.03846,0.67849,0.04005,0.04283,-0.00722,0.60231,0.04228,0.54023,0.36596,0.24265,0.00342,0.06130,0.39302,0.40019,0.70171,0.01220,0.05107,0.64341,0.39789,0.06590,0.03961,0.03247,0.02215,-0.03527,-0.00992,0.01160,0.03060,0.05236,0.03795,0.01043,0.04769
0.36574,0.02940,0.27776,0.07281,0.03777,0.01225,0.55446,0.02887,0.65275,0.69504,0.34902,0.02764,0.03417,0.63453,0.60280,0.63910,0.00728,0.08840,0.44722,0.69930,0.03819,0.06360,0.03037,0.00887,0.03122,0.01104,0.03299,0.06138,0.03885,-0.00317,0.01781,0.03949
0.31345,0.03706,0.72113,0.02664,0.01160,0.06304,0.67333,0.03501,0.55967,0.69071,0.68943,0.03665,0.05819,0.46294,0.59269,0.57936,-0.00721,0.01195,0.31775,0.31988,-0.00136,0.02412,0.04428,0.01293,0.07901,0.03815,-0.00558,0.04102,0.01844,0.01065,0.06699,-0.01084
0.72564,0.03545,0.77508,0.07708,0.01619,0.01482,0.53759,-0.00839,0.64504,0.36720,0.24749,0.01584,0.06010,0.66172,0.30645,0.43475,0.04384,0.02523,0.75394,0.33470,0.01922,0.04033,0.01286,0.03568,0.03522,0.04581,0.00640,0.06146,0.06252,0.04566,0.04771,0.04331
0.57438,0.01730,0.52800,-0.00210,0.03605,0.03085,0.46200,0.00626,0.37915,0.69675,0.49099,0.01027,0.03026,0.71312,0.53220,0.45186,0.04396,0.08502,0.65856,0.54989,0.03000,0.01675,0.03978,0.02234,0.03333,0.02404,0.04378,0.03400,0.08475,0.02308,0.01656,-0.00050
0.65107,0.03844,0.69251,0.00960,0.01889,0.02130,0.56347,0.04025,0.32315,0.34710,0.62400,0.04764,0.06353,0.61055,0.33425,0.50318,0.09145,0.00344,0.36038,0.65592,0.03575,0.04486,0.03098,0.02292,-0.00419,0.04557,0.01256,0.01645,0.05550,0.03494,0.00848,0.01186
0.31669,-0.00274,0.73687,0.05787,0.02855,0.01434,0.62326,0.05288,0.44317,0.67021,0.33539,0.03781,0.00710,0.69240,0.57156,0.36697,0.01933,0.05381,0.35273,0.32819,0.08901,0.03695,0.02828,0.03751,0.04177,0.04785,0.05427,0.03197,0.02510,0.01623,0.05265,0.04883
0.29473,0.04549,0.28813,0.03380,0.02542,-0.02988,0.29013,0.02772,0.65983,0.32748,0.24502,0.02407,0.03207,0.47689,0.76382,0.65199,0.04234,0.03745,0.62501,0.67091,0.01896,0.02686,0.05166,0.03824,0.01118,0.06750,0.03935,0.04132,0.05047,0.01821,0.04005,0.02995
0.36798,0.02040,0.72896,0.04328,0.04951,-0.01448,0.68759,0.01934,0.67466,0.27301,0.59031,0.01694,0.08320,0.28246,0.31549,0.52015,0.05762,0.06191,0.71637,0.35603,-0.01786,0.00602,0.03996,0.04567,0.05089,0.05281,0.00032,0.11283,0.05816,0.03400,0.00737,0.03295
0.42142,-0.00260,0.68448,0.02919,0.04115,0.03424,0.71699,0.04653,0.53024,0.61012,0.29597,0.02122,0.03809,0.39863,0.63059,0.43099,0.04835,0.01079,0.30905,0.54179,0.01893,-0.02999,-0.00640,0.04137,0.02300,0.04959,0.05238,-0.01151,0.02849,0.02316,0.01954,0.05036
0.52204,0.03977,0.34428,0.02170,0.01083,0.02449,0.58127,0.03812,0.47668,0.34330,0.69180,0.06451,-0.00119,0.48014,0.63400,0.46089,0.03272,0.01053,0.40056,0.74321,0.03690,0.01313,0.00784,0.04447,0.02984,0.03484,0.01767,0.02390,-0.03138,0.02782,0.06889,0.00867
0.62103,0.01190,0.76646,0.01608,0.04798,-0.01105,0.61813,0.01337,0.29177,0.41576,0.74787,0.03767,0.05660,0.59277,0.45292,0.72783,0.03990,0.01989,0.42732,0.65563,0.02266,0.02709,0.02372,0.06282,0.07462,-0.00457,0.04728,0.02591,0.01344,0.03793,0.03997,0.05118
0.58922,0.06366,0.32023,0.04092,0.07408,0.01359,0.54825,0.02263,0.52106,0.50527,0.72132,0.07430,0.04929,0.66844,0.49697,0.30240,0.04664,0.02118,0.55830,0.71416,0.04183,0.04906,0.01617,0.06890,0.03087,0.04233,0.03299,0.06344,0.03036,0.07419,0.02462,0.00891
0.60633,0.00503,0.32855,0.04806,0.04598,0.04110,0.52842,0.00200,0.27997,0.39672,0.31608,0.05803,0.01821,0.29636,0.27686,0.68924,0.04382,0.00566,0.22565,0.50180,0.01323,0.04410,0.07403,0.02683,0.06602,0.01784,0.05630,0.06591,-0.00283,-0.01819,0.05882,0.01319
0.25450,0.03536,0.56572,0.04679,0.05615,0.02643,0.25002,0.02045,0.44875,0.41657,0.42695,0.06807,0.02014,0.73432,0.52944,0.56656,0.04233,0.04023,0.37205,0.62849,0.02974,0.04318,0.00773,0.05883,0.05906,0.04017,0.04795,0.01640,0.02151,0.00241,0.02594,0.04161
0.25321,0.04651,0.46900,0.02823,0.04430,0.03990,0.42215,0.02351,0.35147,0.54202,0.30371,0.05785,0.04905,0.55085,0.39139,0.40433,0.07646,0.04104,0.28272,0.29472,0.00512,0.01453,-0.01182,0.03307,0.05307,0.03785,0.01312,0.02743,0.00891,0.03867,0.06811,0.03345
0.45780,0.00818,0.70798,0.03908,0.02948,0.01273,0.55226,0.03023,0.25524,0.44916,0.31197,-0.00150,0.02550,0.56120,0.64850,0.76231,0.00819,0.03748,0.58312,0.57496,0.00597,-0.00741,0.07264,-0.00507,0.03382,-0.01067,0.05565,0.02071,0.04993,0.05314,0.04045,0.07076
0.37559,0.04820,0.39560,0.03834,0.02083,0.03058,0.43136,0.03685,0.43264,0.66734,0.66079,0.06140,0.03490,0.73866,0.28745,0.39619,0.01212,0.03067,0.33653,0.41247,0.01326,0.04489,0.00255,0.04985,-0.02044,0.00061,0.04988,0.08473,0.03992,0.03382,0.04919,0.03075
0.30238,0.02540,0.74311,0.02889,0.03260,0.04494,0.54399,0.04305,0.65779,0.36823,0.40447,0.03666,0.02961,0.38236,0.37283,0.65285,0.03223,0.07694,0.26336,0.59993,0.04416,0.05029,0.07301,0.05116,0.01251,0.05294,-0.00823,0.03115,0.02794,0.02321,0.04451,0.03290
0.71033,0.04246,0.42103,0.02236,0.05641,0.05164,0.53211,0.02499,0.56151,0.75625,0.47426,0.03599,0.04004,0.48649,0.44025,0.70118,0.00972,0.02541,0.45508,0.26442,0.04029,0.03015,0.03833,0.04443,0.03442,0.07965,0.05636,0.02916,0.01759,0.01389,0.01569,0.02983
0.59049,0.03001,0.54682,-0.00528,0.06091,0.05138,0.28177,0.04395,0.63425,0.69637,0.39709,0.02211,0.06015,0.28900,0.67528,0.41534,0.06818,0.02612,0.50509,0.68022,0.05419,0.00664,0.04927,0.02911,0.01348,0.05238,0.05475,0.04234,0.00169,0.04005,0.06605,0.06620
0.67034,0.04490,0.25566,0.03590,0.02439,0.04950,0.46518,0.06409,0.32910,0.55537,0.65501,0.05284,0.03377,0.53710,0.25913,0.49061,0.01348,0.02817,0.69695,0.67182,-0.00552,0.03246,0.04548,0.05667,0.04358,0.03769,0.03977,0.04674,-0.00695,-0.03653,0.03435,0.01773
0.59270,0.01154,0.64215,0.03092,0.04203,0.03603,0.47010,0.03439,0.57165,0.25556,0.72709,0.04274,0.04475,0.54859,0.36174,0.32897,0.03219,0.03082,0.23557,0.56750,0.00360,0.00002,0.01816,0.03451,0.06297,0.00128,0.07354,0.02357,-0.00686,0.08005,0.05609,0.03629
0.49791,0.06419,0.50377,0.03517,0.02477,0.02943,0.68205,0.01107,0.44520,0.23115,0.71612,0.03268,-0.00584,0.39166,0.69912,0.64329,0.03065,0.02163,0.72948,0.54191,0.00803,0.04714,0.06257,0.03232,0.02403,0.03779,0.01821,0.02659,0.05453,0.05730,0.01817,0.06126
0.35864,0.01937,0.40430,0.01594,0.02741,0.05755,0.47614,-0.00840,0.53280,0.64961,0.29150,0.02610,0.03445,0.45610,0.39170,0.24614,0.06750,0.03526,0.35440,0.73172,0.01710,0.00889,0.03417,0.04122,0.03341,0.04151,0.06458,0.04607,0.06242,0.02285,0.06005,0.05383
0.35118,-0.00575,0.48641,0.00310,0.01896,0.02725,0.45307,0.07221,0.63360,0.59236,0.67070,0.00950,0.02939,0.70103,0.38239,0.29554,-0.01322,0.02652,0.50070,0.55809,0.04871,0.03240,0.02476,0.02914,0.00773,0.04371,0.00082,0.02023,0.03596,0.03685,0.03388,0.03055
0.49353,0.00269,0.28601,0.02797,0.04100,0.02946,0.55727,0.05132,0.64785,0.47848,0.43833,0.03585,-0.00494,0.49494,0.69337,0.63616,-0.01264,0.01863,0.36747,0.38661,0.05722,0.02783,0.04083,0.05038,0.02284,0.02778,0.02450,0.01477,0.06784,0.00672,0.00662,0.01073
0.43532,0.03669,0.65137,0.02983,0.05889,0.02300,0.60371,0.02665,0.51561,0.32489,0.59704,0.07803,0.03000,0.61993,0.64655,0.29105,0.02035,0.01755,0.44205,0.63689,0.04320,0.03278,0.01535,0.08817,0.03793,0.00782,0.01785,0.02599,0.04173,0.06667,0.03413,0.04430
0.47391,0.01236,0.56753,0.02728,0.00474,0.04831,0.27788,-0.00146,0.42326,0.62212,0.66372,0.05525,0.03075,0.37531,0.69183,0.55930,-0.00166,0.04207,0.39408,0.62275,0.03221,0.03029,0.04900,0.01013,0.00407,0.03646,0.02632,0.02150,0.00714,-0.00803,0.03454,0.00976
0.60948,0.04008,0.64774,0.04195,0.02216,-0.01431,0.67413,0.07271,0.72847,0.54531,0.71023,0.00723,0.04268,0.40566,0.39433,0.57536,0.01217,0.06949,0.76526,0.57165,0.00376,0.01152,0.01526,0.02328,0.03579,0.01355,0.03749,0.01886,0.04127,0.04514,0.02985,0.01530
0.26774,0.01680,0.37038,0.01060,-0.00854,0.02204,0.69003,0.02820,0.53793,0.45136,0.29771,0.03438,0.04608,0.51718,0.33136,0.49033,0.03026,0.02955,0.39068,0.33661,0.03374,0.06118,0.00715,-0.03943,0.04239,0.03784,-0.00787,0.03691,0.04275,0.04545,0.01296,0.01653
0.60594,0.06635,0.31306,0.01866,0.04182,-0.00543,0.60578,-0.00096,0.61735,0.50605,0.23211,0.04963,0.02268,0.49315,0.58489,0.26984,0.01472,0.01178,0.29825,0.37489,0.06621,0.00769,0.04025,0.03466,0.04458,0.02749,0.03223,0.06533,0.00375,0.02575,0.04634,0.03762
0.30329,0.03041,0.67357,0.04296,0.05964,0.04040,0.49766,0.00493,0.31687,0.56758,0.56840,0.02728,0.04223,0.58532,0.33990,0.55304,0.03214,0.04694,0.50302,0.39882,0.01100,0.02141,0.02603,0.01269,0.02679,0.03072,0.03016,-0.00238,0.03921,0.01821,0.02399,0.01999
0.36791,0.02120,0.31097,0.01170,0.01165,0.01047,0.51786,0.03574,0.70295,0.52737,0.56630,0.07285,-0.00333,0.71350,0.63199,0.60299,0.03888,0.00643,0.28100,0.59072,0.01826,0.05721,0.07398,0.01438,0.00119,0.02597,0.02040,0.05457,0.02704,0.03230,0.01814,0.04005
0.72058,0.02955,0.36937,-0.00449,0.04948,0.05875,0.54994,0.01487,0.32381,0.47859,0.53353,0.05315,0.03110,0.54529,0.53411,0.41794,0.03800,0.00702,0.55888,0.64979,0.00292,0.01132,0.06701,0.02078,0.02503,0.03281,0.02269,0.00679,0.04665,0.01622,0.03938,0.03690
0.51995,-0.02253,0.36866,0.01142,0.02058,0.04714,0.35977,0.04644,0.25309,0.23455,0.37845,0.01022,0.05607,0.71053,0.58668,0.62540,0.00298,0.02301,0.65145,0.58766,-0.00004,-0.00525,-0.00953,0.04013,0.06002,0.02629,-0.01306,0.01423,0.05974,0.05368,0.01959,0.05578
0.37560,0.00718,0.64839,0.03984,0.03098,0.01694,0.25767,0.02664,0.70327,0.42501,0.60168,-0.01488,0.01595,0.48847,0.77057,0.23728,0.01061,0.04035,0.64034,0.63865,0.03012,-0.01340,0.02090,0.06416,0.03184,0.03642,0.05897,0.05448,0.02096,0.01799,0.01844,0.03209
0.51476,0.06728,0.69786,0.00977,0.06167,0.04791,0.60312,-0.01146,0.39838,0.51862,0.63273,0.04343,0.03446,0.57924,0.44627,0.58266,0.04392,0.02743,0.50062,0.44850,0.04000,0.05081,0.02174,0.02053,0.02873,0.06021,0.03674,0.02944,0.02093,0.02091,0.00323,0.01030
0.44818,-0.00112,0.51822,0.05395,0.00830,0.02012,0.40199,0.02145,0.45001,0.46861,0.76642,0.05370,0.02085,0.68479,0.43205,0.44011,0.03042,-0.02070,0.54712,0.70029,0.01248,0.05090,0.03178,0.06836,0.04468,0.05977,0.03319,0.01902,0.03024,0.02064,-0.00069,0.02274
0.26525,0.03572,0.29420,0.00484,0.01749,0.03664,0.59918,0.03402,0.34921,0.66546,0.47305,0.01198,0.06473,0.73503,0.76029,0.47575,0.04724,0.03286,0.25454,0.39583,0.05567,0.01938,0.04552,0.03915,-0.02593,0.04041,0.02700,0.03853,0.00737,0.01259,0.00884,0.04281
0.49973,0.03656,0.70182,0.01388,-0.00244,-0.00801,0.54842,0.05734,0.50752,0.31736,0.42704,0.04704,0.01318,0.33126,0.49608,0.66277,0.08957,0.04248,0.55997,0.30679,0.02743,0.03876,0.01837,0.03239,0.00523,0.02533,0.00632,0.03316,0.05896,0.07675,0.05331,0.06639
0.77851,0.04717,0.43756,0.03083,0.08534,0.01241,0.74154,0.00527,0.40627,0.74458,0.69620,0.03667,-0.00503,0.55830,0.29607,0.60354,0.04598,0.05607,0.30231,0.72021,0.06040,0.00885,0.01823,0.04478,0.03494,0.05429,0.06798,0.03009,0.04538,0.00843,0.01627,0.03412
0.46561,0.01014,0.43648,0.02469,0.06999,-0.00657,0.46178,0.03741,0.70561,0.61190,0.59851,0.04458,0.06003,0.38487,0.58181,0.46020,0.06464,0.02212,0.45505,0.50114,0.05406,0.01062,0.07772,-0.00228,0.01567,0.02892,0.03541,0.03555,-0.01178,0.06311,0.03011,0.01685
0.31741,0.05220,0.45454,0.01868,0.37340,0.02356,0.55862,0.03522,0.36684,0.65957,0.28938,0.06434,0.03605,0.61823,0.45229,0.28105,0.00518,0.00564,0.33880,0.36475,0.02424,0.02685,0.03595,0.01808,0.05030,0.02561,0.01574,0.02101,0.07224,0.01357,0.01618,0.02523
0.69515,0.06684,0.47868,0.02721,0.63432,0.03223,0.54446,0.04968,0.72551,0.54184,0.48988,0.01949,-0.00336,0.61330,0.30829,0.47520,0.00123,0.05233,0.44978,0.70014,0.02339,0.03630,-0.00861,0.03429,0.03692,0.05936,0.03847,0.02381,0.01118,0.00570,0.05841,0.05378
0.48061,0.03356,0.49007,0.07815,0.35698,-0.00146,0.52819,0.02086,0.26596,0.30136,0.39691,0.04323,0.03074,0.46635,0.65786,0.55509,0.04891,0.04942,0.42400,0.48601,0.03346,0.03118,0.05038,0.03535,0.03442,0.02266,0.06383,0.00315,0.04370,0.00030,0.05941,0.03754
0.40615,0.04436,0.28652,0.05573,0.36329,0.03916,0.56143,0.03937,0.68324,0.69545,0.73465,0.05730,0.03253,0.70848,0.31307,0.38381,0.02499,0.02033,0.58096,0.55952,0.05382,0.01140,-0.01285,0.03847,-0.01652,0.06324,0.05338,-0.00083,0.03402,0.07686,0.05798,0.02324
0.71605,0.04501,0.60937,0.01209,0.32925,0.03958,0.37876,0.04886,0.68008,0.69790,0.47433,0.04609,0.01419,0.44855,0.66670,0.34433,0.02777,0.04658,0.26934,0.25393,0.04848,0.02964,0.03622,0.08308,0.04657,0.04337,0.01780,0.03746,-0.00488,0.01258,0.04592,0.03488
0.49853,0.04027,0.33759,0.05471,0.65831,0.04376,0.75599,0.01869,0.65035,0.25881,0.40868,0.01087,0.04545,0.63505,0.71891,0.48992,0.00918,0.02510,0.28265,0.63978,0.00966,0.02592,0.02982,0.03667,-0.00194,0.02004,0.03978,0.02801,0.02902,0.01101,0.03970,0.04587
0.32109,0.05714,0.54333,0.03520,0.60020,0.02162,0.59822,0.00908,0.48062,0.39211,0.71211,0.03735,0.02185,0.47147,0.31952,0.74168,0.02519,0.00819,0.39273,0.73096,0.07174,0.06204,0.03495,0.06323,0.03618,0.05379,0.03200,-0.00402,-0.01774,0.03872,0.02455,0.03123
0.52045,0.02552,0.38911,0.00383,0.52564,0.02704,0.72949,0.06867,0.51815,0.68626,0.56719,0.01714,0.07450,0.41636,0.68142,0.58575,0.03591,0.02143,0.63764,0.48303,0.01742,0.00608,0.04133,0.01768,0.01519,0.03539,0.03753,0.00614,0.01990,0.04334,0.05236,0.01292
0.40829,0.04333,0.33188,0.02875,0.37390,0.01148,0.40198,-0.00170,0.32796,0.59029,0.54126,0.01559,0.05939,0.73704,0.66231,0.35662,0.00285,0.03057,0.68054,0.23326,0.04694,0.05579,0.04152,0.02704,0.01601,0.03015,0.05727,0.09408,-0.00116,0.02351,-0.02169,0.05312
0.30179,0.01305,0.35210,0.02141,0.45584,0.02424,0.34377,0.01595,0.51542,0.68231,0.55554,0.03905,0.07240,0.38784,0.34423,0.34581,0.03960,0.04782,0.71153,0.41533,0.03640,0.03501,0.06607,0.03013,0.00668,-0.00144,0.00010,0.04762,0.01909,0.01892,0.02824,0.03977
0.43768,-0.00945,0.52735,0.05847,0.61315,-0.00083,0.24083,0.05478,0.69365,0.47931,0.44651,0.05769,0.03816,0.34254,0.36282,0.48963,0.06382,0.04308,0.69463,0.45932,-0.01616,0.00228,0.03893,-0.00436,0.00389,-0.02783,0.00613,0.00650,-0.01541,0.09394,0.02880,0.01159
0.25725,0.03060,0.45495,0.03662,0.54453,0.01976,0.64288,0.03467,0.27156,0.30492,0.55048,0.03786,0.03994,0.76432,0.48590,0.59030,0.06783,0.04807,0.60637,0.48982,0.03711,0.00832,0.04067,0.00220,0.04454,0.00402,0.03618,0.02544,0.03897,-0.00621,0.00737,0.02889
0.59058,0.01231,0.75504,-0.03554,0.53106,-0.00581,0.25303,0.05282,0.47028,0.51173,0.43908,0.02907,0.05030,0.51777,0.39197,0.30017,0.03104,0.01344,0.23774,0.54450,0.05810,0.03915,0.02896,0.02434,0.05739,0.01806,0.00774,0.01625,0.05119,0.01966,0.03796,-0.00123
0.54062,0.02326,0.37378,0.05167,0.69199,0.06590,0.57410,0.00237,0.64016,0.49669,0.74833,0.01408,0.01890,0.66305,0.31310,0.46925,0.04130,0.02068,0.68222,0.43623,0.00728,0.00180,0.04309,0.02176,0.03607,0.02549,-0.00854,0.02490,0.03223,0.03114,0.04169,0.03132
0.30678,0.03517,0.41620,0.05515,0.27757,0.03360,0.70225,0.00440,0.30415,0.36904,0.66556,0.08551,0.02823,0.32839,0.59948,0.29813,0.02398,0.02411,0.59201,0.58543,0.05473,0.00549,0.03597,0.03170,0.01368,0.06857,0.02055,-0.00341,0.06692,0.05068,0.08172,0.05634
0.27803,0.05134,0.55968,0.04107,0.61945,0.03408,0.64436,0.02528,0.58878,0.44469,0.41690,0.03743,0.30219,0.53082,0.69959,0.49301,0.02921,-0.02003,0.47755,0.69841,0.03890,0.04194,0.03476,0.03309,0.02785,0.05887,0.00051,0.02866,0.01439,0.02724,0.03644,0.03638
0.65381,0.01950,0.41105,0.05273,0.25016,0.06206,0.45146,0.02296,0.33796,0.34565,0.62608,0.06871,0.50842,0.61725,0.58965,0.49745,0.06104,0.03815,0.31266,0.44654,0.04690,0.03925,0.02778,0.00521,0.01715,-0.00746,0.00022,-0.00482,0.01194,-0.00661,0.01355,0.03648
0.55886,0.01998,0.63072,0.04289,0.59684,0.02007,0.31220,0.05995,0.27536,0.57355,0.63224,0.02090,0.51910,0.44639,0.28424,0.60397,0.03595,0.02886,0.65782,0.27462,0.05647,0.01008,0.03315,0.06221,0.00622,0.02659,0.03672,0.01213,0.03664,0.06382,-0.01172,0.06303
0.52147,0.05667,0.38565,0.06160,0.27857,0.05685,0.36241,0.00655,0.74928,0.74317,0.36671,-0.00623,0.40995,0.60555,0.36153,0.54064,0.05783,-0.00227,0.46709,0.28113,-0.00988,0.03436,0.03196,0.04339,0.04388,0.02489,0.02865,0.01121,0.00330,0.03375,0.01467,0.00927
0.65984,0.06418,0.48677,0.01932,0.44043,-0.00338,0.31304,0.02363,0.58172,0.62650,0.47203,0.03194,0.26371,0.45767,0.40354,0.24257,0.05139,0.03710,0.34348,0.56075,0.02627,0.03300,-0.01008,0.02857,0.02658,0.02608,0.03288,0.01621,0.03673,0.03100,0.06345,0.01902
0.35631,-0.00062,0.66909,0.05998,0.57907,0.07012,0.59045,0.04863,0.62720,0.27906,0.50159,0.06346,0.51918,0.32732,0.37583,0.71362,0.03390,-0.00574,0.65911,0.27940,0.02885,0.04406,0.05473,0.03555,0.03355,0.03610,0.02736,-0.02148,0.02495,0.01144,0.02855,0.03568
0.68516,0.05982,0.56404,0.04766,0.40367,0.04999,0.58584,0.06338,0.67177,0.34077,0.67065,0.01214,0.30805,0.50142,0.40054,0.57699,0.00251,0.05661,0.49330,0.49376,0.01524,0.00969,0.06670,0.02030,0.05222,0.03120,-0.00439,0.03710,0.02904,0.02764,0.00745,0.01340
0.50753,0.01915,0.52088,0.03546,0.24503,0.02412,0.67441,-0.02113,0.49789,0.39881,0.64253,-0.00846,0.72528,0.41219,0.42144,0.43324,0.03955,0.01808,0.48740,0.35720,0.04952,0.03049,0.02023,0.03388,0.05717,0.08466,0.07814,0.02351,0.02664,0.00120,0.05355,0.03371
0.56037,0.00858,0.63900,0.02666,0.63074,0.02701,0.47503,0.01569,0.40315,0.63964,0.58462,0.03977,0.62806,0.68929,0.52982,0.65250,0.01521,0.03726,0.31714,0.72280,0.03661,0.05165,0.05267,0.04492,0.05517,0.01175,0.04003,0.04314,0.02004,0.06052,0.06924,0.01991
0.64341,0.03155,0.67803,0.03692,0.67010,0.01307,0.42971,0.03427,0.60503,0.50268,0.24570,0.04602,0.44029,0.33139,0.47467,0.46644,0.03717,0.03504,0.52196,0.58726,0.03062,0.02650,0.01279,0.00413,0.04373,0.02785,0.00775,-0.00569,0.01563,0.01618,0.04759,-0.00066
0.72282,0.04745,0.74106,0.00287,0.74714,0.04517,0.72110,0.06275,0.31568,0.24573,0.45380,0.01007,0.57777,0.74517,0.43679,0.40174,0.04329,0.04798,0.27179,0.62055,0.04888,0.03162,0.00548,0.04712,0.01945,0.00191,0.01370,-0.00058,0.00910,0.02668,0.01260,0.01505
0.41640,0.01301,0.76866,0.04655,0.45427,0.01790,0.61206,0.02935,0.40925,0.34104,0.46766,0.00901,0.33802,0.69396,0.57914,0.38354,0.03825,-0.00562,0.33061,0.34973,0.01020,0.04348,0.02085,0.01485,0.02627,-0.00094,0.02922,0.00247,0.00384,0.03833,0.02591,0.02350
0.35902,0.06406,0.57703,0.02496,0.52740,0.04876,0.52332,0.01283,0.63800,0.38402,0.67742,0.03841,0.63248,0.48907,0.72117,0.65245,0.08093,0.00119,0.72087,0.61544,0.05492,0.02447,0.02267,0.02046,0.02710,0.06397,0.04091,0.03482,0.01683,0.04877,0.03464,0.03629
0.49273,0.02686,0.52838,0.00419,0.38991,0.01797,0.73983,0.02775,0.66941,0.51641,0.48440,0.01834,0.52304,0.64077,0.69849,0.60541,0.04837,0.02527,0.25031,0.64923,0.06942,0.05629,0.03963,0.00334,0.03849,0.04302,0.01897,0.02936,-0.01834,0.03333,0.07016,0.05523
0.72921,0.03584,0.71761,0.02223,0.30835,0.05354,0.70685,0.01708,0.71524,0.50566,0.36575,0.03718,0.46449,0.47535,0.28908,0.32503,0.04687,0.02937,0.66351,0.48290,0.01105,0.01443,0.01910,0.03489,-0.00521,-0.00447,0.06472,0.03594,0.02505,0.04808,0.00835,0.03961
0.57032,0.01232,0.46514,0.01651,0.57266,0.03060,0.41620,0.01859,0.53588,0.26814,0.72772,0.03708,0.38934,0.54498,0.30183,0.70358,0.08586,0.05843,0.52208,0.48249,0.00429,-0.00127,0.02308,-0.01848,0.02416,0.08390,0.02142,0.03656,0.01011,0.01349,0.02381,-0.02971
0.33558,0.05131,0.37505,0.01775,0.68301,0.05083,0.68911,0.01965,0.34524,0.50738,0.63002,0.01810,0.60751,0.49575,0.47532,0.68823,0.01502,0.00976,0.69195,0.58610,0.02433,0.03771,0.01983,0.06278,0.00765,0.05039,0.05694,0.02118,0.02744,0.03671,0.02935,0.02085
0.78292,0.03505,0.74394,0.02198,0.75871,0.05879,0.34448,0.03836,0.67851,0.33897,0.54357,0.03571,0.64438,0.25115,0.65637,0.57334,0.02474,0.02913,0.27070,0.41956,-0.00171,0.01531,0.04277,0.06286,0.02906,0.04497,0.03649,0.03917,0.00730,0.04856,0.07128,0.01020
0.58559,0.03897,0.27085,-0.01011,0.26464,0.03811,0.34712,0.04654,0.49649,0.49590,0.63087,0.08833,0.71767,0.67693,0.62927,0.64890,0.03740,0.05340,0.51451,0.28483,0.03824,0.08029,0.02309,-0.02867,0.00444,0.04304,0.01128,0.02196,-0.00315,0.03601,-0.00913,0.02282
0.63564,0.01439,0.68880,0.01460,0.23637,0.00133,0.65371,0.06452,0.29156,0.58997,0.70434,0.04842,0.71976,0.57187,0.39682,0.40520,-0.03665,0.03580,0.39353,0.26355,0.03245,0.05347,0.05066,0.00480,0.02979,0.04481,0.02540,0.01218,0.03332,-0.02177,0.03023,0.00645
0.69142,0.02733,0.63096,0.03130,0.60786,0.03508,0.33051,0.00938,0.71828,0.59226,0.57622,0.03816,0.51935,0.48909,0.40581,0.42434,-0.01022,0.04489,0.63071,0.56297,0.03107,0.06184,-0.01890,0.03636,-0.00318,0.04178,0.05152,0.04411,0.03655,0.03138,0.05805,0.04428
0.40958,0.01152,0.75108,0.01900,0.34404,0.02043,0.30103,0.03092,0.71809,0.59256,0.46929,0.02325,0.51249,0.62958,0.45711,0.50777,0.02108,0.03812,0.50842,0.26999,0.01213,0.03869,0.05001,-0.00131,0.03911,0.02586,0.01971,0.02187,0.02284,0.05117,0.03270,0.01772
0.46637,0.04152,0.63053,0.01768,0.74808,0.01211,0.31828,-0.03639,0.68079,0.58206,0.34373,0.04508,0.25344,0.71209,0.46510,0.37480,0.03660,0.05651,0.34013,0.61238,-0.00781,0.00437,0.03885,0.03031,0.03731,-0.00234,0.04708,0.05313,0.03460,0.08461,0.03184,0.06855
0.57811,0.05957,0.52528,0.00581,0.33664,0.03509,0.65051,0.03303,0.43390,0.37047,0.68784,0.03265,0.38226,0.60665,0.27754,0.66942,0.02273,0.04714,0.48266,0.47249,0.07679,0.04625,0.02843,0.02387,0.02004,0.01703,-0.00466,0.02407,0.00599,0.04713,0.04067,0.04200
0.61740,0.02918,0.64226,0.05406,0.28979,0.03127,0.26567,0.02631,0.41933,0.64168,0.56726,-0.00724,0.40879,0.32662,0.26899,0.45947,0.06309,0.02928,0.60290,0.33648,0.01613,0.02553,0.03126,0.04597,0.03018,0.02097,0.04857,0.04753,0.02722,0.04650,0.01507,0.02708
0.32783,0.04099,0.37404,0.05802,0.75354,0.07378,0.56844,0.05836,0.70006,0.31072,0.62953,0.02570,0.63535,0.42281,0.64886,0.53665,-0.00002,-0.02401,0.36288,0.56055,0.03526,-0.00493,0.02534,0.06365,0.01001,0.01508,0.01750,0.02260,0.03166,-0.02808,0.02119,0.05722
0.50867,0.01180,0.57730,0.04539,0.65673,0.01765,0.67235,0.01201,0.41203,0.46090,0.29887,0.06184,0.28894,0.25287,0.35943,0.53528,0.00694,0.03156,0.28607,0.32917,0.02702,-0.00701,0.07218,0.04248,0.04156,0.00472,0.03060,0.00114,0.00565,0.04841,0.06410,0.02565
0.41393,0.00909,0.67753,0.01858,0.50176,0.02336,0.70049,0.06180,0.44027,0.35263,0.32526,0.03988,0.39047,0.70971,0.72246,0.54501,0.05826,-0.00889,0.50869,0.53309,-0.00232,0.03386,0.00134,0.00707,0.00085,0.02678,0.05970,0.03524,0.00127,0.02161,0.04367,0.02860
0.73488,0.03616,0.51580,0.03536,0.53326,0.01740,0.39229,0.00956,0.39752,0.55955,0.52078,-0.00052,0.23925,0.59595,0.67804,0.70999,-0.01384,0.02984,0.31842,0.75659,0.08905,0.03798,0.03816,0.03989,0.04534,0.01292,0.04368,0.03441,0.06317,0.02256,0.02381,0.02240
0.51747,0.04889,0.34173,-0.00542,0.58742,0.05660,0.55544,0.06742,0.34253,0.66703,0.66931,0.04933,0.61849,0.32154,0.59100,0.36198,0.02520,0.01695,0.67298,0.70072,0.06764,0.03925,0.04133,-0.00721,0.04688,0.02870,0.02457,0.04684,0.04249,0.04526,0.07293,0.01413
0.25060,0.02018,0.32115,0.05460,0.34854,0.04097,0.50918,0.03572,0.37436,0.45787,0.43944,0.01714,0.67202,0.37539,0.34713,0.66583,0.02718,0.02234,0.66603,0.27988,0.01081,0.05357,0.01838,0.04004,0.02883,0.04853,0.01407,0.04476,0.05543,0.00878,0.02599,0.01229
0.54781,0.06008,0.42558,0.06517,0.70375,0.02719,0.35548,0.02409,0.32292,0.53604,0.73270,0.01131,0.56770,0.61029,0.47152,0.26589,0.02507,0.05054,0.25774,0.42663,0.01385,0.00720,0.06811,0.04370,0.01650,0.02321,0.02598,0.00911,0.03038,0.01341,0.01268,0.04981
0.77504,0.04590,0.66592,0.03216,0.45312,0.00396,0.74792,0.03453,0.70857,0.67200,0.30106,0.04953,0.45719,0.31737,0.27444,0.42395,0.03283,0.00000,0.73979,0.70569,0.00833,0.04157,0.01319,0.06622,0.01856,0.04341,0.04012,0.03555,0.04357,0.00648,0.01172,0.03779
0.48482,0.00389,0.42777,0.03454,0.39526,0.05903,0.74784,0.02131,0.50580,0.53896,0.32372,0.04958,0.71794,0.52371,0.41104,0.42177,0.00884,0.04955,0.49770,0.47045,0.03018,0.02025,0.07167,-0.00695,0.04640,0.02558,0.01988,0.01919,0.03195,0.00111,0.03136,0.08364
0.56689,0.02953,0.39607,0.01897,0.33727,0.00385,0.56774,0.01895,0.69392,0.59794,0.75543,0.06681,0.70987,0.25115,0.36926,0.73155,0.03923,0.04591,0.52157,0.68540,0.05137,0.05799,0.07267,0.01496,0.05863,0.06627,0.01435,0.03888,0.07303,0.02774,0.04149,0.04008
0.30786,0.06794,0.54150,0.07290,0.61871,0.03102,0.49069,0.02480,0.58178,0.29291,0.34990,0.00494,0.38033,0.63285,0.60627,0.64704,0.02263,0.02422,0.63641,0.38187,0.05367,0.00643,0.03200,0.04280,0.05887,0.02550,0.01426,-0.00136,0.04264,0.02604,0.04061,0.01791
0.47984,0.06372,0.47872,0.06279,0.43315,0.05766,0.68325,0.05034,0.60217,0.74410,0.35551,0.04789,0.64994,0.58889,0.65771,0.40455,0.04381,0.02494,0.73557,0.28268,0.03341,0.01205,0.05370,0.02685,0.05041,0.01625,0.04089,0.00882,-0.01994,0.02426,0.00768,0.04504
0.48776,0.05412,0.38512,0.03832,0.43446,0.05550,0.24591,0.01877,0.56236,0.36558,0.70003,-0.00931,0.74460,0.32690,0.76089,0.75340,-0.00783,0.00066,0.34779,0.26046,0.04355,0.04958,0.02179,0.01192,0.04512,0.00436,0.06441,0.02764,0.02173,0.00987,0.02597,-0.04591
0.33112,0.04817,0.31864,0.01176,0.63081,0.03913,0.45650,0.03761,0.52802,0.44691,0.44658,0.04974,0.68145,0.56398,0.40919,0.45341,0.02289,0.01748,0.46998,0.68144,0.05305,0.04866,0.02187,0.02540,0.05829,0.00798,0.00839,0.03094,-0.00684,0.01966,0.02741,0.02861
0.03828,0.00809,0.70971,0.06404,0.31496,0.02035,0.65891,0.02311,0.45100,0.28962,0.65530,0.06159,0.55668,0.59202,0.66829,0.39194,0.01654,0.02163,0.52507,0.48400,0.00649,0.02265,0.07694,0.02032,0.06782,-0.01045,0.02356,0.02880,0.02384,-0.00196,0.03188,0.01840
-0.00377,-0.00750,0.29700,0.02780,0.43747,0.05639,0.59713,0.05184,0.51527,0.61156,0.46638,0.03195,0.58207,0.61034,0.53318,0.33184,0.05134,0.05540,0.29616,0.57267,0.03471,0.07264,-0.00574,0.01840,0.04242,0.02891,0.00889,0.03075,0.05076,0.03622,0.02774,0.01674
0.05640,0.05102,0.56336,0.03263,0.32069,0.03640,0.65584,0.04670,0.44853,0.66629,0.45285,0.04444,0.49323,0.71769,0.29051,0.48837,0.03176,0.05080,0.31843,0.70388,0.07760,0.01397,0.05187,0.01317,0.02843,0.06165,0.03797,0.02097,-0.01265,0.03425,0.02543,0.03268
0.03353,0.02822,0.69944,0.07325,0.54135,0.01888,0.56396,0.04280,0.52373,0.63518,0.46738,0.04797,0.49649,0.28689,0.39607,0.62116,0.02311,0.04255,0.72659,0.38032,0.03158,0.04253,0.01208,0.01385,0.05593,0.00307,0.06465,0.04516,0.02850,0.07170,0.01782,0.02081
0.03303,0.03822,0.69920,0.01128,0.37247,0.04182,0.56278,0.04657,0.59618,0.46242,0.66492,0.00218,0.52708,0.53679,0.50972,0.66059,0.04127,0.07238,0.69281,0.28884,0.03536,0.00634,0.00660,0.05609,0.03099,0.05944,0.07447,0.02787,0.02882,0.04105,0.03404,0.01948
0.02372,0.05257,0.58004,0.03748,0.71461,0.05815,0.77995,0.03814,0.60213,0.66567,0.30210,0.00850,0.41357,0.67977,0.43547,0.28999,0.02237,0.04214,0.63235,0.35499,0.07588,0.03500,0.01189,0.05867,0.04046,-0.02672,-0.00449,0.01517,0.02429,0.04850,0.02176,0.00908
0.03934,0.01431,0.25859,0.02936,0.71159,0.02888,0.29734,0.04638,0.61444,0.63955,0.65114,0.01804,0.55357,0.70863,0.68819,0.40890,0.02660,0.06167,0.33803,0.46523,0.01992,0.03390,0.01516,0.05635,0.03459,0.03091,0.04908,0.02194,0.05128,0.03699,0.05828,0.01232
-0.00514,0.01071,0.60311,0.02175,0.59537,0.03789,0.64526,0.03620,0.62751,0.70726,0.62364,0.04003,0.61203,0.57184,0.60737,0.53133,0.02703,0.04137,0.65492,0.62963,0.02060,0.01018,0.05618,0.02609,-0.01391,-0.00591,0.00743,0.02619,0.02546,0.03738,0.04209,0.04970
0.02337,-0.00977,0.52555,0.00278,0.33363,0.02459,0.67373,0.01802,0.73869,0.28782,0.64388,0.04820,0.42103,0.56476,0.72235,0.38436,0.00283,0.01864,0.28543,0.22352,0.04569,0.06772,0.04486,0.01275,-0.00050,0.08129,0.01549,0.01555,0.00833,0.01290,0.01437,0.02038
0.02203,-0.01067,0.24937,0.06872,0.39757,0.03729,0.39456,0.03326,0.62609,0.27831,0.26660,0.05304,0.27479,0.25324,0.40004,0.72419,0.07219,0.01897,0.39481,0.59647,0.06061,0.02192,0.01765,0.02800,0.02333,0.00600,0.08159,0.05235,0.00507,0.04374,0.02814,0.01626
0.02856,0.05328,0.40930,0.03931,0.34462,0.06178,0.69237,0.04885,0.28841,0.31349,0.54640,-0.00225,0.58718,0.55250,0.54367,0.34964,0.02096,0.03087,0.24262,0.58016,0.02255,-0.00253,0.03898,0.04420,0.03462,0.05211,0.02257,0.02755,0.01652,0.05809,-0.01874,0.07526
0.00587,0.03681,0.36140,0.00319,0.35740,0.04927,0.31239,0.01171,0.31218,0.55806,0.27842,0.04723,0.54616,0.55502,0.62978,0.30090,0.05162,0.02313,0.55560,0.40175,-0.00128,-0.02099,0.04227,0.04532,0.01700,0.02072,0.04560,-0.02932,0.03909,0.00763,-0.02392,0.02656
0.02940,0.02217,0.62877,-0.00354,0.74172,-0.00231,0.30431,0.04577,0.72787,0.56323,0.67786,0.01406,0.57385,0.51243,0.36365,0.62226,0.01785,0.01190,0.48131,0.73658,0.04552,0.04107,0.05702,-0.00855,0.05124,0.03073,0.02810,0.01950,0.04954,0.01898,0.02960,0.02823
0.03678,0.06624,0.52470,0.01628,0.74297,0.02261,0.32546,0.04601,0.56136,0.38220,0.70911,0.01363,0.39784,0.55567,0.42534,0.40704,0.03025,0.00409,0.58514,0.67838,0.07751,0.04840,0.04823,0.00615,0.01947,0.04920,0.02845,0.06242,0.00730,0.03456,0.00297,0.03473
0.02270,0.05791,0.32830,0.06159,0.37870,0.01361,0.68139,0.01597,0.61543,0.33022,0.40651,0.00540,0.36042,0.38740,0.61672,0.35130,0.04746,0.45856,0.78362,0.27722,0.02651,0.02403,0.03630,0.04802,0.05421,0.04310,0.00646,0.03518,0.00723,0.04196,0.01460,0.07286
0.00922,0.03210,0.35787,-0.00837,0.34154,0.03038,0.70326,0.03229,0.58128,0.21540,0.56248,0.01278,0.36161,0.45965,0.44444,0.65356,0.02004,0.36582,0.49752,0.51102,0.04363,0.00762,0.04757,0.06260,0.03738,0.03920,-0.00450,0.00751,0.00085,0.00425,-0.01931,0.02625
0.02078,0.06424,0.38941,0.01831,0.72292,0.02860,0.47692,0.00495,0.69899,0.67511,0.35473,0.02739,0.45200,0.65958,0.73697,0.55536,0.03774,0.50646,0.63439,0.25840,0.01980,0.04559,0.04707,0.02315,0.04149,0.05233,0.01449,0.03226,0.05060,0.05201,0.05760,0.01891
0.03953,0.01669,0.43594,0.01475,0.29835,0.05955,0.65441,0.01014,0.60105,0.64251,0.40421,0.07135,0.55135,0.59382,0.46481,0.38232,0.02076,0.44804,0.48776,0.71837,0.02396,0.00256,0.00718,0.01717,-0.00867,0.02675,0.00906,0.03854,0.04417,0.01625,0.02822,0.02099
0.05180,0.02458,0.31633,0.01228,0.65944,0.02664,0.71291,0.02317,0.55337,0.38934,0.59072,-0.00256,0.30246,0.31662,0.74644,0.49470,0.04963,0.50631,0.54336,0.69693,0.02128,0.02286,0.02927,0.07668,0.02297,0.05533,-0.01742,0.03137,-0.01535,0.03283,0.02952,0.02645
0.04678,-0.01900,0.39656,0.05020,0.54538,0.02931,0.57901,-0.00501,0.54717,0.35810,0.51122,0.05255,0.28108,0.36594,0.39105,0.42108,-0.00203,0.30991,0.32374,0.62557,0.02143,0.03630,0.00265,0.05787,0.03149,0.03405,0.03517,0.02894,0.04677,0.05404,0.00031,0.01285
0.08248,0.02453,0.27553,0.02915,0.44430,0.06338,0.40534,0.03660,0.36674,0.67634,0.36111,0.00428,0.43718,0.61790,0.35387,0.30576,0.04556,0.57734,0.37045,0.39137,0.03538,0.02563,0.00515,-0.01064,0.02967,0.05956,0.02222,-0.02004,0.02980,0.02213,0.01165,0.02342
0.01856,0.03927,0.27231,0.04384,0.68992,0.03756,0.56120,0.04522,0.51571,0.54709,0.63793,-0.02511,0.46293,0.30751,0.67004,0.65798,0.02023,0.57829,0.27945,0.50039,0.02952,0.05563,0.04975,0.02209,0.04972,0.04891,0.00884,0.01716,-0.01215,0.08133,0.05675,0.03577
0.02827,0.03391,0.63587,0.03882,0.28382,0.03230,0.44329,0.04898,0.59492,0.74027,0.54616,0.05416,0.64635,0.42751,0.59251,0.49154,0.00290,0.52596,0.38758,0.58634,0.01538,0.04429,0.02957,0.02740,0.05048,0.08880,0.01565,0.06124,0.03741,0.06611,0.03043,0.07813
0.01886,0.03621,0.48630,0.02942,0.47064,0.04295,0.43923,0.02833,0.43502,0.75084,0.58564,0.04378,0.52687,0.37372,0.57043,0.55023,-0.04274,0.74044,0.49411,0.39916,0.01930,0.03011,0.02089,0.04027,0.03428,0.05232,0.01848,0.04399,0.02132,0.04763,0.02037,0.04219
0.03249,0.04548,0.34459,0.01855,0.54371,0.05286,0.46919,0.00511,0.43420,0.62961,0.42449,0.00404,0.26176,0.26165,0.68346,0.38260,0.01448,0.30464,0.49698,0.35671,0.01713,-0.01230,0.02540,0.05803,0.00447,-0.02556,0.03137,0.03877,0.02829,0.03392,0.04564,0.00742
0.01506,0.03849,0.38315,0.07806,0.31429,0.03058,0.35317,-0.02821,0.37962,0.40898,0.67093,0.03700,0.26764,0.34365,0.79181,0.38731,0.02466,0.54370,0.49843,0.63345,0.05872,0.00342,0.06681,0.04198,-0.01514,0.02969,0.02987,0.05449,0.03753,0.02740,0.03204,0.04462
0.00761,0.03844,0.39313,0.01518,0.43706,0.02751,0.31186,-0.00153,0.37917,0.38230,0.59077,0.04569,0.45668,0.06065,0.65565,0.40288,0.08241,0.45926,0.40166,0.46581,-0.00121,0.06548,0.03915,0.05136,0.05112,0.01845,0.04097,0.01250,0.02295,0.02101,0.00709,0.05227
0.00176,0.02948,0.26933,0.05028,0.55759,0.03253,0.72617,0.02150,0.72742,0.40164,0.71273,0.01963,0.27938,0.05148,0.64633,0.46757,0.04317,0.65279,0.73181,0.60710,0.02902,0.03525,-0.00704,0.04188,0.01788,0.03799,0.03433,0.06377,0.02806,0.01769,0.02848,0.02573
0.00568,0.01981,0.73336,0.03692,0.69719,0.03924,0.62931,0.03070,0.43880,0.39704,0.66216,0.03944,0.32461,0.03146,0.70726,0.41196,-0.00547,0.57371,0.33322,0.52965,0.03771,0.04090,0.02168,0.01875,-0.00251,-0.00710,0.00488,0.06717,0.03667,0.02117,0.01363,0.04884
0.06505,0.01704,0.37920,-0.00673,0.61837,0.03722,0.67142,0.00540,0.60308,0.72182,0.59647,-0.00231,0.39906,0.04267,0.73716,0.44354,0.02374,0.40104,0.48066,0.72211,0.06424,-0.01350,0.05568,0.03410,0.01735,0.03125,0.04692,0.04448,0.06547,0.04930,0.03030,0.03563
0.03180,0.03312,0.68007,0.02080,0.61050,0.01530,0.40034,-0.00965,0.42702,0.73432,0.61364,0.06085,0.44253,0.05996,0.50300,0.67547,0.02133,0.52153,0.50766,0.50581,0.07098,0.01645,0.00643,0.02253,0.00590,0.03010,0.03760,0.03264,0.02528,0.03926,0.02452,0.05680
0.07188,0.02620,0.46337,0.02954,0.36477,0.00883,0.47602,0.02852,0.36638,0.37949,0.44921,0.02987,0.53777,0.01536,0.70134,0.53570,0.04647,0.60338,0.33874,0.36523,0.00640,0.04232,-0.00369,0.04170,0.02037,0.04325,0.01051,0.01877,0.00692,0.02125,0.03365,0.00797
0.05339,0.05511,0.33068,0.03368,0.58066,0.04707,0.38631,0.02321,0.56673,0.46245,0.59674,0.01027,0.34122,-0.00351,0.61548,0.41624,0.03731,0.58468,0.44416,0.72538,0.09356,0.00851,0.05564,0.04810,0.04094,0.04025,0.05649,0.02725,0.01847,0.06164,0.06304,0.01947
0.03907,0.02658,0.71594,0.07790,0.30878,0.03978,0.27198,0.02572,0.41325,0.56497,0.69214,0.03247,0.23837,0.03461,0.53706,0.25849,0.03429,0.55465,0.38694,0.43618,0.02722,0.00508,0.05923,0.05189,0.00885,0.02551,0.06767,0.03908,0.04315,0.04986,0.02626,0.02533
0.02424,0.02968,0.25754,0.01959,0.44658,-0.01354,0.39325,0.02340,0.44209,0.54006,0.38958,0.05110,0.36513,0.04495,0.65998,0.48233,0.04178,0.27387,0.26269,0.68523,0.04595,0.02527,0.06063,0.06637,0.08592,0.02930,0.03096,-0.00879,0.02527,0.01955,-0.00016,0.03300
0.05636,0.01509,0.32945,0.04531,0.49966,0.00422,0.45024,0.03936,0.58802,0.36229,0.40129,0.03499,0.60340,0.00854,0.41218,0.68741,0.01827,0.67084,0.48432,0.38276,0.01449,0.03754,0.02106,0.02106,-0.00216,-0.00259,0.06180,0.03867,0.05708,0.06195,-0.00915,0.02844
0.03871,0.03119,0.52675,-0.01011,0.25381,0.01003,0.31995,0.02639,0.49978,0.42232,0.67257,0.03103,0.68412,0.01486,0.75343,0.38361,0.01237,0.60890,0.31830,0.62895,0.01360,0.04768,0.01520,0.00519,0.01649,0.02830,0.01515,0.05640,0.07702,-0.02304,0.01879,0.06136
0.02013,0.01896,0.73594,0.06242,0.73376,0.01121,0.53407,0.00618,0.65707,0.61143,0.65944,0.01778,0.66020,0.04817,0.60836,0.72621,0.00624,0.74674,0.51333,0.66657,0.03294,0.00623,0.02676,0.07925,0.03397,0.05110,0.03847,0.03375,0.02580,0.02204,0.00815,0.03988
0.06704,0.02624,0.66731,0.06793,0.46638,0.03280,0.37356,0.05695,0.68345,0.61182,0.45736,0.05572,0.51262,0.03164,0.67022,0.61922,0.04287,0.61470,0.33570,0.34372,0.04353,-0.00889,-0.01135,0.01639,0.02670,0.05902,0.05883,-0.00165,-0.00409,0.02686,0.03167,0.04320
0.03997,0.03576,0.60190,0.02570,0.42922,0.06798,0.40869,0.00276,0.62947,0.66757,0.65404,0.02263,0.71137,0.02050,0.64151,0.29756,0.02857,0.43799,0.37829,0.39094,0.01036,0.04488,0.03799,0.05344,0.07173,0.06357,0.04232,-0.00662,0.01144,0.02205,0.02680,0.01729
-0.00020,0.05099,0.71412,0.01876,0.56665,0.03903,0.42415,0.04903,0.29011,0.39941,0.29235,0.06686,0.41870,0.04621,0.66464,0.66001,0.05561,0.37934,0.60455,0.29942,0.05530,0.06063,0.06438,0.01380,0.00991,0.02245,0.04676,0.02158,0.02226,0.00802,0.04457,0.03593
0.04297,0.00759,0.65833,0.03120,0.62712,0.03248,0.70425,0.00117,0.44737,0.25031,0.45653,0.02975,0.34239,0.02856,0.74842,0.28826,0.04944,0.67051,0.36251,0.73594,0.05256,0.03698,0.03678,0.02122,0.06409,0.01658,0.01933,0.00512,0.04698,-0.02480,0.04469,0.02549
0.04750,0.03021,0.52198,0.04341,0.74051,0.03437,0.55418,0.03612,0.32923,0.29571,0.66355,0.02575,0.33080,0.04090,0.57448,0.58110,0.01718,0.33836,0.68546,0.58553,-0.00037,0.03552,0.01624,0.01048,0.01719,0.02282,0.06063,0.02025,0.01561,0.03170,0.01969,0.02304
0.04687,0.02361,0.49079,0.02288,0.70726,0.02420,0.68046,0.03045,0.22990,0.47879,0.68807,0.01693,0.63192,0.03041,0.39691,0.50230,0.07880,0.32753,0.41799,0.65094,0.05018,0.02186,0.06107,0.03449,0.03265,0.02720,0.04259,0.02860,0.04253,0.05491,0.02278,0.02167
0.00910,0.03315,0.71738,0.01706,0.70392,0.03484,0.69880,-0.01210,0.28062,0.72036,0.31067,0.03317,0.58286,0.02406,0.43982,0.63774,0.04123,0.54972,0.40151,0.53306,0.02202,0.06053,0.05735,0.03499,0.05945,0.06183,0.04759,-0.01370,0.00767,0.04414,0.03228,0.05513
0.03775,0.03948,0.39883,0.01557,0.65924,0.03064,0.41415,0.07766,0.64559,0.58238,0.46835,0.02823,0.33351,0.03634,0.49516,0.42416,0.05506,0.67611,0.30072,0.37671,0.03695,0.03359,0.04110,0.01448,0.02399,0.02592,-0.00704,0.02028,0.04140,0.02741,-0.00802,0.00353
0.07093,0.07390,0.23752,0.01028,0.25505,0.02662,0.68144,0.03824,0.71883,0.39669,0.55075,0.02271,0.55354,0.05037,0.41624,0.47699,0.02867,0.59720,0.26480,0.63186,-0.00925,0.06973,0.02569,0.04137,0.02941,0.03841,0.00928,0.01850,0.06610,0.01548,-0.01356,-0.01357
0.03147,0.01898,0.73663,0.06534,0.25795,0.02588,0.59411,0.02137,0.42316,0.49690,0.70503,0.04720,0.58400,0.01622,0.56213,0.58968,0.01347,0.65697,0.35739,0.52249,0.05625,-0.02132,0.04379,-0.01822,0.02733,0.03200,0.04488,0.05704,0.01524,0.03082,0.03064,0.03850
0.05697,0.01461,0.44683,0.06176,0.57865,0.02328,0.70366,0.04765,0.60546,0.30541,0.65666,0.04777,0.40545,0.06391,0.29703,0.54127,0.05243,0.36942,0.30192,0.51721,0.06730,0.05977,0.02198,0.01603,0.00595,0.00686,0.02265,0.00334,0.00277,0.04907,0.04889,-0.01034
0.01953,0.03736,0.49799,-0.01429,0.37744,0.03551,0.38798,0.02223,0.29025,0.50750,0.71336,0.05335,0.52636,0.03435,0.42239,0.65485,0.03878,0.26614,0.36628,0.21723,0.04046,0.01821,0.04077,0.02081,0.02369,0.01375,0.02394,0.02690,0.02306,0.00569,0.02851,0.04018
0.03540,0.03311,0.34114,-0.00035,0.60888,0.00610,0.32383,0.06767,0.73897,0.40227,0.40042,0.02217,0.44253,0.02298,0.49400,0.38886,0.00798,0.56110,0.56877,0.76916,0.06530,0.03212,0.02687,-0.01703,0.05692,0.04077,0.04382,0.02630,0.00870,0.02853,0.00507,0.02778
0.02720,0.03279,0.44892,0.04190,0.38325,0.06355,0.33665,0.04977,0.36360,0.43587,0.51090,0.02084,0.76725,0.03512,0.64018,0.68584,0.02594,0.65973,0.42189,0.70290,-0.01489,0.04841,0.03186,0.06855,0.03944,0.03552,0.00078,0.02216,0.04324,0.05532,0.02462,0.00172
0.03585,0.03155,0.66260,0.04061,0.66707,0.04162,0.26822,0.06114,0.40975,0.49891,0.41391,0.04187,0.63572,0.00896,0.53763,0.32892,0.01570,0.33346,0.72275,0.25534,0.02860,0.05559,0.00541,0.05649,0.03492,0.04644,0.00821,0.01995,0.02717,0.03117,-0.01271,0.04460
0.01884,0.00962,0.33563,0.01920,0.22093,0.05031,0.75562,0.02475,0.29949,0.51964,0.40247,0.05423,0.41046,0.03319,0.55966,0.30283,0.02846,0.36647,0.58641,0.26316,0.00490,0.02786,0.04318,0.01276,0.01303,0.04217,0.01286,0.02415,-0.00754,0.03287,0.01803,0.03518
0.01799,0.01272,0.47887,0.02571,0.37800,0.04727,0.60812,0.02746,0.65501,0.40307,0.46998,0.02154,0.30658,0.03614,0.55116,0.48983,0.03519,0.28109,0.28627,0.49001,0.00610,0.06238,0.02985,0.05226,0.04265,0.01279,0.01227,-0.01696,0.02318,0.03029,0.02370,0.01077
0.03577,0.03740,0.46195,0.07801,0.31682,0.00323,0.32452,0.01762,0.50184,0.45362,0.60990,0.02209,0.68928,0.04045,0.71663,0.33215,0.00347,0.53338,0.76736,0.51205,0.05644,0.07229,0.02151,0.06476,0.02838,0.00722,0.04300,0.04656,0.02381,0.00364,0.01105,0.03296
0.03457,0.06252,0.35023,0.05101,0.55473,0.07552,0.50846,0.03152,0.57774,0.77215,0.28612,-0.00242,0.44342,0.03625,0.38102,0.45182,0.03575,0.55261,0.73182,0.24103,0.04740,0.04307,0.05589,0.02185,0.02509,0.03553,0.03640,0.06440,0.00228,0.00564,-0.03211,0.02440
0.03754,0.03969,0.25757,0.01941,0.37325,0.03350,0.75206,0.02918,0.54133,0.47341,0.68621,-0.00306,0.33899,0.01216,0.55286,0.51446,0.03623,0.25082,0.34910,0.40117,0.02919,0.08207,0.04448,0.06307,0.01938,0.06440,0.00862,0.02448,-0.01059,0.05648,0.04529,-0.01221
0.02145,0.05346,0.71441,0.06000,0.36665,0.03591,0.42862,0.00306,0.68266,0.65980,0.43666,0.06066,0.56897,0.03557,0.29294,0.42722,0.00682,0.48229,0.26761,0.35475,0.02082,0.02724,0.02369,0.03445,0.03381,-0.00911,0.01846,0.00920,0.03580,0.03798,0.02492,0.02958
0.01873,0.01770,0.59907,-0.01174,0.35563,0.03391,0.54647,0.00830,0.53756,0.34957,0.28308,0.03899,0.37330,-0.03819,0.47696,0.52552,0.05102,0.29142,0.42416,0.56055,0.02762,0.03870,0.02988,0.02462,0.00390,0.01461,0.04590,0.00624,0.04971,0.01630,0.00517,0.03068
0.02164,0.03290,0.23661,0.04761,0.45412,-0.00465,0.51500,0.02995,0.60428,0.33424,0.27440,0.06977,0.23416,0.00840,0.33030,0.67950,0.03615,0.70625,0.28260,0.68162,0.02563,-0.01344,0.05707,0.05257,0.03311,0.08928,0.01085,0.05904,-0.00416,0.05517,0.02972,0.03667
0.03992,0.03179,0.69824,0.00841,0.50881,0.00748,0.40847,-0.00784,0.76982,0.63126,0.71898,0.01700,0.62177,0.03626,0.65266,0.37963,0.02887,0.38763,0.37271,0.31311,0.00861,0.04820,0.07287,0.00440,0.00917,0.02646,0.04038,0.01144,0.01362,0.00728,0.02893,0.00851
-0.00132,0.02068,0.46954,0.03809,0.67641,0.03986,0.37452,0.01371,0.47239,0.27463,0.68632,0.02801,0.53921,0.00976,0.46093,0.38714,0.04790,0.41593,0.26891,0.58270,0.02485,0.01186,0.01807,0.01569,0.02026,0.00764,0.03764,0.02238,-0.02008,0.04063,0.03648,0.00362
0.01213,0.03362,0.33036,0.02555,0.48516,0.02620,0.46105,0.04628,0.34207,0.39735,0.41929,0.04305,0.30190,0.00198,0.66838,0.52378,0.03215,0.53280,0.30950,0.39536,0.05545,0.04073,0.03027,0.02721,0.05115,0.01112,0.03475,0.00103,0.04053,-0.02015,0.01583,0.04296
0.05833,0.01943,0.65854,-0.00320,0.37254,0.01947,0.49132,0.04436,0.59835,0.52791,0.42787,0.01518,0.41938,0.03373,0.59287,0.55909,0.03235,0.27604,0.38590,0.36156,0.03634,0.05036,0.04746,0.01796,-0.00929,0.05798,0.05718,0.02838,0.01347,0.02978,0.05133,0.01543
-0.00148,-0.00287,0.34254,-0.00560,0.73043,0.03827,0.47239,0.03303,0.64928,0.63543,0.47042,0.02254,0.63207,0.04947,0.65449,0.33347,0.05975,0.62735,0.70452,0.70074,0.00151,-0.00071,0.04889,0.02071,0.03726,0.02183,0.04894,0.02647,0.05506,0.06036,0.01513,0.00953
-0.00043,0.00624,0.57331,-0.01019,0.46426,-0.00794,0.34335,0.03557,0.68478,0.72323,0.49505,0.03517,0.69451,0.03353,0.33803,0.28884,0.04006,0.67825,0.39602,0.24094,0.04285,0.01787,0.01685,0.03482,0.01664,0.01658,-0.02086,0.03816,0.02419,-0.02245,0.04899,0.01856
0.04240,0.02765,0.49791,0.02587,0.28426,-0.01730,0.56875,0.00693,0.52305,0.25437,0.30992,0.01711,0.30055,-0.00457,0.27048,0.64579,0.03945,0.32115,0.37491,0.44786,-0.01596,0.03679,0.03869,0.04224,0.05355,0.00335,0.03305,0.02251,-0.03510,0.04516,0.05396,0.03380
0.01516,0.03523,0.72305,0.03544,0.33345,-0.00242,0.63535,-0.00212,0.66389,0.57146,0.29205,0.04664,0.42588,0.03075,0.56499,0.67343,-0.00829,0.43452,0.72275,0.44461,0.01719,0.06603,0.04927,0.04999,0.00905,0.03144,0.03934,0.03245,0.03736,0.01546,-0.00219,0.07760
0.06734,0.05201,0.46689,0.04990,0.41656,0.01466,0.58121,-0.01201,0.67637,0.31254,0.52960,0.02090,0.67933,0.04423,0.65302,0.46341,0.04279,0.27684,0.35197,0.64143,0.01008,0.05772,0.06552,0.01356,0.01882,0.06153,0.02999,0.01018,0.00111,0.02205,-0.00028,0.03209
0.00301,0.02322,0.46905,0.02863,0.40088,0.03451,0.71071,0.02441,0.51319,0.46024,0.31786,0.03099,0.61851,0.04568,0.39984,0.35549,0.00420,0.57906,0.44663,0.54205,0.07855,0.04253,0.02636,0.03069,0.00692,0.05174,0.03793,0.03623,0.03492,0.04089,0.07806,0.02482
0.04773,0.02542,0.41408,-0.00373,0.58516,0.01367,0.49054,0.03623,0.47541,0.43664,0.41295,0.05883,0.47797,0.01549,0.32349,0.74222,0.00743,0.51600,0.69178,0.56438,0.07708,0.01441,-0.00032,0.03099,0.04234,0.05689,0.00002,0.00219,0.00663,0.03882,0.05635,0.06136
-0.00188,0.04289,0.37260,-0.00099,0.67608,0.02225,0.41951,0.04726,0.61643,0.54197,0.59712,0.03346,0.27025,0.05483,0.62070,0.62176,0.01024,0.25702,0.48543,0.67571,0.01948,0.01079,0.03660,0.02522,0.02142,-0.00350,0.04790,0.03600,0.03681,0.04355,0.06888,0.01829
0.02515,0.02718,0.36245,0.02928,0.61998,0.04381,0.34187,0.02430,0.47378,0.48836,0.71391,0.01299,0.55865,-0.00327,0.28619,0.64468,0.02015,0.72596,0.64876,0.59410,0.01854,0.02389,0.01266,0.03077,0.02023,0.02225,0.02987,0.05151,0.03386,0.00262,0.01473,0.01788
0.02064,0.03102,0.57162,0.02308,0.71369,0.03553,0.37715,0.02406,0.64268,0.55379,0.71078,0.03432,0.64972,0.03385,0.48888,0.23015,0.03373,0.75645,0.69212,0.56920,0.05082,-0.00277,0.02348,0.04677,0.00816,0.01337,-0.04768,0.01834,0.00732,0.02911,0.03379,0.04086
0.02075,0.04098,0.57979,0.05120,0.37070,0.06312,0.37970,0.04143,0.28704,0.42392,0.52996,-0.02137,0.47579,0.00419,0.24603,0.38578,0.02898,0.57367,0.42419,0.69028,0.05308,0.04032,0.03332,0.02185,-0.00987,0.03504,0.02180,0.05652,0.03635,0.03080,0.02510,0.01753
0.03964,0.05412,0.66475,0.01953,0.69153,0.03784,0.52104,0.04609,0.71184,0.26101,0.67699,0.04168,0.52965,0.02928,0.27058,0.48253,-0.00672,0.61001,0.43742,0.65165,0.03318,0.06630,0.00252,0.00489,0.00586,0.01423,0.07247,0.06984,0.04465,0.03158,0.03737,-0.01033
0.02204,0.04851,0.29036,0.02809,0.70873,0.04314,0.30238,0.04044,0.71306,0.36357,0.41407,0.04976,0.70389,0.06774,0.44514,0.65679,0.03046,0.48597,0.31089,0.46713,0.01820,0.01519,0.06370,0.06651,0.02179,0.02344,0.03794,0.01600,0.03570,0.05965,0.01610,0.04056
0.03038,0.03560,0.33675,0.03549,0.53300,0.03529,0.48596,0.02982,0.44016,0.44495,0.70089,0.06153,0.56779,0.03761,0.53627,0.39044,0.00558,0.62511,0.32504,0.51166,0.06875,0.03922,0.04362,0.03831,0.04929,0.03163,-0.01788,0.01177,0.02721,0.03122,0.06552,-0.00772
-0.00845,0.05561,0.57522,0.02906,0.57851,0.02499,0.32477,0.01493,0.29245,0.58876,0.34147,0.04807,0.34325,0.05393,0.60869,0.29367,0.02996,0.63819,0.46905,0.73082,0.02647,0.02728,0.03079,0.01629,0.03863,0.02595,0.02936,0.02893,0.01166,-0.00357,0.02266,0.05898
-0.00779,0.03454,0.48297,0.01790,0.75085,0.02093,0.63268,0.02994,0.43899,0.63525,0.55637,0.06691,0.69313,0.02185,0.34879,0.73026,0.03379,0.74006,0.25020,0.51837,0.02000,-0.00857,0.01868,0.01162,0.04034,0.00814,0.01143,0.06098,0.01129,0.02986,0.03737,0.04932
0.04433,0.05126,0.71365,0.01065,0.52663,0.05632,0.54801,-0.01297,0.68461,0.34673,0.71593,0.05048,0.27966,0.04356,0.64048,0.34903,0.02171,0.34727,0.44066,0.61389,0.05015,0.03538,-0.00600,0.02867,0.00860,0.02548,0.01598,-0.00431,0.07484,0.03632,0.05314,-0.00597
0.03703,0.03046,0.75604,0.06389,0.54866,0.03050,0.68580,-0.00573,0.66210,0.46212,0.51441,0.06098,0.59903,0.05744,0.33114,0.28539,0.05075,0.36265,0.59885,0.32428,0.06418,0.04724,-0.00231,0.03018,0.02799,0.04864,0.03338,0.03560,0.01455,0.03248,0.03879,0.03224
0.04045,0.00478,0.66786,0.01002,0.72024,0.01052,0.57946,0.03622,0.63920,0.30645,0.53930,0.03800,0.28738,0.02744,0.62904,0.58067,0.06074,0.31687,0.37074,0.68925,0.03448,0.03883,0.00963,0.02524,-0.00503,0.03196,0.01285,0.03711,0.02413,0.05723,0.03972,0.03465
0.04158,-0.00852,0.62981,0.05169,0.68689,0.03941,0.68711,0.01809,0.68143,0.38566,0.66888,0.02590,0.60433,0.02135,0.38091,0.71292,0.03040,0.50477,0.47649,0.73650,0.04940,0.00883,0.04787,0.03247,0.03289,0.01203,0.03138,0.03863,0.00077,0.05686,0.03435,0.04096
0.05633,0.03324,0.45583,0.04558,0.46482,0.02497,0.72420,0.05716,0.64730,0.65958,0.26493,0.00889,0.73374,0.02765,0.68427,0.74626,0.05050,0.45350,0.64412,0.38135,0.01954,0.02509,-0.00032,0.01497,0.03652,0.04643,0.02764,0.00354,0.01305,0.04950,0.04547,0.01509
0.08209,0.05183,0.28969,0.05254,0.39056,0.03644,0.65283,0.01631,0.43497,0.26984,0.43023,0.04057,0.27946,0.00317,0.29096,0.38207,0.01005,0.27843,0.40980,0.52130,0.05656,0.05840,0.04296,0.02093,0.09204,-0.00038,0.04421,0.02510,-0.00231,0.02048,0.01884,0.00178
0.04959,0.02465,0.42279,0.03643,0.63542,0.03525,0.72303,0.03131,0.62932,0.67643,0.63055,0.04733,0.47799,-0.00700,0.53874,0.47717,0.02935,0.61620,0.34659,0.27442,0.02799,0.00760,0.05906,0.05627,0.01721,0.04178,0.01585,0.06694,-0.00913,0.02553,0.04160,0.08055
0.01319,0.01955,0.50078,0.01707,0.39393,0.02854,0.56992,0.01219,0.69650,0.25752,0.28494,0.02019,0.40351,0.03573,0.47431,0.58672,0.02143,0.63207,0.61777,0.41537,0.03596,0.04789,0.01943,0.02260,0.02774,0.03767,-0.00043,0.03984,0.05680,0.03637,0.03403,0.03575
0.04606,0.04276,0.51225,0.02921,0.50120,0.04742,0.50112,0.06145,0.25227,0.71633,0.27316,0.02257,0.49154,0.01396,0.42312,0.47430,-0.00124,0.60760,0.62108,0.63845,0.04778,0.01468,-0.00097,-0.00024,0.04577,0.05730,0.04371,0.06401,0.02935,0.00049,0.01904,0.01061
0.00054,0.04007,0.70633,0.01728,0.69508,0.04321,0.38785,0.02158,0.39141,0.45620,0.23877,0.00773,0.73084,0.02995,0.58581,0.61717,0.05647,0.63172,0.65935,0.25791,0.00976,0.00784,0.02102,0.02587,0.01328,0.03340,0.02105,0.05899,0.05218,0.01906,0.03315,0.00622
0.02349,0.05288,0.74171,0.04803,0.66158,0.01593,0.75129,0.03609,0.28684,0.52663,0.29324,0.04188,0.53945,0.02668,0.37419,0.30776,0.08180,0.56994,0.55058,0.44839,0.02012,0.01208,0.03706,0.05674,0.03610,0.02386,0.04165,0.02336,0.04354,0.03388,0.00610,0.02226
-0.00825,0.00732,0.39197,-0.00143,0.32273,0.04566,0.25863,0.04120,0.74928,0.45463,0.68661,0.04120,0.50782,0.01126,0.57420,0.31835,0.02328,0.45505,0.44813,0.52010,0.00921,0.02324,0.05541,0.00990,0.04778,0.04476,0.04419,0.05613,0.01360,0.01579,0.02813,0.01822
0.02572,0.04049,0.39468,0.03912,0.74657,0.04721,0.42591,0.04073,0.63823,0.30314,0.54972,0.01922,0.61484,0.01267,0.73654,0.68958,0.02259,0.61631,0.42964,0.33181,0.05644,0.04314,0.04203,0.04546,0.02874,0.02417,0.03333,-0.00385,0.03695,0.03534,-0.00278,0.03626
0.03120,0.05791,0.57691,0.02880,0.64562,0.02614,0.46117,-0.01848,0.46992,0.69070,0.42247,0.02816,0.51946,-0.00542,0.74767,0.71925,0.01033,0.59493,0.30304,0.20213,0.04444,-0.00129,0.02891,-0.00851,-0.00504,0.00632,0.04967,-0.00060,0.03467,0.09369,0.05479,0.07767
0.01707,0.05791,0.32880,0.02941,0.74431,0.01395,0.32750,0.00159,0.32817,0.54508,0.26593,-0.00670,0.69115,0.01988,0.39059,0.44693,0.00415,0.62913,0.56278,0.44447,0.04812,0.02803,0.03815,0.01424,0.04313,0.05093,0.01021,0.05489,0.03239,0.02104,0.05549,0.01060
-0.02589,0.04122,0.26638,0.05226,0.40550,0.05855,0.44287,0.02121,0.48559,0.60123,0.60368,0.04982,0.52713,0.04391,0.37140,0.65633,0.01759,0.67704,0.60547,0.28963,0.01837,0.02063,0.04822,0.06483,0.02461,-0.00028,0.03096,0.03454,0.04089,0.05537,0.01326,0.03978
0.06004,0.05461,0.62103,0.04044,0.34015,0.06324,0.50592,0.04843,0.52999,0.44476,0.51828,-0.00759,0.60783,0.00799,0.33865,0.40014,-0.01564,0.61886,0.30724,0.66144,0.01173,0.02507,0.01202,0.01864,0.03857,0.06411,-0.03062,-0.00617,0.04953,0.04855,0.04897,0.02421
0.00262,0.03999,0.61972,0.06794,0.58134,0.01432,0.35042,0.04112,0.65844,0.49683,0.53905,0.00205,0.38874,0.06098,0.39522,0.66753,0.04305,0.36904,0.23105,0.70236,0.00544,0.05336,0.05843,0.05703,-0.01416,0.04800,0.05959,0.00395,0.02246,0.03033,0.06843,0.01289
0.06277,0.01498,0.25681,0.02098,0.49069,0.02385,0.29129,0.00660,0.66106,0.29681,0.51347,0.02958,0.58352,0.02953,0.52120,0.70160,0.03955,0.54820,0.47958,0.45186,0.02565,0.03100,0.02463,0.04265,-0.00211,0.04978,0.01596,0.00721,0.05913,0.01469,0.03652,0.02981
0.04954,0.01503,0.30283,0.02514,0.71057,0.06767,0.49955,0.02335,0.35592,0.73373,0.23884,0.05478,0.74390,0.04366,0.45144,0.36943,0.05017,0.59930,0.73193,0.42447,-0.01397,0.04981,-0.01148,0.01883,0.06071,0.02147,-0.01250,-0.01329,0.06483,0.02176,0.03783,0.07038
0.02933,0.04939,0.38417,0.05319,0.41911,0.03780,0.62389,0.05212,0.64331,0.25461,0.42029,0.00535,0.51525,0.02241,0.19997,0.33161,0.02918,0.30833,0.68762,0.68200,0.01546,0.02442,0.02061,0.04334,0.04524,0.03689,0.00671,-0.00589,0.02238,-0.00716,-0.01001,0.02634
0.01996,0.02605,0.39561,0.01556,0.39619,0.05801,0.72610,0.04135,0.39986,0.51269,0.26082,0.04188,0.45480,0.03276,0.57818,0.76464,0.00955,0.62778,0.30195,0.28454,0.05243,0.03563,0.04221,-0.01230,0.03867,0.00350,0.02549,0.02594,0.00246,0.04128,0.02420,0.04189
0.03691,0.03048,0.55037,0.01860,0.69673,0.02364,0.29212,0.00195,0.36807,0.35098,0.42620,0.02150,0.41784,0.02288,0.29033,0.48433,0.03124,0.31031,0.69967,0.34181,0.01022,0.01990,0.04305,0.04523,0.03579,0.00216,0.05326,0.04146,0.03108,0.04941,0.01996,0.03954
0.03626,0.03028,0.74507,0.01714,0.28903,0.00622,0.43562,0.01956,0.50835,0.34452,0.23815,0.05129,0.59111,0.00929,0.65719,0.48782,0.03441,0.55379,0.57739,0.25328,0.01067,0.01181,0.02418,0.04113,0.04358,-0.00350,0.01032,0.04174,-0.00229,0.03215,0.04288,0.02486
0.03339,0.03204,0.60197,0.05525,0.36487,0.03321,0.44988,0.06075,0.71922,0.72074,0.27295,0.01487,0.61701,0.03122,0.37251,0.45254,0.00952,0.56167,0.40132,0.72396,-0.00627,0.03177,0.06868,0.03544,0.03051,0.03811,0.07155,0.03450,0.04440,0.04866,0.02467,0.02996
0.03940,0.02781,0.55044,0.05686,0.53149,0.04784,0.46086,0.04687,0.57018,0.44214,0.57324,0.02180,0.61785,0.06741,0.65160,0.60941,0.06000,0.52569,0.40817,0.37658,0.02831,0.03376,0.05435,0.05053,0.02867,0.05831,0.04083,0.01977,0.03678,0.03647,-0.01763,0.04941
-0.02070,0.04059,0.41085,0.02814,0.31182,0.00919,0.46565,0.02485,0.30050,0.57151,0.49749,0.02188,0.65485,-0.00979,0.48886,0.77567,-0.00114,0.60192,0.63361,0.66990,0.01718,0.01576,0.02725,0.04096,-0.00849,0.03624,0.01762,0.06915,-0.00614,0.03756,0.00620,0.01642
0.01606,0.02062,0.36107,0.01582,0.56846,0.04156,0.53319,0.03595,0.23378,0.75122,0.59008,0.00994,0.34601,0.00656,0.70715,0.32158,0.01764,0.69904,0.73496,0.31814,-0.00782,0.06723,0.03766,0.03866,0.04604,0.08388,0.08535,0.03246,0.00609,0.03012,0.01305,0.05067
0.01230,0.06568,0.57107,0.00817,0.57148,0.04988,0.72041,0.02741,0.30550,0.51599,0.72066,0.01076,0.39009,0.01355,0.51040,0.58981,0.01330,0.67549,0.31401,0.45184,0.02386,0.05996,-0.00253,0.03502,0.00222,0.05997,0.02512,-0.01931,0.00919,0.02225,0.04458,0.07911
0.00835,0.01642,0.65137,0.04241,0.67656,0.00658,0.26610,0.04511,0.68066,0.34350,0.29140,0.00170,0.69142,0.01740,0.51882,0.73933,0.04154,0.61170,0.69062,0.50812,0.03221,-0.00680,0.05490,0.00510,0.02225,0.02592,0.04465,0.05499,0.02121,0.04521,0.06262,0.01344
0.05736,0.00342,0.37602,0.05386,0.55126,0.03105,0.40919,0.02206,0.33512,0.33786,0.63915,0.03327,0.51960,0.05803,0.71022,0.45973,0.00562,0.59023,0.75471,0.47306,0.06932,0.05149,0.05411,0.03320,0.02665,0.02286,0.01475,0.05567,0.01200,0.04887,-0.00121,0.04645
0.01868,0.02820,0.48853,0.03467,0.47070,0.03998,0.30812,0.05530,0.42746,0.45975,0.51728,0.03609,0.27149,-0.01419,0.47223,0.29019,0.02918,0.56119,0.54114,0.47973,0.02959,0.06384,0.03865,0.04689,0.03005,0.01139,0.05301,0.04493,0.03948,0.03342,0.02442,0.02031
0.00306,0.03274,0.56997,0.03995,0.42226,0.04681,0.39104,0.01981,0.72667,0.51460,0.64400,0.04275,0.69499,0.05967,0.53075,0.65328,0.00635,0.65756,0.58904,0.69032,0.00417,0.04195,0.02336,0.06959,0.02843,0.05465,0.05873,0.05560,0.01506,0.04033,0.04628,0.00507
0.06320,0.00937,0.64205,0.01616,0.26764,0.05094,0.44618,-0.01295,0.31259,0.42173,0.28691,-0.00409,0.70000,0.02957,0.71414,0.50073,0.04698,0.45380,0.53303,0.70988,0.04141,0.04907,0.01247,0.01734,0.04343,0.06646,0.02999,0.01964,0.02078,0.03034,0.06993,0.01704
0.01698,0.00478,0.40780,0.00540,0.56480,0.03505,0.32728,0.03109,0.49673,0.31379,0.33550,0.02932,0.69716,0.04965,0.30396,0.26506,0.05503,0.26435,0.39868,0.36049,0.04929,-0.01601,0.03303,0.01424,0.02010,0.02104,0.05317,0.04300,0.03533,0.03913,0.04543,0.02248
0.03994,0.04083,0.53260,0.03910,0.48000,0.00828,0.70101,0.06025,0.40305,0.37127,0.26977,0.03114,0.44104,0.07304,0.35189,0.54149,0.03866,0.54050,0.34362,0.42428,0.05228,0.01105,0.03718,0.01154,0.04777,0.01226,0.06320,0.04604,0.01510,0.03444,0.03946,0.01110
0.03131,0.03511,0.28254,0.03986,0.42778,0.03483,0.44717,0.02464,0.33827,0.70612,0.44205,-0.00403,0.62961,0.03218,0.35289,0.46254,-0.02791,0.66966,0.32984,0.64539,0.03619,0.02852,0.05767,0.02837,0.03755,0.00838,0.00345,0.05464,0.00990,0.02515,0.05794,-0.00058
0.03015,0.03439,0.51884,0.04365,0.57828,0.01188,0.29444,0.07989,0.47834,0.37257,0.61357,0.04959,0.45399,0.02661,0.51278,0.46606,0.00588,0.64679,0.56156,0.31036,0.05284,-0.02286,0.01589,0.02207,0.04691,0.03610,0.03857,0.04109,0.04892,0.05180,0.06303,0.09799
0.01770,0.02666,0.31441,0.02104,0.37008,0.03356,0.36125,0.05681,0.27008,0.70048,0.35837,0.05292,0.47475,0.07195,0.62880,0.42248,0.04574,0.30388,0.45933,0.60869,0.03482,0.03457,0.04777,0.06722,0.07915,0.01531,0.03815,0.03400,0.01630,0.03005,0.01092,0.06628
0.05668,0.03284,0.24929,0.05737,0.50364,0.01938,0.67488,0.01002,0.28951,0.43486,0.25964,0.04581,0.71099,-0.00012,0.67421,0.26609,0.01886,0.44141,0.52569,0.41077,0.04104,0.01475,0.00931,0.05295,0.01675,0.01613,-0.00437,0.05981,0.03543,0.05035,0.06055,0.03808
0.03127,0.03373,0.69749,0.07111,0.27285,0.01231,0.34709,0.00937,0.51859,0.53020,0.62182,0.01160,0.56657,0.00850,0.58242,0.33708,0.02494,0.40668,0.47381,0.71574,0.05791,0.04434,0.03065,0.04321,-0.01319,0.00646,0.05785,0.05147,0.00077,0.03138,-0.02502,0.01387
0.01547,0.04471,0.35475,0.02991,0.57225,0.02115,0.77933,0.02595,0.72293,0.43181,0.43775,0.03088,0.25957,0.05342,0.58478,0.48333,0.02056,0.55637,0.40296,0.38807,0.01029,0.07318,-0.00537,0.03122,0.03843,0.02724,0.02554,0.02890,0.05407,0.03390,0.00927,0.02564
-0.00373,-0.00853,0.64582,0.04104,0.24988,0.01769,0.29471,0.03050,0.51701,0.51482,0.55947,0.01193,0.56520,0.04183,0.26732,0.71333,0.05840,0.40089,0.49514,0.51124,0.01612,0.01373,0.02850,-0.00416,0.03608,0.05931,0.04124,0.06092,0.05465,-0.00088,0.00457,0.06507
0.02039,0.00433,0.41018,0.06961,0.49663,0.03909,0.47916,0.02079,0.58609,0.54528,0.65476,0.05534,0.40839,0.05793,0.59802,0.45640,0.06639,0.53525,0.34654,0.64022,0.06161,0.03273,0.03691,0.02648,0.03630,0.02237,0.05349,0.06433,0.00689,0.00404,0.04301,-0.00666
0.01712,0.04729,0.25282,0.03037,0.59810,-0.00088,0.63071,0.02478,0.47438,0.48538,0.28509,0.02947,0.46140,0.03045,0.69295,0.62508,0.02852,0.64157,0.35844,0.62267,0.00332,0.03458,0.02420,0.00850,0.04331,-0.00625,0.02349,0.07452,0.02028,0.02718,0.04689,-0.00090
-0.04391,0.02727,0.50460,0.02110,0.36997,0.04638,0.66034,-0.01620,0.36409,0.46750,0.33572,0.05525,0.27751,0.05387,0.20884,0.46699,0.03580,0.71694,0.27599,0.66087,0.04372,0.65712,0.01504,0.04809,0.05063,0.04114,0.03554,0.00696,0.04173,0.02519,0.01963,0.03003
0.00803,0.04090,0.64872,0.03984,0.34424,0.03719,0.70021,0.00992,0.76250,0.51430,0.47064,0.05216,0.27723,-0.00148,0.67213,0.73848,0.06728,0.44533,0.38539,0.48709,0.00462,0.43808,0.00256,0.04799,0.04201,0.01220,0.04255,0.02523,0.05373,0.00702,0.03934,0.03642
-0.01466,0.03947,0.32756,0.06569,0.45807,0.04660,0.29264,0.03414,0.56608,0.65880,0.37915,0.03805,0.46173,0.06740,0.31663,0.66437,0.04198,0.63586,0.72537,0.52210,0.05426,0.25933,0.05294,0.01262,0.03055,-0.01006,0.06736,0.03823,0.00716,0.00749,0.01361,0.03376
0.01707,0.04417,0.61976,0.05402,0.55059,0.06367,0.69544,0.00697,0.23800,0.48197,0.55360,0.08338,0.75609,0.02576,0.44986,0.70575,0.00533,0.28468,0.60683,0.58942,0.06483,0.44917,0.04824,0.07417,0.02655,0.04552,0.04162,0.01158,0.01274,0.01058,0.02897,0.06614
0.03216,0.05656,0.54981,0.01798,0.30167,0.02452,0.46065,0.01504,0.51409,0.37760,0.42674,0.02682,0.31468,0.03544,0.44705,0.56377,0.04167,0.72767,0.26767,0.41013,0.02443,0.37952,0.02420,0.04200,0.01904,0.03922,0.02000,0.04169,0.01400,0.05035,0.01611,0.04750
0.04120,0.03316,0.30069,0.06540,0.30792,0.03939,0.43425,0.02962,0.66160,0.30594,0.66603,0.04730,0.43636,0.01713,0.74161,0.40095,0.03323,0.67493,0.53364,0.27125,0.06391,0.31403,0.02296,0.06070,0.03683,0.06479,0.06785,0.01292,0.04227,0.04382,0.03902,-0.00884
0.03258,0.01314,0.26987,0.00445,0.41936,0.00602,0.65423,-0.00830,0.63986,0.28147,0.29481,0.03868,0.26022,0.02487,0.35039,0.38635,0.01971,0.43406,0.40109,0.32401,0.01689,0.36378,0.03371,0.04188,0.02214,0.05741,0.01561,0.02930,0.03830,0.06514,0.04173,0.01727
0.04926,0.04652,0.42407,0.01215,0.53190,0.02608,0.54969,0.04453,0.34009,0.36356,0.68946,-0.00055,0.63061,-0.00339,0.38045,0.65209,0.02125,0.68095,0.59915,0.59401,0.01392,0.71840,0.05792,0.01370,0.05375,0.03580,0.03884,0.00707,0.01534,0.01491,0.02869,0.03974
0.06774,0.01515,0.75325,0.00055,0.63229,0.02218,0.23472,0.04316,0.70124,0.64962,0.39744,0.05346,0.52331,0.04411,0.70048,0.29042,0.02669,0.69295,0.56276,0.46448,0.05522,0.25282,-0.00706,0.00709,0.02348,0.05489,0.00288,0.02793,0.00691,0.02430,0.05296,0.03118
0.08391,-0.00054,0.41140,0.05129,0.24971,0.02186,0.57672,0.01205,0.35045,0.58718,0.46506,-0.03235,0.45063,0.04567,0.31814,0.54913,-0.00288,0.57570,0.46726,0.30020,0.04398,0.41059,0.01679,0.05342,0.05125,0.00957,0.03697,0.03319,0.04773,0.03322,0.05762,0.03305
0.02703,0.04147,0.42498,0.04280,0.31491,0.04433,0.65865,-0.01319,0.56768,0.32295,0.74551,0.02395,0.32682,0.00506,0.31459,0.28190,0.04781,0.59436,0.70570,0.58169,0.02415,0.45339,0.03716,0.03938,0.04628,0.04190,0.04693,0.02706,0.01578,0.05491,0.02930,-0.01650
0.05289,0.03326,0.60179,0.01564,0.55959,0.03222,0.71672,0.03460,0.51636,0.47868,0.56248,0.02730,0.69217,0.05413,0.33469,0.52382,0.00557,0.52867,0.26572,0.48881,0.04574,0.49651,-0.00032,-0.00243,0.03840,0.03985,0.03136,0.01501,0.05348,0.06238,0.09404,0.02974
0.06034,0.00103,0.62063,0.04541,0.34716,0.00890,0.39039,0.03404,0.31460,0.63411,0.42836,0.00468,0.65507,0.04374,0.61973,0.42041,0.01926,0.54640,0.39630,0.62849,0.06190,0.31311,0.05209,0.05294,0.01392,-0.01246,0.01745,0.01233,0.04638,0.04427,-0.00320,0.02813
0.01815,0.02218,0.26899,0.05841,0.44728,-0.00435,0.40113,-0.00062,0.65464,0.32669,0.68480,0.04402,0.26751,0.04060,0.35965,0.65555,0.03492,0.63888,0.41686,0.38837,0.05259,0.29015,0.08324,0.03865,0.02965,0.00863,-0.00176,0.02679,0.02885,-0.01047,0.01762,0.05194
0.00380,0.04682,0.72298,0.01118,0.73789,0.02708,0.55467,0.02817,0.38587,0.43669,0.33338,0.02986,0.45103,0.02527,0.62080,0.44635,0.00602,0.33317,0.73412,0.66984,-0.00292,0.64954,0.00740,0.02056,0.03650,0.03074,0.04365,0.03696,0.02901,-0.00641,0.05377,0.01987
0.04602,0.01151,0.52838,0.04401,0.64622,0.03700,0.67590,0.01825,0.58019,0.35625,0.38354,0.07217,0.40139,-0.00153,0.33583,0.51743,0.03398,0.32605,0.45663,0.26203,0.05987,0.30420,0.03225,0.02964,0.03418,0.05750,0.03908,0.05066,0.06311,0.02561,0.03505,0.02433
0.00836,0.04792,0.30745,0.01870,0.70105,0.04375,0.24090,-0.00138,0.33052,0.32257,0.55620,0.02775,0.38560,0.01623,0.42683,0.28647,0.04333,0.65403,0.59759,0.60206,0.02226,0.36600,0.02859,0.03942,0.05670,0.03787,0.03141,0.02401,0.02953,0.00206,0.03622,0.01414
0.04130,0.01791,0.70705,0.06536,0.29469,0.05331,0.46095,0.04163,0.45120,0.34592,0.48414,0.02959,0.64183,0.03019,0.61614,0.74709,0.04038,0.45149,0.64484,0.47822,0.06249,0.62921,0.03683,-0.00964,0.06003,0.01718,0.00883,0.00053,0.01977,-0.00500,0.00899,-0.00254
0.03275,0.00238,0.38061,0.03845,0.52155,-0.01115,0.46960,0.04385,0.66261,0.67142,0.49847,0.00638,0.72127,0.04367,0.66248,0.37009,0.05591,0.60076,0.74674,0.34836,0.03663,0.28849,0.05425,0.05488,-0.02352,0.01299,0.02537,-0.00331,0.06826,0.05337,0.03467,0.00793
0.03474,0.02863,0.38545,0.02724,0.76093,-0.01088,0.65651,0.01027,0.72732,0.54389,0.29483,0.02540,0.40927,0.02156,0.61813,0.44612,0.01900,0.55735,0.35184,0.60958,0.06387,0.66587,0.00360,0.00914,0.04229,0.06095,0.03915,0.03036,0.01670,0.04759,0.03820,0.04869
0.02075,0.01125,0.45369,0.01296,0.41763,0.03297,0.74796,0.07241,0.40780,0.69649,0.63933,0.00468,0.48333,0.01575,0.68720,0.38922,0.03243,0.72811,0.50906,0.39192,0.00065,0.43306,0.01360,0.06839,0.02709,0.05168,0.02227,0.06748,0.02027,-0.01562,0.02312,0.03769
0.06841,0.04199,0.64209,0.05733,0.60679,0.02177,0.51567,-0.00455,0.36786,0.53256,0.41363,0.01166,0.48143,0.00420,0.52942,0.24050,0.05005,0.71989,0.61203,0.67699,0.02684,0.33170,0.02827,0.05964,0.02276,0.06318,0.05773,0.02851,0.06681,0.04322,0.05248,0.03529
0.05303,0.02805,0.29536,0.00516,0.53913,-0.00313,0.71733,0.02380,0.58073,0.66636,0.60040,0.04456,0.65864,0.01710,0.43830,0.65568,0.03496,0.49966,0.71056,0.64542,0.00542,0.33577,0.01450,-0.00262,0.02807,0.08110,0.06056,0.01687,0.04810,0.06406,-0.00697,0.00757
0.00800,0.02989,0.29201,0.02728,0.65515,0.02597,0.37279,0.03532,0.58262,0.47807,0.53804,0.04450,0.49091,0.06123,0.30327,0.58295,0.03906,0.54890,0.30056,0.26564,0.01887,0.54657,0.01995,0.03095,0.01637,0.02897,0.05188,0.00597,-0.01046,0.04116,0.02073,0.00550
-0.05002,0.00075,0.30365,0.01539,0.73633,0.06894,0.29213,0.06188,0.76746,0.74342,0.55317,0.01878,0.35151,0.03516,0.30430,0.73665,0.02085,0.35314,0.56169,0.38267,0.06517,0.36635,0.03807,0.03021,0.03460,0.01758,0.01639,0.03267,0.08072,0.01875,0.06525,0.03426
0.02409,0.01035,0.44723,0.06250,0.38954,0.00686,0.40345,0.04242,0.60011,0.74461,0.43360,0.03524,0.39166,0.00300,0.58241,0.61411,0.05881,0.69805,0.66169,0.40820,0.02953,0.45810,0.00508,0.06268,0.02146,0.02759,0.01455,0.00972,0.03471,0.01692,-0.02875,0.03774
0.05745,0.00909,0.57938,0.02280,0.31938,-0.01573,0.50029,0.02067,0.67524,0.37914,0.39859,0.02228,0.58099,0.06482,0.38106,0.73095,0.02510,0.26960,0.72234,0.51764,0.02693,0.24563,0.03339,0.03830,0.05499,0.02040,0.00810,0.03096,0.03994,0.06507,0.01825,0.03807
0.04163,0.04590,0.47042,0.04734,0.53053,0.03252,0.50566,0.04082,0.62326,0.69648,0.47011,0.05800,0.29636,0.02596,0.64090,0.39976,0.02308,0.67379,0.35995,0.58093,0.00784,0.46171,0.01664,0.02757,0.06441,0.04522,0.04374,0.02020,0.06086,0.04709,0.05431,0.03170
-0.00609,0.05345,0.55896,0.02183,0.43516,0.01728,0.65205,0.05669,0.74181,0.45728,0.25479,0.02349,0.29738,0.01309,0.65533,0.69522,0.02436,0.57637,0.74027,0.34121,0.00896,0.58096,-0.00221,0.06361,0.03768,0.01684,0.05149,0.04498,0.08610,0.00413,0.01900,0.02705
0.03823,0.02527,0.28849,0.03162,0.65472,-0.00829,0.49959,-0.00176,0.64977,0.67242,0.42081,-0.00429,0.36684,0.06050,0.71341,0.31074,0.04786,0.56253,0.43138,0.36293,0.03501,0.49618,0.06030,0.01090,0.00674,0.01996,0.03872,0.03263,0.02988,0.03953,0.00131,0.05318
0.04044,0.05644,0.59706,0.03444,0.56649,0.04578,0.38310,0.02650,0.30433,0.41990,0.33008,0.00990,0.64986,0.00749,0.44949,0.66208,0.01031,0.72340,0.35176,0.59984,0.04344,0.43610,-0.00801,0.01042,0.04828,0.03640,0.03617,0.04463,0.03068,-0.01852,0.08937,0.02398
0.03312,0.00091,0.68883,0.03320,0.69192,0.02477,0.72675,0.01808,0.51690,0.47437,0.53582,0.03104,0.24572,0.03553,0.37142,0.38326,0.03513,0.52631,0.47461,0.32389,0.01743,0.70904,0.01203,0.04571,0.06581,0.07470,-0.00156,0.03678,0.04474,0.04457,0.03292,-0.02791
0.02585,0.01980,0.48745,0.04605,0.62495,0.03635,0.45098,0.05518,0.33749,0.45331,0.27263,0.02352,0.73405,0.02218,0.40160,0.39501,0.02023,0.65841,0.49003,0.66606,0.03020,0.44924,0.01602,0.02220,0.05793,0.03762,0.00993,0.05910,0.02614,-0.01044,0.01807,0.01007
0.00669,0.03035,0.28673,0.08066,0.28178,0.00202,0.40452,0.01067,0.59268,0.74916,0.65599,0.00493,0.74847,0.05333,0.62941,0.36507,0.01563,0.57374,0.65669,0.71839,0.02783,0.25661,0.01896,0.04918,0.03971,0.00053,0.03758,-0.03721,0.02770,-0.00843,0.00598,0.04560
0.06780,0.04564,0.72538,0.04867,0.61829,0.02523,0.69589,0.02428,0.44160,0.33472,0.42727,0.05133,0.68060,0.02128,0.40543,0.61578,0.04538,0.58231,0.57874,0.48837,-0.00076,0.45003,0.00907,0.04250,0.01016,0.04713,0.02576,0.03713,0.02578,0.05592,0.06970,0.04108
0.00425,0.06243,0.68409,-0.01003,0.29478,-0.00228,0.66731,0.04141,0.37279,0.63660,0.50163,0.04680,0.69442,0.05624,0.28078,0.41859,0.03927,0.42582,0.34414,0.62070,0.03536,0.55711,0.03169,0.04674,0.01282,0.00643,0.03373,0.04648,0.04273,0.00524,0.02383,0.00232
0.00520,0.03325,0.39311,0.03140,0.46857,0.00417,0.59787,0.04180,0.59075,0.47964,0.47378,0.01900,0.65893,0.08295,0.71286,0.28669,0.04524,0.60593,0.35604,0.39245,-0.00093,0.64664,0.03763,-0.01680,0.01170,0.02427,0.05688,0.09387,-0.02371,0.03306,0.06131,0.00202
0.04232,0.01259,0.35614,0.01927,0.30243,0.07103,0.31842,0.02040,0.61486,0.26687,0.24211,0.05876,0.27733,0.03281,0.27004,0.44833,0.04585,0.76114,0.73105,0.57317,0.02054,0.74237,0.04724,0.04075,0.08037,0.02093,0.00939,0.01861,-0.00151,0.05124,0.04630,-0.00317
0.03890,0.03182,0.65842,0.05565,0.68991,-0.03076,0.39853,0.03482,0.31921,0.48884,0.50003,0.04440,0.64280,0.02559,0.34813,0.67296,0.03442,0.44187,0.57228,0.55531,0.02430,0.39082,0.07403,0.05658,-0.02290,0.01877,0.00661,0.07428,0.03148,0.02427,-0.01123,0.01468
-0.01228,0.03999,0.28620,0.03598,0.41946,0.01502,0.29804,0.05304,0.48949,0.57061,0.58413,0.01552,0.47995,0.00023,0.52396,0.64697,-0.00168,0.66984,0.62670,0.45058,0.03049,0.70106,0.00108,0.03495,0.01481,0.00991,0.01523,0.06040,0.05507,0.01714,0.00855,0.03733
0.00846,0.05308,0.53650,0.05173,0.41876,-0.00045,0.61771,0.05130,0.69125,0.45824,0.41469,0.02352,0.70265,0.01627,0.44782,0.29845,0.04470,0.70224,0.40209,0.38262,0.02492,0.43041,-0.02354,0.02334,0.05937,0.02779,-0.00393,0.01107,0.03640,0.02554,0.03805,0.03041
0.04727,0.02795,0.38354,0.02792,0.54775,0.05495,0.41442,0.02770,0.51747,0.34436,0.41053,0.01360,0.70741,0.01049,0.55054,0.56091,0.01467,0.39069,0.47377,0.71915,0.02861,0.33053,0.00085,0.04961,0.05450,0.03944,0.05049,-0.01293,0.01609,0.03268,0.04471,0.02288
0.02714,-0.00930,0.67076,0.03798,0.25535,0.01798,0.44210,-0.01090,0.75566,0.69731,0.27166,0.00188,0.67876,0.02000,0.52443,0.63378,-0.03162,0.64510,0.74457,0.60957,0.02387,0.39349,0.02372,0.02990,-0.00115,0.00323,0.05151,0.03194,-0.01652,0.03402,0.04238,0.05917
0.08256,0.03516,0.48970,0.00034,0.67518,-0.01157,0.54947,0.02892,0.43095,0.28663,0.55452,0.01161,0.32449,-0.00301,0.41890,0.28438,0.02907,0.37252,0.30767,0.45654,0.03189,0.48010,0.01447,0.00522,0.05319,0.02560,0.01915,0.03612,-0.00591,0.00759,0.03118,0.03330
-0.00149,-0.00745,0.31841,0.03106,0.50070,0.03123,0.75131,0.04931,0.35820,0.49380,0.54346,0.07902,0.42198,0.06575,0.25330,0.69605,0.05681,0.45867,0.41323,0.69319,0.02669,0.26253,0.00469,0.00445,0.01444,0.00976,0.07066,0.04356,0.04378,0.01130,0.04433,0.03931
0.01745,0.02886,0.29121,0.03269,0.42887,0.01105,0.51286,0.03249,0.25367,0.70423,0.49654,0.02237,0.45126,0.04358,0.69572,0.59053,-0.00533,0.35364,0.48993,0.45289,-0.00504,0.42821,0.03722,0.03556,0.02842,0.02640,0.03206,0.02776,0.03984,0.01964,-0.02012,0.01641
0.01702,0.03831,0.61435,0.02106,0.67122,0.02273,0.28056,-0.00657,0.53870,0.45706,0.33745,0.07220,0.37140,0.02148,0.26703,0.43358,0.01500,0.69534,0.36772,0.61319,0.04468,0.27011,0.02248,0.01028,0.02757,0.03927,0.05281,0.01419,0.06719,0.01586,-0.01758,0.02704
0.03069,0.04856,0.46278,-0.00260,0.64477,0.01793,0.24027,0.01022,0.76164,0.49444,0.29733,0.03137,0.28532,0.02934,0.33426,0.37125,0.02417,0.57066,0.44185,0.49991,0.05073,0.54672,0.06453,0.01600,0.01930,0.05436,0.03708,0.00290,0.04958,0.05694,-0.00874,0.04285
0.02462,0.02001,0.39957,0.03883,0.69984,0.01807,0.36970,0.04546,0.58904,0.39801,0.76546,0.02017,0.51335,0.05903,0.47586,0.41407,0.01550,0.61726,0.32576,0.75048,-0.00085,0.28600,0.03396,0.03158,0.01881,0.04778,0.04322,0.03798,0.06905,0.04022,0.03704,0.04216
0.01220,0.01374,0.32610,0.03392,0.43429,0.03688,0.52513,0.01664,0.48355,0.44917,0.46078,0.02403,0.32482,-0.01546,0.46311,0.54337,0.03736,0.29789,0.73444,0.33271,0.02357,0.29790,0.08137,-0.01139,0.07007,0.01879,0.04799,0.03985,0.03069,0.00273,0.02980,0.00915
0.01851,0.02363,0.66243,0.04715,0.62452,0.03907,0.48459,0.04156,0.50472,0.66741,0.46990,0.01273,0.71667,0.00870,0.23291,0.72338,0.02209,0.47652,0.64775,0.55358,0.00227,0.66927,-0.00925,0.01276,0.03228,0.02587,0.06343,0.03642,0.04111,0.01319,-0.00458,0.04452
0.09150,0.00806,0.32225,0.04065,0.52443,0.04014,0.47418,0.01850,0.25820,0.30924,0.38210,0.05388,0.54034,0.01210,0.27173,0.47616,0.06646,0.29172,0.63466,0.71663,-0.01064,0.40410,0.05819,0.04445,0.01177,0.03253,0.04513,-0.00157,0.06942,0.04367,0.03619,0.00073
0.02063,0.02840,0.53601,0.01295,0.41797,0.05739,0.45287,0.06768,0.59417,0.37653,0.32322,0.00551,0.56619,0.03295,0.63795,0.61433,0.07538,0.52306,0.36590,0.56141,0.07693,0.38416,0.04871,0.03996,0.01618,0.03150,0.02862,0.04460,0.00413,-0.00254,0.03591,0.01151
0.03557,0.06907,0.59025,0.02680,0.46840,0.01555,0.52588,0.05523,0.72342,0.56351,0.56125,0.01504,0.46367,0.02704,0.53500,0.65092,0.00692,0.59361,0.29624,0.61356,0.00340,0.38427,0.01056,0.02044,0.03144,0.04812,0.05500,0.03255,0.02582,0.05889,0.03569,0.01020
0.04893,0.03739,0.42407,0.00093,0.24942,0.03779,0.33082,0.00855,0.67871,0.58814,0.62272,0.01541,0.30478,0.04029,0.30784,0.68718,0.05007,0.68842,0.49007,0.58346,0.01291,0.37133,0.02058,0.00994,0.03440,0.02620,0.07772,0.02287,0.00134,0.01501,0.02726,0.03148
0.04741,0.01595,0.58045,0.02777,0.51016,0.02410,0.29553,0.07256,0.69967,0.57833,0.68721,0.02936,0.46500,0.05382,0.32864,0.29405,0.05391,0.35028,0.53573,0.48535,0.07077,0.75617,0.02319,0.06570,0.03057,0.01979,0.02812,0.01980,0.04938,0.03261,0.04337,0.03958
0.06642,0.01485,0.33711,0.02556,0.60403,0.04996,0.30680,0.02960,0.58279,0.68008,0.26825,-0.02936,0.27729,0.01978,0.26896,0.70091,0.01539,0.29606,0.44464,0.66662,0.06837,0.52389,0.02575,0.00917,0.03343,0.02123,0.03661,0.04371,0.05222,0.07335,0.02355,0.04442
0.03616,0.03203,0.74097,0.05837,0.52984,-0.00258,0.53986,0.00674,0.55049,0.75533,0.36864,0.02913,0.30795,0.06462,0.32387,0.47658,0.00063,0.54338,0.52012,0.34937,0.04383,0.38703,0.03465,0.01462,0.02990,0.03870,0.04116,0.00695,0.02665,0.04488,0.07740,0.05695
0.02721,0.03727,0.27090,0.05018,0.42636,0.00707,0.31214,0.04991,0.39531,0.44280,0.39763,0.06385,0.28736,-0.00287,0.28860,0.65605,0.06311,0.55315,0.32000,0.42882,0.00537,0.63467,0.06118,0.01965,0.05686,0.04877,0.00880,0.04903,0.00350,-0.02123,0.07326,0.04824
0.03672,0.04394,0.71713,0.02498,0.69143,0.01423,0.36893,0.05148,0.44176,0.47635,0.59183,0.06840,0.59781,0.01286,0.27044,0.68140,0.06402,0.50463,0.50869,0.67998,0.01454,0.42756,0.05615,0.05293,0.03728,0.03460,0.04754,0.00728,0.02280,0.05314,0.01433,0.03938
0.03277,0.00604,0.71262,0.02292,0.71251,0.05349,0.75405,-0.01013,0.29235,0.26033,0.63936,0.02333,0.65890,0.00159,0.30010,0.51595,-0.01087,0.39891,0.64680,0.67383,-0.02794,0.66632,0.05655,-0.01082,0.03197,0.03706,0.01206,0.04013,0.01699,0.06494,0.01821,0.00754
0.01831,0.04989,0.53448,0.05453,0.34847,0.04588,0.55283,0.03372,0.42214,0.30295,0.42657,0.06242,0.55484,0.08452,0.37440,0.59335,0.04057,0.33328,0.75695,0.63333,0.06955,0.77113,0.05911,0.01918,0.01900,-0.01657,-0.00543,0.01565,0.03064,0.02365,0.04379,0.01183
0.03343,-0.00325,0.73294,0.02377,0.36045,0.06993,0.73197,0.04624,0.31255,0.53085,0.47959,0.02374,0.52685,0.01902,0.31202,0.46526,0.02072,0.29472,0.42839,0.31666,0.04292,0.48224,0.00278,0.04918,0.02669,0.00037,0.04791,0.00108,0.06027,-0.01030,0.04019,0.03121
0.01300,-0.01517,0.49696,-0.01811,0.47496,0.00131,0.34229,0.03646,0.69275,0.62073,0.74724,0.02532,0.42097,0.05432,0.57117,0.47384,0.07373,0.43236,0.47716,0.41500,0.06901,0.67503,0.02076,0.00946,0.03030,0.03733,0.02195,0.06343,0.04314,0.01586,0.02940,0.02648
0.00526,0.04808,0.53856,0.02499,0.63909,0.00831,0.48259,0.05449,0.59334,0.39621,0.50934,0.03550,0.42157,0.05804,0.33902,0.71475,0.00549,0.61345,0.52886,0.35165,0.05244,0.36349,0.00985,0.02695,0.02924,0.04874,0.02027,-0.00466,0.03475,0.01968,-0.00350,0.02996
0.00345,0.03826,0.48993,0.01830,0.62448,0.01353,0.66270,-0.01076,0.37673,0.43827,0.55056,0.04725,0.64028,0.02079,0.47704,0.69684,0.04018,0.73633,0.56328,0.47725,0.04436,0.30256,0.04233,0.05353,0.00478,0.01601,0.03678,0.02508,0.02713,0.01708,0.03603,0.00634
0.02123,0.01917,0.55838,0.02372,0.38010,0.08323,0.39368,0.04569,0.47503,0.57177,0.62077,0.04953,0.51237,0.03926,0.69115,0.34696,0.02047,0.65588,0.68393,0.45967,0.05691,0.44808,0.03112,0.03493,0.01459,0.01540,0.03734,0.05266,0.00818,0.05137,0.03475,-0.00035
0.02873,0.02255,0.30230,0.00164,0.35403,0.05748,0.31534,0.04344,0.51796,0.46748,0.68878,0.03401,0.69908,0.01243,0.26462,0.56780,0.01396,0.70201,0.65197,0.23298,0.01965,0.32807,0.04490,0.03886,0.03432,0.01714,0.03159,0.00993,0.04101,0.01357,0.03813,0.04720
0.04244,0.03738,0.35449,0.05615,0.59725,0.01695,0.59365,0.03986,0.73022,0.37628,0.28616,0.05251,0.39940,0.03016,0.35447,0.35112,0.00509,0.35046,0.65020,0.54501,0.02148,0.41062,0.04585,0.01862,0.05234,0.02631,0.01004,-0.00745,0.04966,0.02079,0.02239,0.01818
0.02932,0.02092,0.57301,0.02869,0.62156,0.02909,0.47416,0.04961,0.71852,0.58625,0.48457,0.05803,0.31849,0.03575,0.32363,0.50455,0.05786,0.64872,0.68744,0.33007,0.00077,0.34358,0.05338,0.01643,0.03633,0.01635,0.02910,0.06775,0.02648,0.03289,0.03725,0.03292
0.01589,0.04697,0.71285,0.01366,0.55575,0.04773,0.65157,0.01640,0.59347,0.53223,0.77443,0.04715,0.39679,0.02275,0.39609,0.37545,0.03682,0.61365,0.46558,0.48841,0.04478,0.52027,0.03075,0.01225,0.02539,0.03468,0.01004,0.04574,0.02900,0.00905,0.06313,0.03296
0.01709,0.00895,0.51684,0.02514,0.64474,0.02120,0.42124,0.05079,0.45897,0.68863,0.56188,-0.01347,0.61687,0.01486,0.35871,0.44197,-0.00003,0.72760,0.63670,0.61518,0.01342,0.74647,0.04404,0.03141,-0.00444,-0.00852,0.02520,0.01178,0.01236,-0.00801,0.06411,0.01435
0.01109,0.00202,0.42164,0.03242,0.67777,0.04916,0.69434,0.01111,0.29563,0.41658,0.38679,0.03897,0.62827,0.01648,0.67772,0.72712,0.01765,0.59613,0.67594,0.56615,0.04411,0.66592,0.05269,0.06390,0.03108,0.04966,-0.02234,0.02972,0.02748,0.04768,0.02615,0.03103
0.04333,-0.00240,0.66005,0.02182,0.40003,-0.00206,0.58872,0.02273,0.57336,0.32406,0.43784,0.02450,0.26619,0.02563,0.29965,0.37648,0.02483,0.58804,0.51041,0.37916,0.02592,0.76620,0.05645,0.01945,0.06905,0.02672,0.06715,0.03875,0.01512,0.04534,-0.00038,0.03641
0.02230,0.03080,0.63761,0.04078,0.31008,0.02955,0.44118,0.03700,0.44812,0.23457,0.33953,0.04774,0.51262,0.05328,0.50761,0.57856,0.05105,0.70693,0.37033,0.39017,0.03980,0.62921,0.03148,0.04116,0.02802,-0.00901,0.03161,0.01874,0.04475,0.02658,0.03425,0.01660
0.02732,0.03229,0.64488,0.01987,0.40549,0.03860,0.70605,0.06695,0.24028,0.39101,0.58704,0.04791,0.69081,0.00327,0.44680,0.31444,0.07176,0.37894,0.48571,0.24257,0.02641,0.54975,0.03612,0.06881,-0.00682,0.00066,0.02837,0.00402,0.03624,0.05626,-0.01352,0.05447
0.00379,0.04157,0.37562,0.02763,0.60161,0.06379,0.51379,0.00060,0.43453,0.33576,0.53576,-0.01493,0.40198,0.01899,0.51979,0.50813,0.06570,0.44215,0.73041,0.64449,0.01803,0.38299,0.05708,0.02603,0.00332,0.05976,0.05084,0.06484,0.01412,0.01049,0.01884,0.03165
0.04095,0.04968,0.43506,-0.03775,0.52697,0.02700,0.76024,0.05063,0.69959,0.34454,0.58196,0.00826,0.48853,0.02716,0.45699,0.59018,0.05945,0.56727,0.64152,0.51893,0.01383,0.39166,0.04771,0.03861,0.05003,0.04420,0.03404,0.02619,0.02745,0.03517,0.01411,0.04154
0.03659,0.06008,0.58867,0.03661,0.30757,0.01554,0.48282,0.01917,0.42483,0.58704,0.67577,0.05281,0.65596,0.03285,0.73525,0.53446,-0.00193,0.26550,0.33592,0.55131,0.00877,0.76986,0.03020,0.03163,0.03529,0.01126,0.05138,0.08684,0.03965,0.03597,0.04225,0.00751
0.02134,0.06932,0.63788,0.01376,0.27541,0.02636,0.38313,0.04845,0.72442,0.67590,0.56095,0.00454,0.69041,0.03629,0.47713,0.57078,0.02163,0.23708,0.62990,0.29464,0.06343,0.69390,0.01108,0.04428,-0.01364,0.04982,0.05292,0.04182,0.04255,0.03078,-0.00012,0.04124
0.02443,0.03169,0.60468,0.05686,0.36113,0.00779,0.35499,0.00650,0.73129,0.56871,0.66182,0.03826,0.24947,-0.00335,0.34053,0.35922,0.04300,0.50168,0.38098,0.65902,-0.00812,0.42806,0.01903,0.03332,0.01686,0.05535,0.01371,0.01179,0.03036,0.02098,0.05033,0.02277
-0.00615,0.01229,0.33640,0.01335,0.56147,0.02731,0.77486,0.01621,0.44030,0.71048,0.41814,-0.01269,0.39229,0.01445,0.63738,0.71361,0.01355,0.61435,0.72903,0.68020,0.02575,0.48252,0.00974,0.02112,0.05265,0.01067,-0.01241,0.04677,0.04080,0.02805,0.04023,0.03917
0.00223,0.01941,0.28051,-0.00651,0.31720,0.00042,0.51467,0.04234,0.61892,0.68589,0.52465,-0.01794,0.42499,0.03627,0.48208,0.38465,0.00847,0.51151,0.48978,0.50747,0.03624,0.27594,0.02288,0.00630,0.03938,0.00461,0.00398,0.01802,0.04206,0.04048,0.01478,0.02889
0.04258,-0.01241,0.29673,0.01192,0.40704,0.02440,0.61412,0.05492,0.75121,0.29424,0.40479,0.02851,0.63966,0.04733,0.54443,0.65618,0.04269,0.52168,0.45070,0.41891,0.02696,0.31141,0.04407,-0.00137,0.04371,0.03118,0.00887,0.01013,-0.01113,0.06343,0.02403,0.04968
0.06950,0.02904,0.46764,0.00227,0.42114,0.01580,0.58450,-0.01071,0.32672,0.35346,0.45773,0.03034,0.72312,0.04151,0.65130,0.25933,0.02369,0.35028,0.56287,0.43442,0.06219,0.51647,0.00647,0.05348,0.04379,0.06155,-0.00020,0.03386,0.03724,0.03431,0.04871,0.02536
0.02595,0.03615,0.71318,0.02589,0.36248,0.01953,0.52459,0.07435,0.52147,0.45798,0.38794,0.00325,0.59856,0.00680,0.46175,0.66442,0.02539,0.32317,0.37543,0.57267,0.02351,0.47951,0.00459,0.05241,0.04408,0.00989,0.04361,0.02681,0.05142,0.05433,0.02809,0.05244
0.07214,0.01820,0.37706,0.02317,0.39635,0.00169,0.63364,0.06491,0.44671,0.58932,0.72810,0.00621,0.45216,0.03134,0.31154,0.75546,0.01897,0.29950,0.32933,0.48026,0.02831,0.60964,0.02998,0.01100,0.04598,0.02074,0.00459,0.04875,0.04219,0.02225,0.06264,0.04552
0.06037,0.03472,0.52852,0.02030,0.47352,0.01170,0.45999,0.01770,0.68649,0.55399,0.62349,0.01571,0.43120,-0.01127,0.65305,0.58390,0.01699,0.66699,0.22512,0.49959,0.03071,0.32381,0.04870,-0.00762,0.02224,0.04511,0.00374,0.05190,0.03421,0.01695,0.04529,0.03771
0.01061,0.02803,0.34135,-0.00144,0.72409,0.04712,0.37912,0.00058,0.50743,0.45436,0.59680,0.00158,0.33393,0.05207,0.59728,0.36005,0.01088,0.73753,0.28356,0.58511,0.02738,0.48855,0.00759,0.04973,0.01731,0.07490,0.02351,0.03705,0.03167,0.03260,-0.00034,0.04778
0.06222,0.04482,0.55458,0.00911,0.48488,0.05504,0.26401,0.01399,0.47345,0.49011,0.64109,0.03345,0.35204,0.01022,0.35449,0.43719,0.01104,0.34536,0.37002,0.49363,0.06187,0.57797,0.03218,0.02965,0.07503,0.02603,0.00922,0.05680,-0.00048,0.06985,0.05465,0.03924
0.02087,0.02334,0.71596,0.05665,0.70850,0.01282,0.58559,0.03753,0.62949,0.34339,0.42978,0.02228,0.31660,0.04276,0.76890,0.26930,0.01501,0.29000,0.72823,0.64626,0.02925,0.34367,0.03701,0.03099,-0.00651,0.00371,0.01613,0.04712,0.03985,0.03378,0.01678,0.02981
0.04474,0.01490,0.64230,0.03433,0.49778,0.02699,0.76462,0.01272,0.56048,0.61723,0.67529,0.07713,0.40529,0.04446,0.52337,0.64659,0.01129,0.60037,0.26488,0.46774,0.05664,0.36559,0.02420,0.03513,0.02194,0.05896,0.03488,0.01357,0.05308,0.05614,0.05425,0.02193
0.06783,-0.01645,0.69616,0.03377,0.34022,0.03727,0.66820,0.05421,0.53839,0.60424,0.49097,0.05617,0.50155,0.02722,0.57614,0.33354,0.01511,0.28510,0.71754,0.58457,-0.00999,0.52216,-0.01875,0.01390,0.03368,0.01664,0.03731,0.04351,0.06080,-0.01773,0.03708,0.03152
0.03556,0.03699,0.57697,0.03823,0.42507,0.01566,0.37461,0.02043,0.26377,0.51450,0.36072,0.01589,0.35217,0.03220,0.41277,0.49082,0.04781,0.75856,0.48348,0.54978,-0.00444,0.30574,0.02290,0.05189,0.03275,0.04799,0.03480,0.04952,-0.00903,0.02455,-0.02091,0.01637
0.03966,0.01779,0.27231,0.06382,0.53018,0.04159,0.35345,0.03108,0.60630,0.53800,0.23686,0.03289,0.55354,0.04069,0.27217,0.43300,0.04023,0.56216,0.38185,0.73876,0.01732,0.74842,0.04457,-0.04207,0.01357,0.03431,0.03229,0.02533,0.03914,0.02808,-0.03426,-0.00826
0.02682,0.06499,0.39383,0.02497,0.49787,0.04961,0.33049,0.04103,0.57131,0.42996,0.48862,0.04135,0.60063,0.08199,0.60353,0.60662,0.03596,0.74570,0.63651,0.37044,0.00879,0.73657,0.03340,0.01809,0.01093,0.00282,0.05106,0.00208,0.01741,0.01863,0.01086,0.00436
0.03923,0.04194,0.53591,0.02869,0.58747,0.04738,0.54384,0.04711,0.73459,0.37434,0.49405,0.03514,0.49867,0.01990,0.62384,0.76970,0.02085,0.38504,0.30967,0.36109,0.02931,0.59123,0.03902,0.03317,0.04131,0.02883,-0.00494,-0.00941,0.03157,0.01477,0.05718,0.05394
-0.00174,0.02683,0.43062,0.01921,0.32390,0.03811,0.54404,0.00922,0.35819,0.26567,0.64599,0.02034,0.32232,0.01963,0.42531,0.66614,0.00045,0.48185,0.56507,0.26050,0.04244,0.26805,0.07740,0.02565,0.01124,0.03919,0.02749,0.01594,0.01753,0.00976,0.00199,0.03268
0.08213,0.06450,0.35458,0.02665,0.65665,0.05193,0.73666,0.02549,0.60233,0.41244,0.26080,0.02465,0.51240,0.00814,0.65065,0.74296,0.03881,0.73403,0.28706,0.59432,0.01670,0.39727,0.02859,0.04166,0.06702,0.03194,0.03928,0.05071,0.06098,0.01740,0.03995,0.07004
0.02168,0.06633,0.52792,0.04466,0.25667,0.03150,0.62743,-0.00085,0.58356,0.25675,0.28416,0.04576,0.27589,0.03925,0.68672,0.51123,0.05407,0.52753,0.63538,0.37267,-0.00659,0.36911,0.06638,0.02117,0.04984,0.03445,0.00559,0.01693,0.04117,-0.00280,0.04452,0.01176
0.02114,0.03746,0.43217,-0.00613,0.32892,0.05208,0.44305,0.01733,0.51438,0.29645,0.41696,0.06704,0.57103,0.03994,0.51032,0.54132,0.01408,0.71463,0.55015,0.35710,0.00922,0.42388,0.01728,0.07929,0.01934,0.01525,0.06898,0.04410,0.04122,0.04183,0.01562,-0.01334
-0.00185,0.04617,0.61743,0.05863,0.64693,0.05153,0.29668,0.04215,0.47139,0.74437,0.01875,0.06603,0.59035,0.05458,0.24948,0.57192,0.05722,0.75139,0.45451,0.64778,0.03495,0.24939,0.01967,0.02666,0.04321,0.03742,0.00534,0.06504,-0.02469,0.02753,0.03292,0.00587
0.05309,0.03641,0.45457,0.05221,0.30253,0.06182,0.53871,0.03137,0.49124,0.63350,0.06442,0.03042,0.42179,0.01880,0.30979,0.55484,0.07241,0.61667,0.72866,0.26536,0.03093,0.60352,0.04943,0.03972,0.01629,0.01179,0.07824,0.01074,0.00514,0.05700,0.02229,0.03578
0.01230,0.01543,0.60474,0.02711,0.44068,0.02937,0.47248,0.03299,0.55214,0.59417,0.02885,-0.01952,0.69380,0.03961,0.28677,0.39431,0.02674,0.66286,0.37725,0.55923,0.02461,0.29703,0.01992,0.03822,-0.00803,0.02948,0.05905,0.00656,0.03256,0.03682,0.02456,0.01078
0.03700,0.03929,0.27205,-0.03617,0.43765,-0.00664,0.24663,-0.01084,0.53424,0.60508,0.02374,0.03468,0.51982,0.02970,0.34441,0.70266,0.00080,0.60372,0.60629,0.54232,0.03329,0.30880,0.03301,0.03373,0.01681,0.03889,0.01818,0.03201,0.06050,0.01027,0.04082,0.04565
0.05514,0.05475,0.36283,0.03935,0.26181,0.05830,0.27273,0.01116,0.47839,0.46293,0.02209,0.03459,0.65376,0.01099,0.50922,0.62627,0.05929,0.67726,0.73706,0.71423,-0.00254,0.46073,0.01446,0.02937,0.01181,0.01625,0.02611,0.04691,0.03769,0.03137,0.03701,0.04294
0.00050,0.02546,0.25350,0.04195,0.36810,0.02528,0.64959,0.03097,0.72975,0.28827,0.03130,-0.02064,0.69220,0.05611,0.39987,0.58788,0.04533,0.34404,0.65830,0.53487,0.05244,0.46008,0.04520,0.05654,0.03267,0.04733,-0.00491,0.01645,0.00064,0.04629,0.04142,0.00145
0.01977,0.01974,0.61353,0.01507,0.21297,0.05203,0.37226,0.02353,0.65351,0.64396,0.03979,0.04440,0.53358,0.04366,0.64328,0.57447,0.06422,0.42515,0.50108,0.30228,0.03763,0.68326,0.03547,-0.00330,0.08114,0.04283,0.04300,0.03883,0.02665,0.00713,-0.00385,0.02047
0.06116,0.04169,0.33171,0.02332,0.69578,-0.02545,0.50985,0.04862,0.64495,0.44007,0.01090,0.02280,0.59537,0.04523,0.68569,0.25730,0.04638,0.53444,0.39524,0.45197,0.02146,0.44015,0.02913,0.04936,0.02718,0.04275,0.03579,0.03361,0.05730,0.06991,0.00202,0.01758
0.03963,0.01326,0.45512,0.03210,0.64359,0.00592,0.38356,0.01540,0.67480,0.48486,0.05395,0.01291,0.55939,0.02974,0.35843,0.34780,-0.00347,0.78216,0.65262,0.44595,0.02809,0.47316,0.02006,0.05323,0.05049,0.03165,0.05518,0.01758,-0.00010,0.02131,0.03110,0.01456
0.04004,0.03180,0.63758,0.02318,0.72484,0.01029,0.71338,0.03415,0.71079,0.29152,0.02215,0.01164,0.41547,0.03067,0.50671,0.71328,0.02260,0.31129,0.69903,0.58859,-0.00178,0.61199,0.01859,-0.00844,0.04160,0.06513,0.04732,0.05924,0.04672,-0.00327,0.07495,0.00848
0.00775,0.02046,0.49769,-0.00258,0.47196,0.01805,0.35942,0.06334,0.35046,0.61658,0.03664,0.04885,0.58591,0.01472,0.26409,0.32232,0.03043,0.43473,0.48604,0.31831,0.02702,0.33233,0.04111,-0.00950,0.04269,-0.01775,0.05711,-0.00079,0.04797,0.06175,0.01298,0.01546
0.06558,0.04330,0.68547,0.01530,0.58600,0.02376,0.55394,0.03348,0.58670,0.49590,0.06643,0.02940,0.45943,0.03464,0.40392,0.60065,0.01373,0.53650,0.52000,0.42264,0.03410,0.57377,0.01321,0.07190,0.02498,0.05196,-0.00575,0.02420,0.03543,0.04608,0.00714,0.04123
0.01843,0.01384,0.65128,0.03732,0.37451,0.02934,0.30420,0.02964,0.61739,0.63167,0.04616,-0.01347,0.27474,-0.00034,0.49417,0.42930,0.03595,0.69223,0.67638,0.52902,0.02629,0.54167,0.01003,0.03466,0.02774,0.01459,0.03745,0.00765,-0.01061,0.03735,0.00656,0.01090
0.01919,0.02502,0.70909,0.06334,0.30789,0.05929,0.45693,0.02563,0.35412,0.72040,0.03784,0.02727,0.69852,-0.01676,0.32031,0.27158,0.02534,0.46943,0.62529,0.37418,-0.00231,0.58679,-0.00144,0.06838,0.02846,0.05380,0.03476,0.04026,0.07191,0.04192,0.04953,0.03853
-0.00973,0.02617,0.50190,0.05409,0.50532,0.01741,0.45090,0.03391,0.29332,0.64705,0.02842,0.04172,0.43861,0.04997,0.67607,0.37338,0.02599,0.26791,0.30526,0.57403,-0.00113,0.53267,0.01697,0.03988,0.05855,-0.01165,0.03847,0.07106,0.06354,0.04296,-0.00378,0.05019
0.02424,0.03284,0.28508,0.03994,0.36864,0.03282,0.39477,0.03297,0.43951,0.59779,0.01446,0.04516,0.72160,-0.00089,0.35819,0.43290,0.02879,0.57884,0.64387,0.49144,0.03072,0.60269,0.02094,0.01002,0.07576,0.06003,0.03575,0.05264,0.05625,0.01296,0.02412,-0.02223
0.05944,0.03895,0.23747,0.00196,0.61914,0.01175,0.61231,-0.00340,0.50979,0.72806,0.09216,0.04941,0.50600,0.04805,0.32422,0.47571,0.00880,0.62284,0.68592,0.28778,0.04737,0.47762,0.01630,0.02347,0.02738,0.01909,0.04322,0.02600,0.00006,0.04688,0.00696,0.04599
0.02862,0.01354,0.73935,0.05961,0.72494,0.05800,0.41600,0.02056,0.50807,0.47150,0.05897,0.00483,0.44148,0.04304,0.57413,0.45147,0.01072,0.29273,0.46706,0.55857,0.02309,0.34346,0.04206,0.08604,0.01074,0.04807,0.02536,0.01181,0.04541,-0.00935,0.01484,0.00740
0.03035,0.01519,0.57177,0.02157,0.32658,0.01748,0.53397,0.00900,0.46674,0.70707,0.02618,0.00992,0.68398,-0.00231,0.44591,0.32572,0.02478,0.40526,0.63196,0.35247,0.02123,0.45892,0.02788,0.00445,0.08273,0.04178,0.01589,0.03018,0.01278,0.05985,0.01768,0.00852
0.02537,0.05527,0.38437,0.01064,0.66156,0.02671,0.28260,0.07114,0.47537,0.25858,-0.00778,0.00790,0.28313,0.03259,0.52685,0.55738,0.00116,0.58040,0.27682,0.39227,0.03141,0.29182,-0.01716,0.05112,0.05670,0.03830,0.02495,0.01299,0.04037,0.01588,0.03228,0.01179
0.04376,0.02736,0.38960,0.01348,0.36717,0.04075,0.28243,0.03103,0.66395,0.64903,0.05695,0.05405,0.26661,0.05562,0.73828,0.44527,0.01127,0.74243,0.48405,0.45900,0.02038,0.68400,0.04024,0.07501,0.04799,0.03152,0.01448,-0.03452,0.00945,0.06703,0.03361,0.05173
0.00535,-0.01972,0.38508,0.05513,0.70293,0.02527,0.27810,0.05087,0.54675,0.28356,0.02128,0.06397,0.53386,0.04882,0.43342,0.61592,0.00084,0.48585,0.39138,0.49591,0.02967,0.38870,0.06600,0.09461,0.03278,0.04897,-0.02422,0.00183,0.04447,0.02912,0.00112,0.05259
0.02057,0.01975,0.56682,0.02703,0.52539,0.00402,0.39968,0.03834,0.41941,0.74818,0.01647,0.03884,0.34761,0.07346,0.31415,0.39855,0.05474,0.28644,0.26977,0.33238,0.00660,0.41093,0.06645,0.01091,0.02317,0.04678,0.04973,0.01527,0.00545,0.04734,0.03664,0.03682
0.06150,0.02328,0.26947,0.01947,0.44447,0.05073,0.49153,0.00965,0.52028,0.62583,0.04405,0.04829,0.64196,0.06272,0.38389,0.70915,0.00065,0.72942,0.31127,0.58631,0.03881,0.42209,0.04413,0.07072,0.04676,0.04257,0.01669,0.03414,0.01598,-0.00591,0.07513,0.03532
0.05862,0.01755,0.59932,0.04670,0.70430,0.04550,0.51401,0.04109,0.37473,0.41021,0.02051,0.04039,0.33975,0.01045,0.50581,0.58458,0.00045,0.42430,0.36760,0.41478,0.02704,0.51628,0.04521,-0.01028,0.01922,0.03349,0.04061,0.01898,0.05380,-0.00671,0.03056,0.03287
0.04569,0.02147,0.56716,0.01467,0.50589,0.05511,0.58004,0.08225,0.38372,0.43047,0.02208,0.01968,0.34154,-0.04619,0.44329,0.26127,0.03671,0.39117,0.34060,0.44144,0.03058,0.65233,0.02709,0.06464,0.05820,0.01630,0.03285,0.00442,0.05731,0.02813,0.02326,0.02220
0.03396,0.03959,0.66894,-0.00114,0.58228,0.01114,0.39666,0.01840,0.47921,0.34256,0.04240,0.02575,0.63810,0.04101,0.30810,0.38020,0.02864,0.46476,0.49898,0.59917,0.00263,0.52229,0.03859,0.04134,0.03845,0.02206,0.01957,0.03085,0.03991,0.01280,0.02510,0.02583
-0.00245,0.00510,0.39466,0.04275,0.65493,0.06666,0.74295,0.02759,0.37290,0.32087,0.02886,0.01894,0.40905,0.02645,0.30309,0.44350,-0.02191,0.58962,0.72489,0.37810,0.06484,0.52103,0.05183,0.05694,-0.00092,0.02850,0.04725,0.02540,0.00072,0.00639,0.05884,0.01257
0.03008,0.03003,0.71224,0.03782,0.56432,0.02934,0.56001,0.03194,0.59791,0.71058,0.03364,0.00109,0.59793,0.06191,0.24843,0.70857,0.06394,0.31022,0.70417,0.70021,0.01514,0.30524,0.03235,0.07138,0.01425,0.06824,0.05442,0.03097,0.03387,0.03782,0.05287,0.01383
0.02869,0.02198,0.40307,0.00082,0.31109,0.03341,0.65517,0.02364,0.32953,0.48512,0.03394,0.05171,0.33581,0.04610,0.42193,0.35712,0.03722,0.38628,0.69647,0.73551,-0.00387,0.61247,0.03367,0.03408,0.04578,0.06003,0.02558,0.01845,0.06092,0.02626,0.02248,0.01218
0.02261,0.01927,0.35070,0.05140,0.35665,-0.00236,0.51671,0.00556,0.45209,0.46242,0.04544,-0.00052,0.30287,0.01203,0.43332,0.38070,0.04019,0.27246,0.48041,0.61990,-0.00051,0.45453,0.03141,0.00466,0.04288,0.03207,0.02303,0.03722,0.01639,0.02824,0.06201,0.01427
0.01519,0.06770,0.32848,0.03496,0.62919,0.03267,0.41796,0.03799,0.37536,0.46224,0.02617,0.00952,0.42661,0.05490,0.67601,0.67312,0.02796,0.48713,0.55726,0.57755,0.06738,0.44227,0.03082,0.01797,0.04238,-0.00178,0.00353,0.03071,0.03298,0.02973,-0.00022,0.03931
0.03214,0.04240,0.32139,0.05576,0.45224,0.03319,0.48907,0.07975,0.70492,0.41747,0.05045,0.02993,0.54727,0.03589,0.54595,0.62315,0.06013,0.62030,0.41839,0.58050,0.01656,0.70910,0.02689,0.03927,0.04098,0.04347,0.05662,0.00758,0.03073,0.02275,0.04961,0.05553
0.06012,0.03159,0.42011,0.04017,0.42187,0.08095,0.33500,0.03622,0.25993,0.35158,0.06468,0.06794,0.66008,0.00996,0.50068,0.62669,0.00697,0.26860,0.53775,0.74635,0.05703,0.31282,0.06937,0.01957,0.09098,0.04150,-0.00019,0.03637,0.03862,0.01442,0.04594,0.05223
0.04505,0.05265,0.28889,0.05606,0.45202,0.04514,0.52605,0.05920,0.26486,0.62452,0.05355,0.02758,0.55672,-0.01824,0.51671,0.48381,0.03040,0.41416,0.25192,0.55168,0.02344,0.72936,0.03853,0.05820,-0.00052,0.01410,0.03972,0.01015,0.05678,0.05577,0.05224,0.00329
0.04471,0.06569,0.69318,0.01458,0.39175,0.04899,0.44001,0.00574,0.53604,0.43856,0.02253,0.04305,0.60760,0.06808,0.73948,0.56782,0.02339,0.46125,0.58384,0.57500,0.03729,0.50296,0.04465,0.01829,0.05112,0.05023,-0.02038,0.05616,0.04646,0.02550,0.02484,0.01007
0.01171,0.04998,0.51586,0.00775,0.27806,0.00555,0.65014,-0.01572,0.67143,0.31836,0.04354,0.02892,0.73977,0.03185,0.25945,0.51925,0.04268,0.47957,0.26756,0.67877,0.05506,0.53151,0.06051,0.03152,0.01553,0.07116,0.00399,0.03952,0.01441,0.05180,0.04557,0.01560
-0.00542,0.03912,0.55804,0.02893,0.34045,-0.00343,0.67338,0.00271,0.46302,0.55331,0.04500,0.04138,0.65218,-0.00566,0.64101,0.41010,0.03673,0.62795,0.37964,0.56077,0.00448,0.28856,0.09436,0.01733,-0.02288,0.03976,0.01481,0.03029,0.03527,0.04155,0.04527,0.01131
0.02838,0.05283,0.56687,0.05968,0.37658,0.01884,0.65847,-0.00674,0.33170,0.71055,0.04365,-0.00697,0.30043,0.03205,0.38554,0.67057,0.05239,0.58765,0.71113,0.34442,-0.00158,0.45966,0.05589,0.02282,0.05061,0.03106,0.02857,0.04812,0.09489,0.05858,0.04208,0.03181
0.02861,0.07017,0.50431,0.03208,0.76084,0.04511,0.26872,0.01215,0.30445,0.34267,0.02764,0.02764,0.58693,0.00356,0.72386,0.60033,0.03623,0.60926,0.69221,0.52006,0.05385,0.54203,0.00268,0.01000,0.02232,0.08153,0.02316,0.01599,0.00621,0.02534,0.04688,0.05813
0.03161,0.03879,0.69130,0.04537,0.70256,0.06520,0.35396,0.03761,0.39670,0.54685,0.00552,0.00521,0.72750,-0.00345,0.67196,0.31944,0.04425,0.42931,0.28504,0.31610,0.02915,0.31891,0.03752,0.05670,0.05613,0.01619,0.05052,-0.02418,-0.00959,0.03329,0.07177,0.02438
0.03580,0.03137,0.57652,0.04075,0.36308,0.02574,0.28182,0.03656,0.43682,0.74336,0.03059,0.07107,0.50383,0.00287,0.61502,0.54670,0.03438,0.70264,0.24002,0.54714,-0.00461,0.47812,0.04019,0.03071,0.03457,0.01870,0.02065,0.05071,0.03580,-0.00377,0.06746,-0.01452
0.04460,-0.00389,0.39411,0.10022,0.30617,0.05519,0.34368,0.03704,0.70997,0.57941,0.01654,0.02955,0.31981,0.07073,0.51938,0.60619,0.00867,0.71520,0.56573,0.43369,0.00351,0.29722,0.00421,0.04623,0.03659,-0.02654,0.00682,0.04561,0.01338,0.06134,0.02886,0.05270
0.02499,0.00590,0.29289,0.05240,0.32151,0.04226,0.74001,0.01956,0.51774,0.67885,0.02411,0.03770,0.26727,-0.00412,0.70008,0.29108,0.04755,0.26006,0.59319,0.50208,0.03422,0.36749,0.04759,0.01530,0.02444,0.02673,0.06776,-0.00147,0.02112,0.01033,0.01873,0.01319
0.07341,0.03349,0.33692,0.02116,0.63546,0.02231,0.54144,0.05620,0.56748,0.71733,-0.01321,0.06786,0.53093,0.02767,0.57003,0.28119,-0.00027,0.41802,0.37210,0.53152,0.01923,0.65191,0.05779,0.01898,0.01999,0.03873,0.03597,-0.01351,0.00766,0.01470,0.03399,0.01535
0.01080,0.01973,0.51782,0.00828,0.56919,0.06562,0.44589,0.02861,0.68248,0.45658,0.05767,0.02523,0.57109,-0.00891,0.58707,0.47117,0.04424,0.69642,0.32422,0.63431,0.04775,0.66556,0.04415,0.01440,0.02952,0.01314,0.02751,0.03485,0.00489,0.06666,0.03493,0.06564
0.04328,0.02098,0.66651,0.02255,0.38555,0.05596,0.39573,0.04834,0.44483,0.58150,0.02313,0.06610,0.55236,0.08219,0.36728,0.39732,-0.01083,0.67414,0.48417,0.57813,0.04053,0.34875,0.00127,-0.00559,-0.01724,0.04392,0.04849,0.08211,0.05488,0.02571,0.03233,0.04920
0.03435,0.00582,0.38503,0.00748,0.36269,0.05626,0.69235,0.01620,0.33824,0.43422,0.02922,0.03985,0.63128,0.00539,0.38518,0.52724,0.03400,0.42383,0.48212,0.62884,0.05598,0.70605,0.03401,0.05034,0.03635,0.04629,-0.00830,-0.00957,0.04222,0.00570,0.01167,0.05534
0.04959,0.04778,0.71623,0.04043,0.49687,0.04873,0.61361,0.01786,0.69625,0.53859,0.03368,0.02065,0.29756,0.03029,0.48588,0.67964,-0.00695,0.40429,0.69886,0.26701,-0.00869,0.56952,0.02079,0.04959,0.04459,0.00553,-0.00906,-0.02564,0.04252,0.02985,-0.00861,0.03442
-0.01279,0.04217,0.73539,0.01484,0.55234,0.01500,0.46420,0.02975,0.65292,0.54462,0.00712,0.02641,0.41531,0.00888,0.57691,0.34831,0.00449,0.52819,0.35130,0.41153,0.00277,0.30877,0.00682,0.05273,0.03847,0.04528,0.07549,0.01444,0.02722,0.04695,0.02767,0.02568
0.02099,0.04068,0.29070,0.03674,0.48279,0.03933,0.66409,0.00643,0.62268,0.49641,-0.03380,0.02548,0.53049,0.03109,0.38418,0.56154,0.01129,0.42079,0.58410,0.63333,0.02294,0.28956,0.09096,0.03810,0.04822,0.03440,0.03531,0.03294,0.07815,0.01620,-0.01134,0.04905
0.03459,0.01260,0.73326,0.03548,0.68522,0.04985,0.42742,0.09636,0.60001,0.64875,-0.01079,0.04360,0.28983,0.03402,0.40048,0.32746,0.01779,0.71450,0.61870,0.57030,0.01695,0.27373,0.03198,0.05448,0.02961,0.01084,0.01666,0.04630,-0.00009,0.02905,0.03958,0.07406
0.04594,0.06119,0.74581,-0.00677,0.69774,0.07174,0.34315,0.05323,0.49010,0.65644,0.04306,0.02129,0.29594,0.04521,0.68812,0.63688,0.02872,0.60380,0.43353,0.27061,0.03337,0.42704,0.05096,0.03745,0.04426,0.01572,0.00771,0.02390,0.03267,0.05743,0.03812,0.03935
0.03591,0.02609,0.33137,0.00841,0.33854,0.03907,0.49817,0.05428,0.65206,0.39995,0.03636,0.07642,0.53923,0.01524,0.62016,0.53337,0.05655,0.67261,0.69904,0.33098,0.02198,0.59620,0.02032,0.03374,0.00499,0.05555,0.02150,0.06263,0.01429,0.04825,0.04385,0.04018
0.03254,0.00177,0.29927,0.01327,0.29149,0.01483,0.39048,-0.01283,0.25605,0.40671,0.01942,-0.00585,0.35751,0.02195,0.33342,0.32197,-0.00310,0.50120,0.67494,0.37508,0.00968,0.46351,0.06895,0.02755,0.03554,0.02189,0.05380,-0.00563,0.04513,0.02096,0.06245,0.05549
0.03784,0.06036,0.44987,-0.00393,0.30766,0.03258,0.52282,0.04130,0.55416,0.69601,0.01013,0.04492,0.74286,-0.00411,0.54327,0.51694,-0.00430,0.38606,0.43596,0.62945,0.02580,0.49361,0.05055,0.05194,0.04757,0.06305,-0.00748,0.03240,0.03678,0.04570,0.04339,0.03948
0.02720,-0.00258,0.74382,0.04706,0.60568,0.05256,0.75318,0.04902,0.43091,0.45139,0.01126,0.00277,0.74303,0.02233,0.45080,0.57610,0.03721,0.43734,0.63640,0.71028,-0.01007,0.32734,0.04479,0.06319,0.07476,0.03359,0.02236,0.02554,0.06234,0.06521,0.04129,0.03999
0.02756,0.00502,0.52713,0.01345,0.34310,0.02726,0.56263,0.01380,0.62288,0.41898,0.04309,0.01694,0.73287,0.06228,0.49375,0.41270,0.05233,0.63770,0.19334,0.51705,0.01986,0.34968,0.05520,0.03048,0.06003,0.01159,0.04506,0.00858,0.01376,0.03734,0.02669,0.02857
0.03613,0.06637,0.42440,0.04547,0.49830,0.00211,0.38493,0.02773,0.39994,0.45307,0.06687,0.01551,0.43636,0.04415,0.66095,0.54597,0.01205,0.56761,0.73196,0.34243,0.00248,0.34306,0.02436,0.04061,-0.00172,0.03923,0.01317,0.05448,0.02206,0.03359,0.02851,0.04314
0.05136,0.01846,0.39332,0.04069,0.54682,0.05443,0.37812,0.01578,0.44332,0.73989,0.01596,0.03114,0.47281,0.02442,0.45685,0.30807,0.02819,0.27794,0.40553,0.63310,0.02497,0.59900,-0.00464,-0.00186,0.02914,0.05581,0.04339,0.05899,0.05730,0.02616,0.06024,0.02052
0.05228,0.06144,0.57225,0.02532,0.34141,0.02550,0.63793,0.06921,0.24937,0.73113,0.00094,0.04360,0.67330,0.03612,0.50208,0.29316,0.00989,0.72344,0.60451,0.63435,0.02897,0.63142,0.02121,0.03541,0.02823,0.00630,0.02928,0.03474,0.00798,-0.01491,0.05416,0.02599
0.02700,0.02295,0.67586,0.01996,0.67748,0.00106,0.31785,0.01675,0.53815,0.28112,-0.00947,0.01505,0.27677,-0.03183,0.37120,0.34302,0.00392,0.66145,0.36583,0.39298,0.07306,0.39705,0.05707,0.01324,0.05348,0.03689,0.04258,0.01798,-0.01084,0.02629,0.03417,0.00840
0.03507,0.01310,0.27156,0.00558,0.27962,0.06265,0.30974,0.01952,0.57415,0.57127,0.03766,0.03037,0.41929,0.02949,0.38024,0.26122,0.03117,0.61177,0.41603,0.49101,0.02130,0.61009,-0.00099,0.02623,0.01432,0.03609,-0.01232,-0.00332,0.04044,0.03457,0.02280,0.04976
0.02604,0.03125,0.52814,0.02828,0.68761,0.04416,0.38087,0.04006,0.72791,0.37353,0.04071,-0.00960,0.69864,0.02365,0.46189,0.61682,0.05917,0.47577,0.66256,0.57656,0.03729,0.48136,0.03256,0.01976,-0.01098,0.02151,0.01111,0.06288,0.03012,0.00292,0.04931,0.00713
0.01940,0.06362,0.70666,0.00798,0.53479,0.02917,0.34906,0.01384,0.59690,0.72738,0.03113,0.01273,0.32423,0.04938,0.52624,0.40442,0.00421,0.43390,0.75976,0.61120,0.00401,0.36852,0.01506,0.05733,0.04224,0.03723,0.04376,0.03867,0.01720,0.01319,0.01794,0.03871
-0.00068,0.01586,0.72611,0.04264,0.71586,0.00565,0.74574,0.05797,0.62448,0.44172,-0.00540,0.05905,0.42534,0.03748,0.33708,0.42200,0.04010,0.44663,0.43228,0.37171,0.00699,0.41427,0.02802,0.06134,0.00548,0.00309,0.02495,-0.01661,0.00300,0.04886,-0.02006,0.03115
0.01865,0.03134,0.56876,0.02065,0.75008,0.03065,0.47773,0.02336,0.43360,0.53817,0.04326,0.07003,0.59139,0.02637,0.44380,0.34911,-0.01208,0.52811,0.35023,0.22246,0.01556,0.40200,0.01471,0.04410,0.02396,0.03052,0.03636,0.01001,0.00437,0.03540,0.01460,0.00849
-0.00193,0.04516,0.54906,0.05404,0.55500,0.06452,0.74316,0.02496,0.43017,0.53918,0.04053,0.03383,0.64281,0.04009,0.44880,0.71751,0.04645,0.45485,0.55580,0.60861,0.01444,0.69694,0.03782,0.02631,0.03796,0.00144,0.02166,0.04266,0.06672,0.01738,0.03540,0.04316
0.00945,0.07874,0.41045,0.04087,0.32369,0.00565,0.46297,0.06828,0.27908,0.72339,0.04375,0.02093,0.42326,0.00593,0.68225,0.58127,0.02930,0.69864,0.33528,0.65993,0.02189,0.27957,0.05412,0.00591,0.01832,-0.00409,0.03098,0.08733,0.06193,0.02391,0.00163,0.05150
0.01383,0.01920,0.73656,0.04904,0.69390,-0.00851,0.35438,0.05021,0.66752,0.55816,0.05798,0.04691,0.63910,0.01024,0.37896,0.33186,0.03076,0.38647,0.42224,0.65694,0.03577,0.37479,0.01670,0.01077,0.02833,0.04574,0.04188,0.03605,0.03198,0.03058,0.01280,-0.00544
0.02485,0.04035,0.47178,0.06072,0.56586,0.03967,0.53783,0.04990,0.36136,0.25642,0.03026,0.00946,0.50784,0.00943,0.45795,0.25914,0.03860,0.53674,0.77114,0.54493,0.02227,0.66492,0.01910,0.00873,0.04707,0.03092,0.03204,0.04171,0.01482,0.03527,0.08770,0.00651
0.01986,0.01839,0.62117,0.02607,0.61856,0.07040,0.49405,0.05842,0.57549,0.23357,0.05184,0.05580,0.54233,0.05641,0.69585,0.31066,0.04252,0.26375,0.31324,0.35616,0.06336,0.41568,0.01049,0.00989,0.02173,0.04786,-0.00688,0.03189,0.05708,0.00346,0.02856,0.04889
-0.00392,0.01352,0.27787,0.02736,0.50209,0.04828,0.44525,0.00264,0.56101,0.40576,0.03061,0.03178,0.31646,0.03727,0.76386,0.63195,-0.00667,0.54985,0.50114,0.74935,0.04146,0.66590,0.04068,0.07820,0.02034,0.00017,0.04400,0.02246,0.03084,0.01075,0.06036,0.10050
0.03409,0.01432,0.40269,0.04844,0.32246,0.02703,0.54585,-0.00369,0.29763,0.31276,0.01594,0.04108,0.43362,0.01507,0.58189,0.49060,0.01626,0.70405,0.30231,0.40492,0.00230,0.30976,0.04375,-0.01347,0.01574,0.03723,0.01246,0.05439,0.01556,0.05021,-0.00901,0.07440
0.00532,0.07988,0.60105,0.01834,0.45397,-0.00406,0.41442,0.04059,0.51247,0.65452,0.03033,0.01558,0.63320,0.02438,0.28320,0.43400,0.01334,0.46934,0.30732,0.77646,0.00270,0.44320,0.05245,0.04476,0.04660,0.02864,0.02963,0.01064,0.06116,-0.01760,0.01116,0.02236
0.02423,-0.00065,0.35713,0.03680,0.22752,0.02495,0.24727,0.01971,0.30617,0.31323,0.05285,0.05259,0.37735,0.05108,0.54815,0.28181,0.03788,0.34253,0.34871,0.42196,0.01648,0.66076,0.02883,0.02248,-0.00350,0.02663,0.02578,0.03640,0.02372,0.00345,0.03669,0.02188
0.01685,-0.01909,0.26925,-0.00747,0.65899,0.02101,0.39561,0.04822,0.67055,0.28221,0.06015,0.05043,0.31773,0.03123,0.47644,0.67113,0.03993,0.52634,0.63203,0.50646,0.02256,0.45535,0.05833,0.02349,-0.00303,0.07263,0.01238,0.04367,0.03225,0.00476,0.03813,0.03413
-0.01429,0.01237,0.59317,0.05628,0.28778,0.03497,0.70442,0.01896,0.56055,0.67080,0.01908,0.02418,0.42494,0.05185,0.38224,0.75539,0.01841,0.73103,0.44355,0.75257,0.02608,0.51703,0.00327,0.01088,0.02459,0.04526,0.05245,0.05512,0.04430,0.03280,0.01248,0.03945
0.04358,0.02520,0.70887,0.01580,0.32424,0.03834,0.39451,0.01242,0.36026,0.41355,0.04993,0.06025,0.65667,0.02081,0.37198,0.51535,0.03580,0.32342,0.71047,0.38448,0.00297,0.39717,0.03548,0.01704,0.04703,0.01948,0.03042,-0.00704,0.03162,0.04750,0.05432,0.02098
0.05716,0.02312,0.30533,0.02304,0.50756,0.01032,0.70885,0.02027,0.60861,0.64859,-0.01615,0.04094,0.42266,0.02136,0.58828,0.29186,0.00221,0.63935,0.43588,0.71667,0.02238,0.58221,-0.00455,0.00972,0.00650,0.02224,0.05094,0.01730,0.02916,0.06304,0.05067,0.03284
-0.01605,0.04910,0.55513,-0.00622,0.29947,0.00915,0.32487,0.01870,0.72280,0.68461,0.03565,0.06257,0.53181,0.05850,0.60479,0.30341,-0.00810,0.69062,0.33236,0.38585,0.02796,0.64316,0.05138,0.03257,-0.00305,0.00621,0.01740,0.01623,0.03812,0.01931,0.00005,0.02503
0.06037,0.02815,0.40152,0.05139,0.35052,0.01883,0.68372,0.04951,0.70870,0.75667,0.01088,0.02620,0.63338,0.02841,0.72890,0.75326,0.01342,0.69731,0.41730,0.26754,0.00889,0.26254,0.05054,0.01365,0.03525,0.02061,0.03680,0.02566,0.04368,0.07386,0.02713,0.03952
0.02642,0.00247,0.33172,0.03438,0.46218,0.38053,0.46508,0.00602,0.60343,0.60790,0.06625,0.02294,0.27640,0.03190,0.76962,0.51819,0.02435,0.28314,0.65903,0.51516,-0.00173,0.61176,0.04265,0.03237,0.05785,-0.00329,0.03721,0.02480,0.04436,0.03682,0.04163,0.06364
0.00277,0.00089,0.35160,0.03129,0.30695,0.25205,0.72321,0.03577,0.58628,0.66209,0.03274,0.01853,0.43022,0.01594,0.57631,0.37458,-0.00116,0.44573,0.57680,0.60153,0.01599,0.31680,0.01702,0.05889,0.02571,0.01194,0.01902,0.03102,0.01251,0.01919,-0.02724,0.03527
0.03976,0.01830,0.59444,0.05982,0.67636,0.72957,0.63588,0.03068,0.27661,0.52748,0.01550,0.04488,0.62392,0.03162,0.34541,0.36943,0.01341,0.56777,0.26976,0.71972,0.02330,0.62728,0.05203,0.04682,0.03336,0.07592,-0.00039,0.01864,0.00964,0.05341,0.03439,0.03813
0.06664,0.05694,0.33650,0.03103,0.51842,0.49717,0.72361,0.04530,0.74573,0.54753,0.00738,0.00686,0.35352,0.03412,0.50869,0.24342,-0.00848,0.38649,0.34109,0.61691,0.01820,0.55631,0.01913,0.05312,0.04632,0.05077,0.05572,0.03205,0.04574,0.02451,0.05491,0.02171
0.02011,0.00439,0.34755,0.06950,0.74385,0.60994,0.38224,0.02666,0.27629,0.73286,0.01360,-0.00016,0.22284,0.01285,0.26384,0.59701,0.07040,0.27609,0.42794,0.25722,0.03367,0.65331,0.02832,0.04071,0.05665,0.05811,0.03022,0.00882,-0.01777,0.00913,0.02972,0.02419
0.07818,0.02929,0.26979,0.05739,0.32664,0.49939,0.25711,0.02733,0.48047,0.31903,0.02910,0.01822,0.59652,0.01296,0.50205,0.38268,0.00230,0.29637,0.47176,0.50902,0.04240,0.44609,0.05803,0.01248,-0.00223,0.03251,-0.01414,0.06275,0.01814,0.03617,0.05605,0.04203
0.03359,0.02038,0.45315,0.02306,0.42590,0.69364,0.40128,0.00397,0.26696,0.67044,0.03587,0.03915,0.30527,0.02408,0.38246,0.58030,0.02582,0.44281,0.31168,0.30173,0.02281,0.54006,0.00987,0.07939,0.03303,-0.00713,-0.01363,0.06977,0.03003,0.03235,0.01024,0.02943
0.04396,0.04421,0.29366,0.02808,0.43420,0.43853,0.54588,0.03987,0.59886,0.53477,0.05327,0.01711,0.59325,0.05054,0.47902,0.71516,0.05715,0.68372,0.34572,0.61900,0.03320,0.52832,0.03886,0.02487,-0.00168,0.03574,0.02381,0.00597,0.01296,0.00644,0.04200,0.00961
-0.00647,0.02338,0.28041,0.01363,0.65682,0.63172,0.44435,0.01128,0.65802,0.53895,0.00080,-0.00459,0.41733,0.01726,0.39446,0.57172,0.05214,0.33226,0.57874,0.56087,0.02920,0.54845,0.00599,0.03996,0.03369,0.02413,0.02119,0.03194,0.03742,0.02468,0.01006,0.00592
0.04943,0.04815,0.22911,0.04100,0.51781,0.39689,0.62241,0.03520,0.31525,0.52955,0.01021,0.02061,0.33379,0.00729,0.65477,0.52793,-0.01363,0.73068,0.73272,0.32463,0.01704,0.54325,0.03464,0.04611,0.00172,0.04599,0.00261,0.00947,0.04452,0.01181,0.01048,0.02120
0.06698,0.04714,0.67559,0.04139,0.43491,0.73842,0.30760,0.01599,0.34935,0.41517,0.02881,0.01283,0.58079,-0.01282,0.52363,0.66498,0.04614,0.45415,0.42513,0.62368,0.01765,0.41190,0.00593,0.01912,0.01252,0.02319,0.02145,-0.00285,0.04921,-0.00974,-0.00621,0.04820
0.03561,-0.02472,0.62140,0.03789,0.45812,0.68738,0.52446,0.03994,0.29885,0.70546,0.03780,-0.00235,0.31366,0.03078,0.50500,0.29248,0.03215,0.35719,0.29089,0.51794,0.05392,0.29363,0.01097,0.01798,0.04701,0.03200,0.01773,0.02124,0.03091,-0.00609,0.02203,0.02920
0.02033,0.07241,0.31277,0.02532,0.58748,0.70805,0.73265,0.02809,0.61560,0.58724,0.02561,0.01229,0.58466,0.03977,0.36441,0.68186,0.02443,0.43920,0.36115,0.71565,0.02615,0.58920,0.04537,0.03536,0.03165,0.01544,0.03839,0.04195,0.03557,0.03450,0.01769,0.03884
0.04324,0.01028,0.31750,0.02031,0.75033,0.32186,0.72395,0.06042,0.57226,0.27659,0.02723,0.03904,0.66351,0.05073,0.63065,0.38478,0.03324,0.30847,0.70520,0.39336,0.02409,0.63753,0.02403,0.03932,0.05342,0.06470,0.02860,0.04820,0.03164,0.01186,0.05080,0.03193
0.03635,0.05919,0.32070,0.01584,0.70614,0.55776,0.49303,0.04444,0.29099,0.28839,0.03507,0.03216,0.47934,0.01651,0.45526,0.28894,0.04454,0.36886,0.53247,0.57435,0.05865,0.71771,0.07261,0.04671,0.01180,0.01393,0.05866,0.00034,0.05469,0.03119,0.08264,0.07345
0.05738,-0.04431,0.47553,0.01179,0.26102,0.46928,0.49844,0.06602,0.29260,0.71548,0.01129,0.04722,0.29602,0.03787,0.27866,0.33573,0.01411,0.39636,0.71563,0.70451,0.04257,0.75744,0.06997,0.01040,0.03121,0.01672,0.06153,0.00997,0.01931,0.03180,0.02456,-0.00828
0.06072,-0.00185,0.50332,0.05502,0.61037,0.50431,0.56581,0.03868,0.31158,0.41932,0.02277,0.02313,0.56729,0.01477,0.52267,0.59186,0.00737,0.60053,0.57187,0.70411,0.02344,0.45527,-0.03424,0.03335,0.03917,0.02245,0.04823,0.00272,0.04042,0.05366,-0.00274,0.02529
0.03651,0.01664,0.51922,0.04405,0.40430,0.43751,0.37058,0.03783,0.72062,0.44808,0.05404,0.04349,0.63874,0.01726,0.59034,0.53208,0.04676,0.62081,0.67791,0.44473,-0.01251,0.43859,0.00188,0.00369,0.03872,0.03465,0.01223,0.02069,0.01823,0.01444,-0.02405,0.00621
0.01588,0.03235,0.41164,0.05028,0.53923,0.58509,0.64584,0.01906,0.66117,0.74547,0.01023,0.04018,0.28322,0.00890,0.31787,0.38206,0.05399,0.41410,0.35114,0.71472,0.03210,0.54553,0.01357,0.04085,0.04070,0.04186,0.05484,0.05202,0.08433,0.05010,0.02779,-0.00814
0.04418,0.03472,0.68645,0.01314,0.62988,0.58765,0.36615,0.03435,0.67806,0.67713,0.02594,0.00148,0.37813,0.05168,0.28425,0.45377,0.02079,0.26427,0.52981,0.47593,0.00732,0.60827,0.03084,0.01929,0.03288,0.03293,0.04076,0.00224,0.04545,0.06183,0.01264,-0.00196
0.02938,0.04654,0.46335,0.04706,0.46392,0.58665,0.64760,0.06156,0.53671,0.61681,-0.01114,0.03564,0.70456,0.01459,0.24721,0.40823,0.05718,0.33353,0.50220,0.47528,0.03172,0.28540,0.02086,0.03340,0.03276,0.02062,0.03440,0.00566,0.00930,0.01070,0.06007,0.01768
0.01091,0.04085,0.51236,0.01475,0.69090,0.27656,0.45850,0.02241,0.34427,0.57299,0.01700,0.00146,0.60896,0.06057,0.50148,0.43140,0.05642,0.60581,0.62267,0.58119,-0.00810,0.47542,0.07771,0.02166,0.02025,0.00881,0.03822,0.00481,0.01870,0.00642,0.07569,0.02582
0.04069,0.02860,0.35382,0.02144,0.37313,0.35133,0.32314,0.04095,0.48765,0.65708,0.00428,0.05648,0.25884,0.00562,0.39417,0.56196,-0.00074,0.50483,0.50532,0.48515,0.02863,0.58384,0.02655,0.08376,0.01904,0.03808,0.02209,0.01361,0.03189,0.02877,0.06483,0.01909
-0.01091,0.03495,0.70966,0.01504,0.64259,0.71486,0.49421,0.02695,0.67706,0.36089,0.05811,0.06277,0.29649,0.02408,0.40211,0.43403,0.00162,0.32995,0.59248,0.33324,0.00952,0.70675,0.07878,-0.00893,0.05067,0.01879,0.01333,0.00472,0.02792,0.02210,0.00916,0.01033
-0.00289,0.01721,0.61182,0.04336,0.68989,0.37491,0.46606,0.02519,0.36481,0.61757,0.03080,0.03785,0.22480,0.07900,0.53716,0.56623,0.01954,0.44204,0.62779,0.70229,0.00854,0.51634,0.06580,0.01253,0.05821,0.00055,0.04096,0.06412,0.00579,0.04474,0.03615,0.04288
0.02862,0.01979,0.70134,0.02478,0.66059,0.60894,0.54814,0.05076,0.45713,0.74500,0.01214,0.00298,0.54364,0.03332,0.47889,0.37965,0.05633,0.50534,0.31333,0.60387,0.00886,0.54282,-0.00960,0.00573,0.05069,0.03067,0.04070,0.04206,0.00379,0.01550,0.01478,0.00956
0.02682,-0.00239,0.32313,0.02065,0.32671,0.33521,0.62836,0.03361,0.32202,0.42657,0.01345,0.05459,0.30628,0.02155,0.70338,0.43109,-0.01026,0.72734,0.71216,0.64635,0.06946,0.75371,0.06490,0.05658,0.01327,0.03253,0.05598,0.04542,0.00899,0.01296,0.03877,-0.00135
0.00613,0.06931,0.49057,0.02739,0.73417,0.55705,0.27530,0.06676,0.68968,0.60061,0.04254,0.01851,0.61240,0.00493,0.34449,0.26672,0.04026,0.40941,0.59899,0.54737,0.05284,0.72405,0.06460,-0.00811,0.06157,0.00671,0.05644,0.01240,0.03884,0.02662,0.06876,0.00211
0.01852,0.04621,0.40305,0.02277,0.24412,0.72896,0.65662,0.01066,0.53881,0.67743,0.02701,0.04140,0.60429,0.04798,0.49730,0.40543,0.05224,0.65276,0.31289,0.57272,0.00060,0.37600,0.00107,0.08780,0.00910,0.03944,0.03057,0.04898,0.03350,0.02046,0.04591,0.07752
-0.02325,0.03307,0.52210,0.04757,0.40544,0.66140,0.30476,0.00271,0.27034,0.74793,0.01581,0.05644,0.71990,0.00296,0.25687,0.40735,0.02572,0.65356,0.51423,0.28346,0.02428,0.61941,0.04218,0.02648,0.03726,0.00848,0.04844,0.03563,0.03464,0.00041,0.06073,0.03140
0.02433,0.00772,0.21995,0.02871,0.70359,0.46807,0.46502,0.05802,0.44141,0.63176,0.00951,0.00716,0.30669,0.00746,0.71115,0.32516,0.02943,0.46345,0.26805,0.47550,0.04860,0.69444,0.04807,0.05334,0.01592,0.01571,0.05076,0.02368,0.08341,0.00780,0.04934,0.04528
0.04544,0.02965,0.73640,0.03066,0.46242,0.41541,0.71313,0.03161,0.53384,0.25971,0.01875,0.02137,0.28224,0.01804,0.36337,0.40463,0.00161,0.49765,0.39482,0.66502,0.02320,0.40093,0.04750,0.04374,0.02188,-0.00519,-0.00205,0.01047,0.01183,0.00468,0.03316,0.04792
0.04394,0.02014,0.39576,0.04180,0.45422,0.69248,0.31441,-0.01731,0.50660,0.69735,0.01270,0.02884,0.51115,0.04785,0.33350,0.44191,0.03282,0.62860,0.65498,0.45295,0.00447,0.75477,0.02289,-0.01941,0.04473,0.01669,0.02560,0.03819,0.03985,0.01574,0.02428,0.03701
0.00974,0.03770,0.56395,-0.02618,0.65396,0.26092,0.70985,0.00294,0.41760,0.41068,-0.01301,0.01865,0.40552,0.00627,0.69167,0.45818,0.02028,0.29504,0.32544,0.55973,0.05649,0.32450,0.06523,0.00779,0.06012,0.07116,0.06475,0.03693,0.04185,0.02501,0.05574,-0.00736
0.02811,0.03962,0.73656,0.01472,0.44141,0.60831,0.74230,0.02287,0.61379,0.52871,0.03141,0.05410,0.58744,0.08083,0.37004,0.61175,0.08124,0.36293,0.55937,0.26416,0.03001,0.61456,0.06205,0.00424,-0.00537,0.03581,0.01948,0.04031,0.02230,0.04004,0.01567,0.01267
0.02922,0.03075,0.68480,-0.00006,0.39566,0.41290,0.56723,0.02786,0.49457,0.36971,0.02268,0.03758,0.26429,0.03068,0.46514,0.32828,0.02504,0.25410,0.42085,0.63779,0.04993,0.63777,0.03335,0.02487,0.04873,0.04300,0.01515,0.05157,0.02803,-0.02982,0.00868,0.05964
-0.00199,0.02166,0.62898,0.04879,0.51473,0.58017,0.35690,0.05095,0.74572,0.51527,0.03641,0.03326,0.72211,0.09005,0.57334,0.27409,0.00366,0.74950,0.45236,0.74790,0.02829,0.55638,0.02212,0.04760,0.01876,0.01301,0.03357,0.03828,0.07417,0.01719,0.03019,0.04104
0.04535,0.05312,0.36937,0.01329,0.58126,0.37145,0.70418,0.02326,0.68158,0.36153,0.01553,0.00035,0.55669,0.04977,0.69926,0.62129,0.06960,0.75366,0.42517,0.38697,0.03673,0.69069,0.02491,0.02048,0.02354,0.02848,0.01236,0.02640,0.03747,0.00690,0.04055,0.02290
0.05700,0.01007,0.47407,-0.00908,0.51564,0.58560,0.41059,0.03865,0.56156,0.50406,0.04565,0.01171,0.50396,0.01721,0.60828,0.75457,0.03352,0.40225,0.69047,0.58717,0.03388,0.61408,0.01265,0.01648,0.01931,-0.00333,0.00896,0.06342,-0.03413,0.00704,0.00132,0.01638
0.01005,0.03368,0.43580,0.03957,0.73494,0.27156,0.44990,0.04972,0.56899,0.59871,0.02854,-0.01854,0.25735,0.02969,0.38642,0.39495,0.05053,0.61522,0.77972,0.65495,0.02851,0.42173,0.00244,0.05508,0.03887,0.05551,0.04065,0.03076,0.00269,0.01618,0.00322,0.01888
0.03690,0.05344,0.39228,0.03911,0.27807,0.49725,0.68141,0.06963,0.25555,0.31456,-0.01324,-0.00470,0.35168,0.04676,0.29956,0.26221,0.01713,0.76867,0.39654,0.74440,0.05565,0.54778,0.03490,0.02970,-0.00657,0.03423,0.04797,0.00842,0.02098,0.00377,0.04483,0.04554
0.05095,0.02013,0.58349,0.03273,0.28728,0.57804,0.35306,0.02778,0.66561,0.48511,0.05767,0.05003,0.48153,0.03724,0.35436,0.34462,0.04682,0.28075,0.45934,0.67560,0.01004,0.52014,0.02423,0.01751,0.01568,-0.00414,0.07540,0.02367,0.02488,-0.01450,0.02564,0.00234
0.01294,0.04584,0.68089,0.00593,0.31230,0.57459,0.47463,0.01871,0.38042,0.55326,0.03601,0.01953,0.51407,0.04690,0.53168,0.41497,0.03531,0.45531,0.67861,0.28263,0.03583,0.68458,-0.00253,0.05580,0.03742,0.04771,0.00709,0.01259,0.00604,0.00646,0.00454,0.01187
0.02120,0.04589,0.23123,0.08749,0.27714,0.49221,0.45637,0.01682,0.27218,0.67078,0.04522,0.07477,0.30203,0.01157,0.58295,0.35609,0.03446,0.45041,0.42784,0.45250,0.00648,0.34811,0.06213,0.00445,0.04022,0.01804,-0.00714,0.05144,0.00974,0.01946,0.01611,0.02893
0.01942,0.05306,0.46030,-0.00339,0.46234,0.57992,0.40328,0.02899,0.55398,0.58733,0.04032,0.00599,0.57226,0.04170,0.35050,0.36713,0.00594,0.65732,0.57045,0.54363,0.04155,0.25834,0.01311,0.02581,-0.01465,0.05633,0.05076,0.06923,0.02828,0.03334,0.07301,0.01460
0.05353,-0.01098,0.60635,0.06226,0.44294,0.54503,0.44682,0.01296,0.49788,0.57220,0.01436,0.05486,0.68234,0.03957,0.53516,0.35709,0.07868,0.29437,0.27010,0.49587,0.00644,0.61082,0.02508,0.04473,0.03542,0.02854,-0.00874,0.02626,0.03428,0.01149,0.05093,0.00333
-0.00628,0.00131,0.32568,0.04970,0.59905,0.56633,0.27148,-0.00972,0.59874,0.57270,0.02489,0.02643,0.33401,0.03331,0.26187,0.28338,0.03234,0.71905,0.41912,0.29361,0.04561,0.27848,0.03901,0.04249,-0.02253,0.01860,0.01424,0.04959,0.01060,0.03391,0.05067,0.04958
0.03299,-0.01372,0.26287,0.03324,0.36983,0.69705,0.68215,0.07529,0.49013,0.42229,0.03723,0.03690,0.69756,0.02758,0.62626,0.51136,0.00327,0.37111,0.39273,0.68131,0.00563,0.56822,0.06042,0.04731,0.02757,0.04093,0.02015,0.04723,0.02672,0.01991,0.07228,0.04483
0.02705,0.04008,0.36042,0.01424,0.75185,0.39900,0.39466,0.03176,0.64308,0.39487,0.01333,0.03058,0.23847,0.00638,0.58716,0.69743,0.01827,0.73432,0.41809,0.33465,0.03330,0.67038,-0.00838,0.08272,0.03222,0.00800,0.05031,0.03058,0.04188,0.02550,0.01242,0.04418
0.02858,0.01054,0.44908,0.01866,0.62211,0.41769,0.44858,0.02153,0.67677,0.62300,0.06653,0.02871,0.64213,0.05545,0.68524,0.77146,0.02354,0.33513,0.63189,0.70590,0.02217,0.46680,0.06014,0.03251,0.02744,0.03128,-0.01361,0.06736,0.05219,0.03459,0.04332,-0.00391
0.04198,0.05129,0.66072,0.03962,0.48485,0.34394,0.53361,0.04332,0.27564,0.48080,0.04350,0.03166,0.45419,0.02673,0.62344,0.59545,0.04028,0.61740,0.34378,0.41830,-0.01809,0.41369,0.03503,0.01785,0.03867,0.01330,0.02062,0.02625,0.02801,0.03240,0.01406,0.03325
0.01394,0.03141,0.27302,0.02026,0.40149,0.35141,0.74656,0.04426,0.32089,0.73828,0.00647,0.00755,0.28649,0.04606,0.74630,0.66928,0.00545,0.44080,0.64609,0.50705,0.07534,0.31329,0.04593,0.02648,0.01138,0.01685,0.04235,0.00905,0.03184,0.02058,0.05337,0.03675
0.02357,0.03031,0.41928,0.06789,0.40820,0.71692,0.58812,0.02182,0.27674,0.73195,0.03738,-0.00082,0.69021,0.06613,0.66343,0.65312,0.03464,0.55577,0.63089,0.62767,0.01200,0.57729,0.01914,0.02139,0.04348,0.01885,0.00267,0.01016,0.03244,0.05160,0.03839,0.02015
0.04481,0.03228,0.29862,0.03951,0.46381,0.68620,0.24258,-0.00151,0.54602,0.49544,0.04021,0.04422,0.34259,0.05639,0.34174,0.37177,0.04967,0.47077,0.64549,0.56752,0.05134,0.57301,-0.00342,-0.00216,0.06264,0.05660,-0.00404,0.02755,0.05144,0.05936,0.03929,0.00532
0.05771,0.02983,0.74972,0.01895,0.51506,0.47903,0.72521,0.06127,0.47383,0.37972,0.03443,0.03882,0.39970,0.01303,0.63727,0.55273,0.04471,0.46247,0.61385,0.67905,0.01540,0.72537,0.00034,0.03207,0.06564,0.03396,-0.01470,0.06744,0.06397,0.01715,-0.00327,0.03985
0.04483,0.04672,0.35363,0.05555,0.66858,0.60469,0.75558,0.05017,0.27425,0.67386,0.01457,-0.00141,0.69216,0.06413,0.58619,0.68178,0.07684,0.52551,0.27829,0.63739,0.05236,0.49894,0.04962,-0.00330,0.03579,0.01875,0.00433,0.04666,0.03159,0.04275,0.03218,0.01595
0.06546,0.02985,0.50975,-0.00173,0.32835,0.40467,0.42497,0.04341,0.69023,0.31099,0.00703,0.02837,0.26160,0.04246,0.64770,0.76723,0.02473,0.63091,0.39964,0.56047,0.01101,0.29300,0.04692,0.01647,0.04942,0.03842,0.01721,0.02754,0.00481,0.06331,0.04471,0.03421
0.06108,0.03219,0.66855,0.01180,0.71096,0.62998,0.45244,0.03301,0.60307,0.63711,0.01348,0.01903,0.29388,0.01404,0.57251,0.60328,0.02150,0.41718,0.26865,0.63326,0.01135,0.73707,0.00588,-0.00102,0.00423,0.04382,0.04908,-0.03881,0.03355,0.03345,0.01672,0.02849
0.02203,0.04206,0.58834,0.06229,0.53702,0.64145,0.69436,0.00802,0.37138,0.30205,0.02890,0.05529,0.67608,0.03826,0.64294,0.59105,0.03682,0.40480,0.29793,0.56542,0.00914,0.66387,-0.01788,0.01477,0.04314,0.03508,0.01496,0.01896,0.05027,0.06903,0.03160,0.02918
0.07625,0.02860,0.71726,0.03631,0.38044,0.60935,0.46738,-0.00768,0.54055,0.53647,0.02073,0.03931,0.32679,0.02985,0.64147,0.46048,0.03992,0.30397,0.57404,0.43118,0.03886,0.54398,0.04927,0.02857,0.05109,0.03842,0.03068,0.05668,0.06883,0.04177,-0.00554,-0.00352
0.08539,0.02420,0.27360,0.00676,0.28218,0.32457,0.61862,0.06378,0.27752,0.50892,0.01512,0.03763,0.51355,0.04254,0.62050,0.65964,0.01184,0.62406,0.67578,0.30523,0.00153,0.38341,0.05604,0.03240,0.04912,0.06802,0.01602,0.03962,0.02075,0.06006,0.05250,0.03493
0.02812,0.02263,0.40829,0.02365,0.68326,0.76857,0.40769,0.02566,0.29442,0.51371,0.05834,0.05522,0.46303,0.01614,0.57422,0.65284,0.01961,0.43713,0.31963,0.36112,0.01861,0.41022,-0.04038,0.01467,0.02066,0.04185,0.02161,0.03693,0.05183,0.03036,0.04579,0.02219
0.02957,-0.00001,0.56607,0.07195,0.64646,0.57377,0.27065,0.01096,0.63079,0.42106,0.04630,0.01706,0.40388,0.06285,0.70801,0.41264,0.04044,0.27036,0.45584,0.58768,0.02058,0.37332,0.02476,0.02496,0.04114,0.01221,0.08988,0.02642,0.02950,0.06894,0.04252,-0.02231
0.04551,-0.00777,0.65504,-0.00794,0.54509,0.40785,0.34306,0.02115,0.43384,0.34994,0.02911,0.07161,0.65309,0.01068,0.28661,0.69279,0.02859,0.55618,0.55634,0.32023,0.08859,0.36926,0.02158,0.07403,0.02780,-0.00382,0.07880,0.02362,0.05555,0.01531,0.06147,0.04876
0.03722,0.02749,0.66985,0.01896,0.46039,0.52152,0.42348,0.01079,0.75860,0.50460,0.05766,0.05870,0.37560,-0.00636,0.40427,0.25692,0.03812,0.69900,0.43212,0.69976,0.03702,0.39139,0.03060,0.01165,0.01015,0.03663,0.01484,0.01936,0.04383,0.03876,0.02455,-0.01460
0.02563,0.02657,0.31885,0.04789,0.55841,0.61211,0.44711,0.03091,0.30452,0.40018,0.03660,0.07388,0.68782,0.02324,0.66461,0.62003,0.01840,0.47874,0.44063,0.40354,0.01880,0.56716,0.05432,0.03654,0.01100,0.02193,0.03519,0.00086,0.04762,0.04131,0.03244,0.01130
0.03058,0.05213,0.57147,0.02617,0.47594,0.37949,0.57160,0.06294,0.43315,0.64947,-0.00604,0.05333,0.59610,0.03864,0.71012,0.64885,0.04298,0.69255,0.69637,0.59032,0.02590,0.34988,0.02791,0.01208,0.03863,0.01602,0.05408,0.02927,0.02028,0.04885,0.04753,0.01770
0.00281,0.03513,0.32485,0.00556,0.71708,0.31938,0.44789,0.05027,0.54238,0.40193,0.01665,0.00938,0.36466,0.02390,0.37408,0.64008,0.04217,0.52150,0.71466,0.52352,0.00493,0.33403,0.01901,0.05540,0.06807,0.03541,0.05059,0.03500,0.03905,0.00689,0.02400,0.04156
0.04117,0.01255,0.26900,0.03293,0.62378,0.40955,0.47926,0.04754,0.44333,0.31557,0.00288,0.01510,0.72826,0.03141,0.53002,0.46583,0.05758,0.32625,0.56715,0.72609,0.02619,0.54512,0.02359,0.06518,0.00999,0.00618,0.03837,0.05138,0.03676,0.04531,0.04088,0.04309
0.06612,0.05168,0.37234,0.03525,0.53793,0.40614,0.57820,0.01768,0.60124,0.70437,0.05163,0.04560,0.25367,0.05284,0.52975,0.44037,0.05303,0.28109,0.73344,0.31042,0.03983,0.57044,0.01456,0.05595,0.05072,0.05633,-0.01098,0.03396,0.02954,0.06178,0.07952,0.03417
0.05424,0.01384,0.66045,0.00681,0.63209,0.57162,0.31787,0.02435,0.56405,0.36543,0.04608,0.02338,0.66478,0.04518,0.36215,0.69940,0.03710,0.42035,0.71028,0.45275,0.04531,0.53939,0.03765,0.01873,0.03743,-0.00679,0.04093,0.04010,0.02059,0.05677,0.03000,0.03988
0.05586,0.06896,0.27762,0.05338,0.27056,0.57612,0.22417,0.04270,0.47744,0.41774,0.03579,-0.01931,0.53980,0.06456,0.62586,0.30998,0.04399,0.30619,0.69957,0.38878,0.03683,0.73122,0.03542,0.00411,0.03810,0.02074,0.05556,0.00599,0.04547,0.03961,0.04161,0.08672
0.03101,0.06274,0.70045,0.03785,0.65132,0.65338,0.68712,0.04457,0.65469,0.38086,0.02574,0.01548,0.64514,0.03597,0.62313,0.56921,0.01896,0.58810,0.50318,0.48780,0.04725,0.53257,0.05866,0.01475,0.02473,0.03562,0.03407,0.01319,0.02197,0.04432,0.05273,0.02506
0.02928,0.04397,0.65100,0.04642,0.49188,0.33610,0.38970,0.02170,0.45954,0.68116,0.03392,0.02409,0.57916,0.01200,0.62307,0.28431,0.02477,0.37092,0.40691,0.56071,0.03365,0.63594,0.07944,-0.00856,0.05825,0.07323,0.05066,0.05081,0.01774,0.27991,0.03677,0.02783
0.05645,0.05001,0.37769,0.04842,0.23983,0.40262,0.31687,0.02541,0.35075,0.26560,0.01582,0.06169,0.60396,0.04112,0.32691,0.60151,0.04164,0.42439,0.67853,0.70464,0.01877,0.47304,0.03263,0.00605,0.00948,0.03089,0.01718,0.01439,0.02706,0.45177,0.02433,0.02529
0.04511,0.02916,0.27808,0.03284,0.29489,0.32796,0.57284,0.03886,0.28268,0.69520,0.00385,0.04077,0.57779,0.03815,0.45564,0.59374,0.06734,0.43598,0.73259,0.40901,0.03650,0.36710,0.02252,0.00805,-0.00185,0.02001,0.01577,0.05442,0.01882,0.63722,-0.01450,0.02333
0.02315,0.08862,0.34235,0.00446,0.59449,0.30500,0.69015,0.02121,0.66127,0.58872,0.01784,0.02902,0.36483,-0.00256,0.72539,0.40360,0.00525,0.38058,0.69630,0.33841,0.04351,0.36416,0.02597,0.02900,0.03276,0.00821,0.01931,0.05303,0.01616,0.42212,0.02904,0.05197
0.01154,0.05449,0.26698,0.04482,0.52786,0.46651,0.68351,0.04412,0.25959,0.53943,0.01880,0.03556,0.24513,0.01842,0.68256,0.56773,0.03207,0.44310,0.73191,0.47081,0.02936,0.49927,0.06622,-0.00623,0.03594,-0.01303,0.05365,0.01096,0.00941,0.39268,0.02110,0.03170
-0.01687,0.01331,0.52074,0.03182,0.72546,0.71644,0.43368,0.01702,0.74772,0.70515,0.05401,0.01413,0.69640,0.02524,0.69222,0.58794,0.01962,0.33552,0.33620,0.57109,0.05969,0.56219,0.02981,0.01497,0.01226,-0.00010,0.05101,0.08777,0.04004,0.26643,0.00163,-0.00974
0.02777,-0.00903,0.62993,0.04073,0.39134,0.49704,0.59394,0.01757,0.67517,0.61963,0.02980,0.02275,0.56352,0.03679,0.67102,0.49651,0.05890,0.67549,0.52215,0.66110,-0.02145,0.23800,-0.00100,0.03581,0.06592,0.02070,0.04090,0.00515,0.01198,0.27248,0.03229,0.04778
0.03399,0.00991,0.27474,-0.02386,0.42342,0.28752,0.28612,0.07185,0.58176,0.56304,0.03266,0.00227,0.38236,0.07681,0.72317,0.53137,0.04191,0.34245,0.39464,0.27355,0.05855,0.58434,0.03834,0.02588,0.03328,0.03701,0.02689,0.04199,0.03694,0.52873,0.03787,0.03548
0.06360,0.00721,0.52717,0.00960,0.73334,0.73925,0.73870,0.05152,0.30781,0.68454,0.04315,0.01313,0.62519,0.02448,0.35815,0.40862,-0.00841,0.34579,0.51466,0.74074,0.02142,0.57645,0.03670,0.02916,-0.01801,0.01371,0.01952,-0.00051,0.04365,0.52063,0.02296,0.09426
0.04520,0.00045,0.27872,0.01465,0.56151,0.47306,0.53252,0.02247,0.56136,0.62160,0.01314,0.00957,0.65481,0.07112,0.31848,0.32565,0.05006,0.63810,0.27367,0.47040,0.01898,0.46631,0.02743,0.02895,0.02666,0.07120,0.06442,0.02529,0.04073,0.74784,0.00816,0.01391
0.04423,0.02339,0.31572,0.06605,0.25444,0.42380,0.57442,0.02075,0.31179,0.46540,0.05037,0.03779,0.31829,0.06740,0.26699,0.49199,0.04388,0.49882,0.70641,0.39353,-0.02047,0.36072,0.00360,0.03641,0.03630,0.06467,0.01632,0.02356,0.05452,0.64844,0.03577,0.07382
0.07559,0.07132,0.49415,0.02276,0.33249,0.29856,0.27216,-0.00626,0.48487,0.75163,0.03449,0.05228,0.66357,0.04313,0.50939,0.67312,0.03762,0.37670,0.37819,0.60269,0.04355,0.69066,0.05044,0.00443,0.00818,0.02888,0.02280,0.04894,0.04142,0.36284,0.06431,0.05996
0.04460,0.00220,0.51907,0.06617,0.60265,0.66920,0.71364,0.01063,0.68908,0.59567,0.02960,0.00413,0.46675,0.02979,0.47221,0.67882,0.01833,0.38968,0.51916,0.25645,0.03087,0.66411,0.05828,0.07033,0.04635,0.00191,0.04247,0.01402,-0.01656,0.26489,0.03298,0.00092
0.01157,0.01936,0.38212,0.02830,0.46828,0.59498,0.32227,0.00489,0.34982,0.57608,0.04520,0.04841,0.36677,0.02175,0.71943,0.68675,0.04235,0.41007,0.28545,0.58490,-0.01385,0.44396,0.03139,0.05292,0.04461,0.03302,0.05121,0.03358,-0.00208,0.46691,-0.00191,0.01446
0.03388,0.00670,0.53901,0.01548,0.29383,0.66045,0.65074,-0.00098,0.55356,0.34788,0.01331,-0.00537,0.33252,0.00900,0.69067,0.70553,0.02212,0.50799,0.43971,0.60912,0.03544,0.29301,0.00494,0.02572,0.02749,0.05627,0.00442,0.04483,0.00627,0.30549,0.04836,0.05501
0.01678,0.03703,0.34460,0.00749,0.51365,0.72499,0.46635,0.02663,0.71227,0.61254,-0.01332,0.02151,0.44858,0.00874,0.24697,0.45720,0.02912,0.42072,0.52215,0.59500,0.07813,0.28222,0.03828,0.00601,0.06238,0.03543,0.00518,0.03687,0.02945,0.26577,0.02391,0.02781
0.05537,0.04886,0.43874,0.02032,0.67268,0.61763,0.44547,0.02528,0.41495,0.62372,0.00778,-0.00155,0.39091,0.01396,0.33370,0.63341,0.01085,0.65257,0.64433,0.51309,0.06491,0.22186,0.02417,0.03203,0.08830,0.02127,0.04615,0.04772,0.02743,0.69283,0.03196,0.04060
0.06613,0.02726,0.56958,0.03671,0.29670,0.24681,0.64688,0.07752,0.25727,0.30492,0.03855,0.01505,0.24903,0.08785,0.32310,0.39821,0.01892,0.63112,0.31248,0.28671,-0.01087,0.41543,0.02959,-0.00514,0.00783,0.06176,0.02833,-0.03171,0.00282,0.39456,0.00251,0.02579
0.03435,0.04317,0.49245,0.04208,0.50034,0.67323,0.24633,0.03975,0.69182,0.64774,0.04975,0.02142,0.61068,0.01776,0.61589,0.38385,0.04050,0.66082,0.50101,0.45014,0.00555,0.26856,0.02681,-0.00167,0.02535,0.02111,0.00508,0.00034,0.03441,0.62311,0.04589,0.01198
0.05488,0.02410,0.62571,0.03117,0.43383,0.47728,0.56314,0.01473,0.46823,0.76379,0.03876,0.04156,0.73260,0.05617,0.63704,0.71324,0.02940,0.50730,0.61050,0.64801,0.01370,0.29417,0.01050,0.04820,0.00941,0.00910,0.00996,0.03233,0.02365,0.47263,0.06639,0.02080
0.01546,0.03458,0.58908,0.03154,0.34339,0.58884,0.67904,0.01873,0.60979,0.56029,0.02063,0.04285,0.55452,0.05025,0.62637,0.63359,-0.01138,0.37439,0.32684,0.44090,0.02609,0.64434,0.05548,0.06960,0.02009,0.07290,0.05669,0.00875,0.01984,0.34122,0.04533,0.04053
0.02518,0.00809,0.56951,0.02074,0.67250,0.44188,0.43600,0.05370,0.52699,0.45025,0.01808,0.05103,0.56822,0.03329,0.50571,0.68627,0.06410,0.48327,0.27156,0.28381,0.03921,0.32308,0.01724,-0.00822,0.01651,0.01996,0.05872,0.05248,0.03814,0.71194,0.04297,0.02263
0.01435,0.01207,0.69432,0.02190,0.58650,0.66917,0.69892,0.00195,0.65767,0.43299,0.05990,0.03077,0.66088,0.04464,0.41130,0.62832,0.08007,0.52992,0.54660,0.54061,0.00178,0.70765,0.06336,0.03606,0.00265,-0.00951,0.05150,0.03772,0.05620,0.59911,0.00968,0.03182
0.01005,0.04463,0.26166,0.02427,0.41261,0.69326,0.38160,0.02427,0.29375,0.33175,-0.00007,0.04952,0.72560,0.00843,0.34495,0.42288,0.03468,0.41901,0.74113,0.59978,0.00918,0.32997,0.01304,0.03165,0.03197,0.03239,0.01805,0.07099,0.01538,0.70786,0.01468,0.00024
0.00520,-0.00039,0.52762,0.04839,0.69249,0.61250,0.43981,0.01974,0.37796,0.62037,0.03044,0.04547,0.39885,0.01601,0.36856,0.66558,0.00936,0.39160,0.55516,0.70505,0.07327,0.54527,0.01323,0.06100,0.01374,0.00595,0.02075,0.04801,0.06261,0.68434,0.04320,0.03101
0.00815,0.01072,0.49067,0.05021,0.45938,0.59928,0.42672,0.01785,0.36936,0.71638,0.04389,0.05852,0.34264,0.03786,0.45117,0.56964,0.01882,0.50693,0.69286,0.76597,0.01832,0.29980,0.04676,0.03355,0.08160,0.02245,0.01628,0.00466,0.04231,0.31436,0.03694,0.04848
0.02221,0.05206,0.44632,0.05766,0.32198,0.26739,0.65970,0.01286,0.35110,0.49150,0.02923,0.02696,0.35258,0.02069,0.67341,0.38377,0.02801,0.54682,0.72770,0.26937,0.07158,0.65481,0.05237,0.01350,0.02860,0.04583,0.01507,0.02189,0.00121,0.41834,0.05879,0.04049
0.03722,0.05700,0.34263,0.04193,0.34047,0.72358,0.38519,0.01392,0.42468,0.70074,0.03517,0.05326,0.33692,-0.01642,0.23723,0.52813,0.03679,0.32261,0.31733,0.46457,0.04232,0.64800,0.01112,0.03268,0.03688,0.04168,0.05871,0.02381,0.03527,0.57783,0.02252,0.00976
0.00119,0.05566,0.51291,0.03919,0.36875,0.50674,0.53229,0.05664,0.59426,0.61543,0.01083,0.01056,0.57637,0.00529,0.72726,0.66468,0.02771,0.41081,0.63574,0.68744,0.02674,0.71476,0.05535,0.00671,0.01142,0.01085,0.04587,0.04767,0.00765,0.37762,0.05026,0.04815
0.03589,0.05145,0.50164,0.02537,0.41838,0.26091,0.32213,0.01862,0.41695,0.69562,0.01889,0.04121,0.65802,0.03262,0.60637,0.32411,0.03193,0.24971,0.28398,0.51517,0.02750,0.61042,-0.00390,0.06219,0.03151,0.04751,0.03690,0.04586,0.06166,0.55450,0.03895,0.01197
0.01117,0.03974,0.62563,0.04058,0.49146,0.53143,0.71947,0.05504,0.62137,0.65261,0.04701,0.05032,0.27561,0.06003,0.53943,0.30592,0.02678,0.52456,0.46189,0.55999,0.03044,0.26991,0.03012,0.05403,0.01910,0.05914,0.06058,0.04734,0.02036,0.50090,0.03157,0.02807
-0.00278,0.02604,0.60782,0.01644,0.68835,0.43187,0.57227,-0.00863,0.35039,0.41394,0.04949,0.00443,0.72914,0.02383,0.63049,0.39995,0.04068,0.44670,0.73856,0.27973,0.02163,0.29554,0.07506,0.07369,0.04010,0.04558,0.03232,0.02709,0.03025,0.57960,-0.00514,0.00625
0.00947,0.00384,0.56438,0.01526,0.38546,0.59920,0.57874,0.03484,0.49204,0.47759,0.03722,-0.01870,0.45277,0.03680,0.23860,0.45091,0.01628,0.46559,0.31189,0.29899,0.00045,0.74353,0.06198,0.01727,0.03997,0.00593,0.03484,0.05949,0.01894,0.59140,0.03982,0.03316
0.00516,0.00740,0.60602,0.04045,0.42852,0.65019,0.48028,0.06570,0.59553,0.33558,0.03838,0.04092,0.53810,0.01860,0.42549,0.27783,0.06904,0.33510,0.37142,0.48181,0.02159,0.67668,0.01920,0.07401,0.03919,0.00546,0.01475,0.03644,0.02241,0.74010,0.02392,0.02352
0.01839,0.03847,0.47819,0.03511,0.50550,0.44766,0.54810,-0.00649,0.37153,0.60092,0.08174,0.05306,0.56110,0.01394,0.35164,0.41869,0.03790,0.54925,0.26854,0.60844,0.03758,0.35111,0.02207,0.04222,-0.00215,0.05247,0.04708,0.07070,0.06951,0.68421,0.02584,0.00715
0.04538,0.03614,0.29715,0.03298,0.71576,0.63272,0.42276,0.05525,0.60513,0.35144,0.01970,-0.01499,0.60446,-0.00380,0.61274,0.46689,0.05090,0.58626,0.58451,0.36725,0.04384,0.69495,0.05091,0.03370,0.04323,0.00107,0.03798,0.04588,0.04654,0.72071,0.03389,0.02766
0.01980,0.02766,0.58095,0.04960,0.40270,0.27048,0.62184,0.05575,0.34986,0.40660,0.00803,0.00794,0.53832,0.05818,0.27097,0.65894,0.04227,0.43830,0.62435,0.53744,0.07175,0.51395,0.06359,0.02312,0.04711,0.03379,0.06142,-0.02150,0.02358,0.47038,0.02143,0.04462
0.02690,0.04910,0.29067,0.02507,0.49275,0.33264,0.60579,0.03898,0.58788,0.55176,0.02077,0.04864,0.30999,0.01600,0.59476,0.54814,0.06582,0.35018,0.48427,0.31218,0.00203,0.28706,0.03560,0.02151,0.08537,0.04503,0.03511,0.04471,0.04561,0.58865,0.01174,0.05455
0.02542,0.05098,0.36455,0.04974,0.50243,0.56655,0.38027,0.01822,0.33756,0.50510,0.03526,0.06196,0.43748,0.03037,0.43431,0.57600,-0.01293,0.50806,0.42302,0.47108,0.01242,0.33293,0.05245,0.05342,0.03863,0.02126,0.03301,0.01512,0.07777,0.33145,0.01404,0.01049
-0.00504,0.03469,0.60364,0.03625,0.57259,0.24857,0.40776,0.01551,0.66716,0.39002,0.04630,0.02847,0.54963,0.00300,0.59236,0.45761,0.02173,0.37496,0.42947,0.67632,0.05594,0.45970,0.02267,0.04452,0.04999,0.02385,0.03040,0.02551,0.04408,0.65211,0.01190,-0.00705
0.04591,0.01481,0.73674,0.01787,0.68130,0.62482,0.25427,0.01331,0.56984,0.40606,0.04806,0.02413,0.26067,-0.01931,0.38498,0.67460,0.01724,0.58258,0.59554,0.53582,0.02420,0.24927,0.00836,0.04308,0.02475,0.06618,0.00088,0.01763,0.04040,0.35456,-0.00583,0.01983
0.02440,0.01385,0.55712,0.02518,0.72003,0.62382,0.67342,-0.00348,0.75436,0.59507,0.05641,0.00835,0.60613,0.01387,0.61470,0.75009,0.01591,0.66194,0.26726,0.55057,0.01954,0.46329,0.02171,0.01102,0.05057,0.01327,0.03602,0.04783,-0.02018,0.41087,0.04407,0.06058
0.03318,0.03574,0.61773,0.01590,0.36506,0.40626,0.65199,0.02725,0.41061,0.29054,-0.01476,0.03264,0.32955,0.01498,0.57518,0.38552,0.06962,0.35553,0.78555,0.32755,0.03867,0.34509,0.04275,0.03780,0.03482,-0.02155,-0.00418,0.01332,0.07633,0.48277,0.04853,0.01513
0.02258,0.03200,0.57882,0.01111,0.62742,0.51005,0.42461,0.02658,0.54978,0.31170,0.02457,0.01643,0.24630,0.06244,0.55479,0.64490,0.00506,0.44115,0.27425,0.37805,0.01129,0.40411,0.02765,-0.00177,0.06209,0.02518,0.00021,0.04383,0.03146,0.69358,0.00656,0.01257
0.06490,0.06165,0.26371,0.00677,0.65190,0.39883,0.47912,0.04459,0.33320,0.34281,0.01957,0.01534,0.64009,0.07093,0.59875,0.57191,0.03027,0.72886,0.58420,0.52803,0.01789,0.54283,0.04179,0.02364,0.03821,0.06158,0.01319,0.00800,0.01302,0.32555,-0.03993,0.02309
0.00361,0.03679,0.27835,0.04868,0.32695,0.28945,0.61080,0.04238,0.72263,0.62378,0.05838,0.01933,0.45351,0.03268,0.72438,0.48333,0.05289,0.56430,0.42517,0.53068,0.05903,0.62075,0.03088,0.03191,0.06952,0.08149,0.00709,0.00444,0.05416,0.63555,-0.01941,0.06531
-0.00639,0.03728,0.65252,0.03233,0.68881,0.65532,0.32957,0.06426,0.40196,0.43555,0.01964,0.06035,0.64518,0.04898,0.38682,0.40652,0.02162,0.39342,0.67266,0.62691,0.00625,0.76443,0.03192,0.01547,0.07427,0.02304,0.02241,0.03538,0.01371,0.56150,0.05961,0.04294
0.01127,0.01779,0.31957,0.04138,0.52627,0.47563,0.26636,0.05647,0.71479,0.67612,0.00596,0.02820,0.59025,0.09200,0.65832,0.37815,0.02298,0.34521,0.30107,0.53640,0.05491,0.41886,0.03397,0.05131,0.01340,0.01910,0.04884,0.01489,0.03633,0.50488,0.04177,0.01889
0.01368,0.03674,0.29097,0.03116,0.27965,0.36249,0.57259,0.04942,0.52494,0.41936,0.04202,0.04252,0.29901,0.01252,0.63690,0.23660,0.03051,0.73368,0.65563,0.34145,0.02497,0.46343,0.01978,0.03668,-0.00042,0.07334,0.05345,0.02819,0.01068,0.45023,0.04228,0.03228
0.00952,0.04901,0.62793,0.04633,0.42981,0.29967,0.27246,0.03330,0.51365,0.27132,0.01003,0.00487,0.44487,0.05844,0.65081,0.28848,0.02440,0.39710,0.66689,0.31703,0.02853,0.60186,0.05610,0.02255,0.05149,0.01001,0.02040,0.05264,0.04105,0.36870,0.03497,-0.01141
0.00512,0.00726,0.56034,0.03593,0.47758,0.33498,0.29998,0.02209,0.46626,0.27082,0.04695,-0.00597,0.42702,0.05453,0.70427,0.66539,0.08291,0.49904,0.48441,0.70646,0.01523,0.37340,-0.00915,-0.03770,0.00995,0.02809,0.03232,0.02947,0.04835,0.44539,0.06374,0.04597
0.03940,0.03465,0.38519,0.03239,0.59701,0.61552,0.32703,0.00236,0.68397,0.33391,0.04486,0.02179,0.28542,0.04449,0.61905,0.37046,0.01632,0.27579,0.48322,0.30938,0.03920,0.51577,0.06175,-0.01117,0.03827,0.01822,-0.02151,0.02452,0.03359,0.42366,0.03923,0.05107
0.01341,0.03038,0.56132,0.05264,0.64910,0.48989,0.73348,0.04713,0.55149,0.66149,0.04582,0.02221,0.63706,0.03459,0.60882,0.66136,0.05044,0.41493,0.58022,0.37108,0.04422,0.28281,0.02026,0.05215,0.03142,0.03303,0.07673,0.02549,0.06381,0.35351,0.04112,0.03203
0.03014,-0.00133,0.68480,0.03489,0.38386,0.49216,0.64609,0.02186,0.46245,0.42797,0.02485,0.05505,0.65659,0.01983,0.57886,0.54759,-0.01015,0.47249,0.43616,0.33272,0.01404,0.33011,0.00775,0.03896,0.05484,0.05289,0.01724,0.04042,0.02829,0.52821,0.06174,0.04223
0.00961,0.02859,0.60973,0.03991,0.56838,0.46001,0.57691,0.00544,0.45136,0.61121,0.01259,0.02763,0.56347,0.02792,0.71078,0.51608,-0.01751,0.33690,0.38592,0.55081,0.06170,0.55858,0.02316,0.03607,0.02388,0.02519,0.03144,0.02078,0.05020,0.35247,-0.01559,0.04767
0.04095,0.03369,0.31307,0.03913,0.70138,0.75134,0.70792,0.03509,0.44690,0.51103,-0.00002,0.06442,0.35283,0.01993,0.27471,0.28291,0.05561,0.27819,0.40616,0.44240,0.05230,0.67473,0.04479,0.02241,0.04865,0.01474,0.02954,0.02362,0.00623,0.58546,0.02654,0.02392
0.02913,0.05766,0.30845,0.02185,0.36126,0.28736,0.44243,-0.02084,0.59194,0.43965,0.02797,0.00824,0.48802,0.01141,0.72977,0.74492,0.05884,0.66129,0.28776,0.27489,0.03647,0.56349,0.06781,0.05759,0.00690,0.02674,0.00587,0.02623,0.03193,0.58511,0.03017,0.00841
-0.01051,0.02785,0.71880,0.05391,0.46048,0.37338,0.34128,0.05245,0.46169,0.36935,0.02295,0.00509,0.62203,0.03731,0.34327,0.64351,0.01787,0.50085,0.62983,0.29316,0.02000,0.39235,0.01293,0.03904,0.05661,0.02306,0.01400,0.06770,0.01228,0.51801,0.04339,0.01615
-0.00165,0.02550,0.30789,0.00903,0.28063,0.46842,0.67880,0.02381,0.69623,0.66050,-0.00353,0.03129,0.40950,0.02192,0.64402,0.36562,0.02830,0.40949,0.25631,0.39444,0.03441,0.25165,0.02783,0.04170,0.04042,0.04812,0.01582,0.00597,0.04221,0.44873,0.06511,0.06842
0.03845,0.01032,0.58053,0.02104,0.61561,0.48376,0.60795,-0.01006,0.50300,0.44294,0.03939,0.02830,0.54545,0.03565,0.41326,0.58106,0.01553,0.39100,0.67481,0.69247,0.04044,0.32458,-0.00043,0.03329,0.07823,0.05106,0.00693,0.03748,0.02336,0.67791,-0.01238,0.05990
0.04942,0.04359,0.50113,0.00460,0.52190,0.42340,0.33225,0.02909,0.58794,0.70512,0.03221,0.04190,0.43542,0.00400,0.67329,0.67605,0.03361,0.30601,0.67437,0.43243,0.00136,0.60303,0.05170,0.03329,0.03137,0.04865,0.03792,0.01330,0.06487,0.75714,0.03576,0.04321
0.03716,0.01473,0.62702,-0.00225,0.50870,0.74971,0.69142,0.06954,0.51018,0.68674,0.04160,0.02706,0.48412,0.06757,0.59863,0.58631,0.02351,0.42793,0.55957,0.64566,0.04202,0.69779,0.04268,0.00015,0.02146,0.02278,0.02814,0.06756,0.05651,0.56450,0.02443,0.01556
0.06502,0.01446,0.75526,0.00249,0.46578,0.38511,0.52532,0.02884,0.69158,0.59209,0.04460,0.03108,0.50079,0.05531,0.49862,0.38086,0.04079,0.67931,0.28089,0.57271,0.02528,0.46677,0.04224,0.03220,0.04465,0.07810,0.01189,0.04863,0.05504,0.69654,0.01469,0.02826
0.06467,0.01623,0.66675,0.00876,0.49084,0.39873,0.74443,0.07058,0.37831,0.27800,0.02861,0.04185,0.41300,0.01563,0.59620,0.74695,0.05274,0.46590,0.27694,0.46097,0.01014,0.52678,-0.00237,0.02969,-0.00318,0.06120,0.03003,0.02259,0.01850,0.65571,0.05346,0.05881
0.02407,0.04939,0.33732,0.06776,0.62886,0.50142,0.71111,0.06875,0.30319,0.58282,0.01422,0.05199,0.36414,0.06562,0.49217,0.32817,0.06565,0.61918,0.61918,0.39888,0.01629,0.55599,0.02807,0.04891,0.03776,0.00074,0.00523,0.02254,0.01940,0.54966,0.04286,0.06362
0.04034,0.02163,0.62790,0.02898,0.73687,0.67690,0.33576,0.00429,0.42240,0.52696,0.04005,0.02934,0.55084,0.05384,0.26183,0.48103,0.03478,0.65996,0.66154,0.65315,0.04835,0.45893,-0.00840,0.02305,0.05603,0.05798,0.00151,0.05043,0.02808,0.46016,0.02073,0.01644
0.00906,0.03668,0.27264,0.05083,0.46229,0.69042,0.53005,0.02597,0.25716,0.46147,0.00860,0.06895,0.63120,0.06552,0.44583,0.64428,-0.01392,0.64630,0.37131,0.72057,0.01290,0.43796,0.01825,0.04544,0.05958,0.00077,0.03027,0.00698,0.07387,0.33819,0.05975,0.03379
0.05066,0.02638,0.30634,0.02705,0.36274,0.61181,0.70835,0.01675,0.59885,0.41437,0.00133,-0.00135,0.52868,0.03725,0.47902,0.67223,0.03687,0.33357,0.66943,0.69405,0.07070,0.46648,0.02887,0.06059,0.01935,0.03981,0.00987,0.05514,0.04737,0.24391,0.07949,0.01506
0.02041,0.03935,0.48706,0.02358,0.35582,0.39407,0.48509,0.04672,0.51836,0.36106,0.05642,0.02932,0.51443,-0.02528,0.70723,0.35305,0.06084,0.25022,0.59243,0.49818,0.00790,0.41693,0.07619,0.06087,-0.00086,0.04834,0.02335,0.00974,0.03567,0.50019,-0.00402,0.06656
0.03281,0.04258,0.35153,0.03494,0.61498,0.56888,0.41276,0.05150,0.31193,0.67286,0.00964,0.00842,0.72648,0.04801,0.30566,0.25985,0.02953,0.41974,0.42241,0.48868,0.04563,0.50886,-0.00914,-0.00395,0.04484,-0.00083,0.01727,0.02007,0.02187,0.56167,0.05411,0.02944
0.04302,0.00308,0.40121,0.03821,0.75590,0.50374,0.38639,0.02447,0.63859,0.69226,0.02497,0.02533,0.38858,0.06248,0.72422,0.39525,0.09313,0.60226,0.35438,0.51456,0.00640,0.60817,0.00473,0.01798,0.07380,0.02523,0.02349,0.02043,0.04095,0.47805,0.05068,0.02143
0.05195,0.04184,0.51065,0.04158,0.65677,0.21221,0.26657,0.01132,0.54497,0.32161,0.02497,0.04899,0.28821,0.02056,0.39210,0.52356,0.03186,0.33167,0.40997,0.50100,-0.01941,0.56937,0.05321,0.03772,0.01705,0.05109,0.01530,0.05428,0.02571,0.51952,0.02769,-0.00047
-0.01288,0.06461,0.39220,0.02121,0.65579,0.54185,0.30627,0.01017,0.60935,0.38556,0.03239,0.01652,0.29667,0.00839,0.35633,0.56127,0.08833,0.62607,0.46348,0.34494,0.02253,0.35883,0.04257,-0.04139,0.03428,0.02379,0.03135,0.04547,0.01670,0.67829,0.02542,0.01323
0.02837,0.08106,0.46320,0.04990,0.67845,0.57110,0.58075,0.03428,0.39265,0.46273,0.06116,0.00507,0.62447,0.01249,0.59962,0.47179,0.03070,0.75709,0.33890,0.71618,0.02081,0.53289,0.00747,0.00837,0.03020,0.07414,0.04194,0.00906,0.06768,0.47843,0.00619,0.00550
0.01744,0.04013,0.39775,0.03571,0.67596,0.69013,0.42168,0.03014,0.69888,0.57935,0.04638,0.05947,0.66142,0.01153,0.29696,0.67912,0.02054,0.28900,0.50713,0.58696,0.01893,0.54102,0.01177,0.01584,0.05646,0.03026,0.04268,-0.01326,0.01615,0.62064,0.01598,0.00552
0.02639,0.06819,0.47539,0.06898,0.53666,0.33458,0.76475,0.00114,0.52002,0.40872,0.06147,0.05287,0.44267,0.05178,0.74834,0.35631,0.05210,0.56209,0.37031,0.24494,0.01205,0.50266,0.00629,0.02241,-0.00949,0.09358,0.01767,0.07789,0.02586,0.48820,0.07011,0.02133
0.00290,0.06274,0.51131,0.02780,0.30882,0.67602,0.54622,0.03816,0.41617,0.36236,0.03807,0.03648,0.33082,0.00206,0.71556,0.35389,0.00875,0.29335,0.62120,0.45540,0.05020,0.48866,0.05063,0.02171,0.02384,0.00897,0.01503,0.04484,0.05021,0.60966,0.03017,0.06776
0.04086,0.04584,0.40046,0.06758,0.63724,0.41599,0.69112,0.04233,0.47326,0.42138,0.04487,-0.00596,0.59453,0.03360,0.49394,0.62780,0.03071,0.70088,0.40626,0.39578,0.03262,0.68791,0.03857,0.02014,0.05722,-0.00731,0.04558,0.02960,-0.01268,0.33407,0.04876,0.01224
-0.00234,0.01171,0.36377,0.02451,0.68673,0.41101,0.43224,0.05585,0.53479,0.45783,0.01230,0.03383,0.32385,0.00526,0.53838,0.69938,-0.02843,0.50576,0.35564,0.44133,0.02461,0.43940,0.01575,0.05080,-0.00377,0.03489,0.04293,0.00976,0.05823,0.39498,0.02613,0.02657
0.00635,0.01933,0.52706,0.03347,0.28689,0.24524,0.52557,0.01765,0.56582,0.55643,0.00659,0.01516,0.40357,0.07586,0.50958,0.45010,0.02217,0.59928,0.44748,0.44550,0.00688,0.29500,-0.00434,0.01640,0.03444,0.00444,0.04774,-0.00150,0.02321,0.67548,0.01945,0.01384
0.00546,0.07870,0.53197,0.02616,0.48617,0.67059,0.50338,0.01743,0.71615,0.51966,-0.01833,0.02392,0.43329,0.02940,0.28188,0.34702,0.07746,0.58995,0.27950,0.56935,0.08358,0.28658,-0.00392,0.04451,0.03870,-0.01898,0.00098,0.06677,0.03996,0.35762,0.06049,0.04280
0.03005,0.05538,0.58799,0.03822,0.60633,0.30592,0.72237,0.08002,0.40209,0.61157,-0.00208,0.00920,0.61796,0.04380,0.59938,0.37535,0.03522,0.62404,0.57739,0.73240,-0.00476,0.44088,0.01387,0.04038,0.02770,0.00028,0.03859,0.02406,0.05103,0.62883,0.04206,0.03215
0.01436,-0.00187,0.65403,0.01384,0.44035,0.43435,0.28054,0.04484,0.27824,0.63318,0.04047,0.01076,0.40403,0.03962,0.71012,0.52422,0.05030,0.42023,0.31177,0.57011,0.00052,0.49957,-0.00263,0.04225,-0.00927,0.05387,0.00901,0.00287,0.03320,0.39364,0.05494,-0.00932
0.00125,0.03727,0.46320,0.04797,0.66941,0.47221,0.42305,0.05577,0.36433,0.71266,0.02933,0.03976,0.54634,0.05750,0.36468,0.71279,0.04382,0.68428,0.60721,0.23529,0.08383,0.53646,0.00617,0.03005,0.06981,0.00707,0.02967,0.04959,0.01594,0.25581,0.03915,0.04147
0.01107,0.02991,0.40291,0.01473,0.41599,0.24633,0.51026,-0.00476,0.36963,0.58666,0.06502,0.01866,0.40789,-0.00655,0.45261,0.36545,0.04369,0.73769,0.72885,0.43693,0.04417,0.32697,0.04096,0.03150,0.05045,0.04203,0.03262,-0.00070,0.02578,0.56368,0.03664,0.04494
0.02938,0.02103,0.45937,-0.00516,0.38918,0.67649,0.32030,0.03496,0.53173,0.71139,0.01863,0.02521,0.58890,0.04690,0.47987,0.47187,0.00648,0.79617,0.42015,0.52894,0.05606,0.32755,0.00125,0.02187,0.02829,0.03525,0.01494,0.03148,0.03969,0.43585,0.05634,0.02918
-0.01962,0.01706,0.67663,0.02627,0.68944,0.26521,0.36082,0.01694,0.60547,0.67453,0.05639,0.02750,0.46039,0.01967,0.66049,0.57309,0.03127,0.29293,0.70135,0.30014,0.02306,0.42174,0.05044,-0.01157,0.02866,0.02241,0.04591,0.01613,0.03357,0.57880,0.03032,0.00341
0.03175,0.04639,0.66814,0.01254,0.68396,0.45491,0.58599,0.02020,0.68263,0.67503,0.00343,0.00980,0.36357,0.06416,0.62848,0.28016,0.01873,0.46478,0.55514,0.47984,0.03646,0.29422,0.05965,0.00478,0.04698,0.03257,0.04655,-0.00133,0.05370,0.34441,0.06003,0.03898
0.01746,0.05244,0.35582,0.02546,0.55453,0.74512,0.58680,0.02954,0.55088,0.58075,0.03080,0.02235,0.56345,0.02880,0.73493,0.67804,0.04407,0.64342,0.28616,0.37888,0.01879,0.30858,0.03182,0.04347,0.02905,0.01244,0.05146,0.06154,0.07004,0.69946,0.00745,0.00483
0.07502,0.04204,0.51260,0.01078,0.35678,0.41626,0.68230,0.02241,0.38673,0.34690,0.04757,0.02700,0.52541,0.05606,0.57561,0.59684,-0.00199,0.67441,0.71213,0.39523,0.04114,0.40168,0.03569,0.05283,0.02142,0.04216,0.00045,-0.01129,0.07305,0.69945,0.02618,0.05808
0.07784,0.01964,0.39799,-0.00039,0.40466,0.55859,0.56842,0.03391,0.67779,0.43621,0.03998,-0.01373,0.68270,0.05387,0.58720,0.30710,0.02107,0.56603,0.53526,0.62990,0.04189,0.45994,0.02550,0.02978,0.01413,-0.00753,0.01570,0.05788,0.06001,0.28863,0.00380,0.02879
0.00552,-0.01140,0.49206,0.06348,0.72934,0.27499,0.64786,0.05287,0.39584,0.61380,0.05706,0.01347,0.40420,0.01730,0.51782,0.27651,0.06378,0.37874,0.68703,0.38966,0.00983,0.43068,0.03154,0.06180,0.07145,0.01928,0.03712,0.01062,0.06658,0.42813,0.01333,0.03627
0.01776,0.02515,0.39013,0.00241,0.43638,0.26294,0.48042,0.03915,0.64617,0.69453,0.00447,0.04452,0.39793,0.01319,0.45287,0.64403,0.02432,0.39943,0.31039,0.26863,0.04965,0.70316,0.07304,0.02344,0.02146,0.04426,0.01870,0.02691,0.05227,0.55888,0.03053,0.00821
0.06432,0.02957,0.55584,0.02749,0.30423,0.44083,0.62183,0.01016,0.41689,0.28750,0.02513,0.02559,0.50591,0.02628,0.75015,0.39837,0.03167,0.71232,0.66573,0.58706,0.00372,0.33875,-0.01556,0.06720,-0.01427,0.08487,0.03849,0.02735,0.03012,0.35875,0.05235,0.03791
0.03545,-0.02819,0.62368,0.03610,0.54777,0.61833,0.38934,0.00788,0.31215,0.58764,0.04420,0.02627,0.48183,0.05054,0.43484,0.31898,0.01544,0.65804,0.46238,0.58545,0.05112,0.41092,0.05416,0.05214,0.05744,0.01381,-0.03233,0.07109,0.02338,0.56845,0.05481,0.03771
0.00003,0.00600,0.68451,0.06404,0.51749,0.27447,0.29361,0.01873,0.32446,0.51302,0.03795,0.00573,0.33397,0.02068,0.52765,0.36998,0.01729,0.67171,0.61685,0.42267,0.07547,0.40033,0.02952,0.00786,0.03587,0.05586,0.02362,0.00360,0.01650,0.66799,0.03122,0.03290
0.01020,0.00987,0.31584,0.04680,0.31883,0.58161,0.73973,0.03315,0.66779,0.69177,-0.00016,0.02520,0.57333,0.02072,0.38926,0.61309,0.02952,0.29529,0.49140,0.66762,0.01861,0.45663,0.02209,0.06507,0.03757,0.00979,0.03065,0.04579,0.00808,0.47485,0.04420,0.01657
0.02533,0.00083,0.52717,0.04178,0.62439,0.35614,0.63308,0.02029,0.55115,0.62284,0.04708,0.02613,0.49316,0.01225,0.53045,0.64386,0.03675,0.27293,0.67678,0.55568,0.05141,0.57235,0.00037,0.02856,0.04074,0.02983,0.03161,0.00999,0.02469,0.62800,0.03577,0.02273
0.01284,0.01393,0.73601,0.01215,0.42049,0.63456,0.63693,0.07146,0.56277,0.61032,0.03333,0.01956,0.44142,0.03368,0.70644,0.47243,0.00316,0.74725,0.78962,0.36509,0.04065,0.67734,0.05960,0.02578,0.03977,0.06196,0.02677,0.03774,0.05673,0.27454,0.07670,0.06669
0.03055,0.03413,0.46953,0.00246,0.38903,0.74912,0.29219,0.06510,0.74512,0.68407,0.04097,0.02943,0.64664,0.03195,0.60288,0.67597,0.05046,0.69548,0.41385,0.70653,0.00295,0.41214,0.04187,0.01662,0.03716,0.04875,0.05090,0.02192,0.01753,0.39381,0.07316,0.02796
0.04161,0.00405,0.26830,0.05065,0.35404,0.36751,0.46799,0.00446,0.39344,0.47080,0.02567,0.03884,0.37944,0.01260,0.74817,0.56301,0.00537,0.52299,0.50029,0.62606,0.03410,0.36579,0.01830,0.03941,0.01847,0.01573,0.01184,0.03299,0.02454,0.49418,0.02363,0.03264
-0.00039,0.08483,0.24952,0.07193,0.32784,0.63625,0.49508,0.04289,0.64958,0.63484,-0.00102,0.01654,0.39516,0.05902,0.35727,0.64715,0.00676,0.67706,0.54435,0.40430,0.00958,0.55363,0.04483,0.08840,-0.00501,0.00709,0.02255,0.02182,0.01975,0.50064,0.00340,0.02198
-0.01444,0.04521,0.39867,0.04763,0.73559,0.56294,0.60508,0.03656,0.64480,0.69449,0.04183,0.03154,0.72626,0.03074,0.22985,0.45060,0.04061,0.67779,0.63139,0.29533,0.03097,0.36332,0.05188,0.01501,0.03527,0.01209,0.05783,0.04723,0.07537,0.64231,0.02927,0.01154
0.03731,0.02697,0.27922,0.04956,0.41687,0.71295,0.61989,0.05915,0.27029,0.41320,0.02635,0.03185,0.22441,0.04729,0.41737,0.70515,0.05541,0.26367,0.50183,0.56873,0.03200,0.27436,-0.00210,0.00801,0.00624,0.02000,0.01930,0.02070,0.03753,0.58776,0.02783,0.04903
