emg0,imu1_ax,imu1_ay,imu1_az,imu1_gx,imu1_gy,imu1_gz,imu2_ax,imu2_ay,imu2_az,imu2_gx,imu2_gy,imu2_gz
0.07701,1.47302,0.01325,9.70706,-0.03632,-0.00042,-0.01110,-4.24902,0.01002,8.79195,-0.02157,0.01673,0.02849
0.03259,1.47022,0.01450,9.68532,0.15483,-0.01883,0.01720,-4.26973,0.01159,8.82663,0.19468,0.00346,0.01607
0.00086,1.46698,0.00430,9.71215,0.18291,0.01143,-0.00427,-4.29305,-0.00317,8.80984,0.15025,-0.02193,0.02173
0.01485,1.46072,-0.01587,9.71063,0.20678,0.02931,-0.00221,-4.25594,0.00684,8.79653,0.18488,-0.01187,-0.00309
0.02872,1.46797,0.00612,9.69578,0.19773,-0.02656,0.03823,-4.25401,0.02877,8.81475,0.19295,-0.01395,-0.01337
0.00160,1.44882,-0.00260,9.70393,0.16706,0.00590,0.00776,-4.24167,0.00448,8.83042,0.16384,-0.03633,-0.03677
0.00612,1.46504,0.02676,9.65716,0.22663,-0.01851,-0.00364,-4.26187,0.01053,8.81149,0.20219,-0.01283,-0.04561
0.02836,1.45492,0.01715,9.69702,0.18966,0.01709,0.03232,-4.26720,0.01475,8.81103,0.19213,0.03199,0.02136
0.03410,1.46887,0.01101,9.69488,0.18348,-0.00672,0.02304,-4.24939,0.00721,8.80962,0.19547,-0.02616,-0.03837
0.03953,1.46450,0.00659,9.72775,0.17810,0.01706,-0.02414,-4.26419,0.01590,8.81405,0.21352,-0.00192,0.03531
0.02211,1.47031,0.03891,9.71154,0.18068,-0.00973,-0.00901,-4.24632,0.01201,8.80955,0.17876,0.01686,0.03618
0.06124,1.47526,0.00876,9.69182,0.17867,-0.02650,-0.03204,-4.25309,0.01136,8.82771,0.21534,-0.01126,0.01009
0.01947,1.46452,0.01366,9.70485,0.19130,0.00121,-0.00862,-4.26874,0.03763,8.87734,0.16768,0.02663,0.00934
0.01310,1.47434,0.03213,9.66825,0.17269,0.00433,0.02436,-4.27857,0.01924,8.80229,0.16141,0.01005,0.01176
0.06277,1.46500,0.01327,9.70866,0.16360,0.01270,0.01557,-4.26374,0.02748,8.87005,0.15971,-0.01739,-0.00297
0.01908,1.45111,0.01666,9.74044,0.18812,-0.00210,-0.00933,-4.26337,0.04050,8.84776,0.17723,0.00594,-0.00071
0.01428,1.46445,0.01993,9.73251,0.20041,0.00165,0.01344,-4.27149,0.02484,8.84393,0.19490,0.00638,-0.00210
0.02541,1.46541,0.03340,9.68129,0.18017,0.03096,0.01298,-4.28893,0.03048,8.83280,0.15408,0.01082,0.01106
0.03168,1.45188,0.00895,9.68531,0.18333,-0.03979,-0.02459,-4.26400,0.03331,8.83799,0.18533,0.02392,0.03517
0.03915,1.44989,0.01913,9.66583,0.15384,-0.02654,-0.00788,-4.28456,0.02732,8.83368,0.24288,-0.02203,0.01690
0.04596,1.46183,0.02850,9.73882,0.20387,0.00980,-0.00122,-4.25836,0.03070,8.82515,0.16429,-0.02098,-0.00298
0.02934,1.45661,0.03971,9.69336,0.16995,-0.00633,-0.01750,-4.26335,0.03670,8.83039,0.18196,0.01231,-0.02158
0.04296,1.45961,0.03617,9.71867,0.18586,-0.01003,-0.01545,-4.26773,0.03427,8.83818,0.18215,0.00058,-0.02410
0.00785,1.47407,0.05132,9.68876,0.18240,-0.00522,0.01872,-4.28117,0.05245,8.84057,0.15644,-0.02002,-0.00746
0.06349,1.47144,0.04375,9.70314,0.19282,-0.01670,-0.01688,-4.26262,0.04032,8.81508,0.20878,-0.01628,0.00349
0.00775,1.46918,0.06285,9.70138,0.18392,0.02685,0.02890,-4.27923,0.05472,8.85816,0.16388,0.00778,-0.01012
0.02552,1.46281,0.04036,9.71065,0.17726,-0.00907,0.02908,-4.26191,0.04061,8.82274,0.19327,0.01144,-0.01407
0.08840,1.44741,0.05837,9.69190,0.16719,-0.02764,0.01976,-4.27454,0.03846,8.84320,0.19603,-0.00233,-0.00888
0.04948,1.46395,0.06308,9.69305,0.16875,-0.00212,0.03144,-4.26079,0.04834,8.83281,0.16467,0.00383,-0.02503
0.06389,1.48014,0.06769,9.71223,0.21228,0.02024,-0.00775,-4.26664,0.04667,8.84022,0.16787,0.02048,-0.00074
0.04168,1.48167,0.06922,9.71460,0.19426,-0.00321,-0.01418,-4.26831,0.05065,8.81046,0.19100,0.01825,-0.01676
0.02713,1.47812,0.06046,9.72771,0.18379,-0.01063,0.01153,-4.27559,0.05085,8.85147,0.20634,0.00018,-0.02367
0.01973,1.47873,0.06146,9.69775,0.17894,-0.01892,-0.00654,-4.25802,0.04804,8.81837,0.19653,0.01050,0.00709
0.03668,1.47494,0.07335,9.66723,0.19957,-0.02453,-0.02157,-4.25203,0.05278,8.80653,0.16315,0.01850,0.01092
0.03953,1.45856,0.05830,9.72723,0.18733,-0.02316,0.03947,-4.26316,0.04742,8.82658,0.19221,0.00681,-0.03126
0.03966,1.48396,0.07121,9.68413,0.17615,0.00011,0.00584,-4.27377,0.07076,8.86000,0.19413,0.00384,-0.01392
0.02539,1.46588,0.06068,9.68947,0.21224,-0.03373,0.03940,-4.26555,0.07143,8.80651,0.18698,-0.02401,-0.00436
0.00961,1.46104,0.08877,9.70972,0.17306,0.00719,0.01352,-4.24539,0.04914,8.83163,0.20951,0.00630,-0.01221
0.02628,1.46881,0.06388,9.69117,0.18130,-0.02434,0.03031,-4.26552,0.06390,8.79727,0.18125,-0.01299,-0.00930
0.02231,1.45128,0.07108,9.72252,0.16526,0.00861,-0.02444,-4.27887,0.07092,8.82159,0.18738,0.02320,-0.02001
0.03419,1.46562,0.06843,9.69450,0.17256,0.00207,-0.01033,-4.26531,0.06465,8.83694,0.21577,0.01724,-0.02707
0.00723,1.46586,0.08285,9.73072,0.16713,-0.01593,-0.02155,-4.26319,0.07451,8.82463,0.18457,0.05745,-0.00881
0.01484,1.46599,0.08657,9.65574,0.13611,-0.02326,-0.02391,-4.26830,0.08243,8.84113,0.19920,-0.00556,0.02666
0.04084,1.46861,0.09941,9.73005,0.19156,-0.01609,0.01402,-4.25051,0.08606,8.80488,0.18702,-0.01211,-0.02251
0.01944,1.46717,0.08461,9.70010,0.18298,0.01853,0.00479,-4.27491,0.07961,8.82581,0.14501,-0.01503,-0.01685
-0.00560,1.46288,0.08206,9.67871,0.19071,0.00027,-0.03939,-4.27116,0.06980,8.81845,0.22579,-0.03206,-0.01998
0.05169,1.46743,0.08436,9.69583,0.19881,-0.01750,0.00793,-4.25825,0.08618,8.78913,0.21389,-0.00784,-0.00727
0.01860,1.46199,0.07599,9.72874,0.18330,-0.00776,0.00413,-4.25262,0.07943,8.84761,0.17994,0.00745,0.00450
0.05448,1.46568,0.08410,9.73503,0.17952,-0.00238,-0.03409,-4.28187,0.06547,8.81432,0.16453,0.00464,0.03429
0.04106,1.45459,0.09495,9.69641,0.19901,-0.02529,-0.00554,-4.27126,0.07749,8.80557,0.16658,-0.02454,-0.00435
0.00356,1.46420,0.10044,9.71603,0.17657,-0.02606,0.00153,-4.27082,0.10093,8.83989,0.17128,0.00822,0.01444
0.02033,1.47928,0.09520,9.73295,0.22260,0.02774,0.03057,-4.26618,0.07552,8.84947,0.16548,-0.03335,-0.01761
0.07555,1.46853,0.09403,9.69867,0.22842,-0.01481,-0.00742,-4.26299,0.09654,8.84279,0.17949,0.01492,0.02143
0.02282,1.46192,0.08254,9.71022,0.20119,-0.02805,-0.02096,-4.25473,0.09676,8.84581,0.16658,-0.00519,0.02690
0.05266,1.46205,0.10115,9.70923,0.20529,-0.00632,-0.01862,-4.27273,0.09764,8.79462,0.20180,-0.00811,-0.00183
0.00332,1.47009,0.09227,9.69307,0.21060,0.00892,-0.01509,-4.26605,0.08645,8.83912,0.17924,0.01071,-0.01585
0.03897,1.46414,0.10201,9.69210,0.15164,0.02694,0.01651,-4.27313,0.10378,8.82612,0.19099,0.01050,0.01297
0.00190,1.47265,0.11514,9.68422,0.21657,0.00047,-0.00196,-4.25674,0.10131,8.86757,0.17596,0.01253,0.02787
0.03717,1.47139,0.09732,9.70887,0.22995,-0.01831,0.00537,-4.27630,0.09309,8.83367,0.17307,0.02067,-0.01564
-0.02844,1.44177,0.09563,9.66961,0.16372,0.00725,-0.00632,-4.26529,0.09433,8.83606,0.19593,0.02408,-0.02258
0.03634,1.44976,0.12194,9.70775,0.18997,0.00491,0.01914,-4.26244,0.09920,8.83599,0.20320,-0.00411,-0.01814
-0.03904,1.44846,0.11104,9.68272,0.18162,-0.00975,0.03517,-4.25881,0.11156,8.80651,0.19366,-0.03589,-0.01775
0.03781,1.47166,0.12974,9.68999,0.16056,0.01681,0.03435,-4.27150,0.09771,8.83177,0.15268,0.00585,0.00310
0.03435,1.46540,0.11137,9.69886,0.19444,-0.01533,0.02060,-4.27245,0.10033,8.84193,0.20888,-0.01540,0.05089
0.03560,1.45535,0.09657,9.69293,0.19039,0.04045,0.01427,-4.25701,0.09991,8.84167,0.18294,-0.00159,-0.01185
0.03708,1.49951,0.11664,9.73493,0.15909,-0.02517,-0.00053,-4.25844,0.10643,8.83898,0.23298,0.00835,-0.02696
0.03145,1.46902,0.12925,9.70439,0.16791,0.00728,-0.00107,-4.26385,0.10099,8.85412,0.17691,0.01523,-0.01084
0.02867,1.47206,0.11048,9.68165,0.18376,0.00094,-0.00948,-4.28251,0.11217,8.82908,0.15893,-0.03395,-0.02469
0.02595,1.46828,0.12859,9.65219,0.23682,0.03285,0.01772,-4.26594,0.10653,8.87856,0.18556,-0.00606,-0.00355
0.00411,1.46401,0.11669,9.70277,0.22502,0.02821,-0.01281,-4.26160,0.11797,8.84095,0.18835,0.01417,0.01612
0.03145,1.45356,0.13037,9.69395,0.19969,0.01741,0.01715,-4.28773,0.12078,8.83723,0.19535,0.03110,0.01676
0.08149,1.45740,0.11719,9.69726,0.21660,-0.00377,-0.00344,-4.27208,0.14264,8.79860,0.18995,-0.01096,-0.03700
-0.01498,1.45874,0.12814,9.67316,0.18512,0.00356,0.00406,-4.25046,0.12112,8.83370,0.14906,0.03137,-0.03811
0.00147,1.48125,0.13459,9.69756,0.18756,-0.02727,0.03843,-4.25938,0.11418,8.80160,0.18704,0.00047,-0.00728
0.00062,1.45030,0.16457,9.68203,0.17395,0.02364,0.03946,-4.28294,0.11246,8.85867,0.18907,0.01934,-0.01027
0.02123,1.46915,0.13858,9.72417,0.18243,-0.02540,-0.01347,-4.27548,0.13116,8.86449,0.16910,0.02346,0.00908
0.03057,1.46641,0.13640,9.68484,0.17266,0.00208,-0.01348,-4.28139,0.14068,8.82451,0.17335,-0.00706,-0.04487
0.00119,1.46610,0.14146,9.67940,0.18940,0.00676,-0.00955,-4.27032,0.13434,8.80725,0.16044,0.01240,0.00611
0.02501,1.48738,0.14447,9.70744,0.17587,-0.00296,0.01192,-4.26460,0.14453,8.82226,0.20912,0.02848,-0.01397
0.05391,1.46578,0.14184,9.73991,0.19878,-0.02650,0.01419,-4.26767,0.13231,8.83465,0.16341,0.02046,-0.01236
0.04735,1.48357,0.15469,9.70927,0.19029,0.01063,0.01461,-4.27059,0.12220,8.78710,0.20785,-0.01021,0.00177
-0.03478,1.47687,0.14679,9.72349,0.15722,0.02286,0.01405,-4.27574,0.12898,8.83541,0.19361,0.01419,-0.00429
0.06153,1.45395,0.15399,9.69137,0.17164,0.01768,0.01966,-4.26179,0.13429,8.83335,0.18748,-0.00053,-0.00821
0.02829,1.47429,0.16514,9.68666,0.18428,-0.04566,0.02098,-4.25254,0.14851,8.83043,0.17614,-0.02639,0.03512
-0.00488,1.46293,0.15091,9.66862,0.16869,-0.00854,0.00338,-4.27872,0.14211,8.85099,0.18039,-0.00256,-0.01472
0.02834,1.46185,0.14484,9.69606,0.17970,-0.00566,-0.00208,-4.23732,0.15118,8.82441,0.20065,-0.03548,-0.00792
0.03846,1.47829,0.14021,9.73229,0.16185,-0.00141,0.02909,-4.27769,0.13895,8.88258,0.18575,0.00615,0.01979
0.03367,1.46614,0.15303,9.72242,0.19664,-0.01860,-0.01641,-4.28050,0.13125,8.83614,0.21743,0.00853,0.01263
0.00721,1.46663,0.16208,9.70883,0.18810,-0.02440,0.01615,-4.26036,0.15549,8.82673,0.17763,-0.00793,0.01038
0.03449,1.46869,0.16286,9.70017,0.19443,0.02848,-0.01188,-4.26599,0.15331,8.82730,0.16523,0.00616,-0.00842
0.04253,1.48188,0.18119,9.70737,0.19424,0.00649,-0.00318,-4.26434,0.14962,8.84536,0.17277,-0.03400,-0.01985
0.05136,1.47120,0.15654,9.67175,0.22219,0.02045,0.01408,-4.26442,0.15426,8.84385,0.18990,-0.01691,-0.01200
0.02857,1.45084,0.15854,9.70208,0.15730,-0.02494,0.01798,-4.25302,0.14815,8.83011,0.19161,-0.01527,0.01801
0.01208,1.47502,0.17397,9.71193,0.21023,0.00428,-0.01278,-4.25852,0.16258,8.81291,0.18805,-0.01795,-0.00674
0.06395,1.44767,0.15554,9.70654,0.20339,-0.01244,-0.01413,-4.28896,0.16676,8.84408,0.17329,0.01174,-0.00540
0.05343,1.46555,0.18819,9.67848,0.19587,0.03015,-0.00387,-4.27213,0.15413,8.83526,0.20867,0.02883,0.00155
0.01622,1.46750,0.17803,9.70765,0.19553,-0.00675,-0.00318,-4.26160,0.16189,8.85206,0.21257,0.02856,-0.01617
0.06013,1.46539,0.18293,9.68145,0.15298,-0.03264,-0.03761,-4.27841,0.15894,8.88075,0.18394,-0.02425,-0.02212
0.05181,1.47191,0.17211,9.73257,0.21150,0.01374,-0.00642,-4.27415,0.16582,8.84922,0.18885,0.01070,0.05887
0.03053,1.47233,0.17984,9.69358,0.19328,-0.01400,-0.00282,-4.26747,0.17143,8.84635,0.15476,0.00046,0.00808
0.05425,1.45599,0.17468,9.70893,0.18438,-0.01885,-0.03157,-4.26368,0.17752,8.81886,0.18604,0.01780,-0.02547
0.04950,1.46831,0.17698,9.70405,0.14548,-0.03189,-0.03651,-4.27175,0.17374,8.81624,0.20453,0.01247,-0.01562
0.02335,1.45937,0.18988,9.69635,0.19228,0.01568,0.01612,-4.26264,0.16124,8.84982,0.20998,-0.01421,0.04192
0.02125,1.46450,0.19219,9.67960,0.21646,-0.01455,-0.01002,-4.25484,0.16655,8.80094,0.21134,0.01630,0.03564
-0.03165,1.47414,0.19626,9.71249,0.17608,-0.05787,-0.00194,-4.25720,0.18052,8.82500,0.23766,-0.00072,-0.01547
0.00095,1.48499,0.17752,9.70482,0.17262,-0.00700,0.01570,-4.26768,0.17137,8.81878,0.18236,0.00182,-0.01420
0.04222,1.46426,0.17878,9.69143,0.22227,0.03292,0.01962,-4.28722,0.17953,8.83951,0.17099,0.01858,0.03884
0.04889,1.47125,0.20337,9.71377,0.18499,0.01694,-0.01292,-4.25218,0.16805,8.82923,0.22656,-0.01764,-0.02444
-0.01224,1.46624,0.20477,9.72259,0.18989,-0.00415,-0.03510,-4.27025,0.19280,8.80540,0.19179,0.02137,-0.02511
0.03465,1.46309,0.20490,9.68827,0.19000,0.02443,-0.01528,-4.25076,0.18624,8.82022,0.15308,0.01808,-0.04276
0.03408,1.46178,0.19226,9.67415,0.19239,0.00128,0.02276,-4.25093,0.18528,8.84091,0.18167,0.01636,-0.02518
-0.02253,1.47434,0.20417,9.72780,0.18184,0.03198,0.03135,-4.26601,0.17243,8.82552,0.18192,0.04370,-0.00180
0.02989,1.47921,0.20116,9.70700,0.19002,-0.01228,-0.00494,-4.28034,0.19257,8.86109,0.20966,-0.02754,-0.01774
0.07047,1.45331,0.22335,9.69017,0.17636,0.00117,0.01211,-4.27796,0.17476,8.80237,0.19895,0.00893,0.02261
0.05225,1.46607,0.19307,9.70267,0.21776,-0.02325,0.00284,-4.27402,0.19118,8.85222,0.13459,-0.00244,-0.00861
0.01814,1.46901,0.20961,9.70804,0.21326,0.00239,-0.00986,-4.27288,0.19109,8.84318,0.17242,0.01893,0.01351
0.04298,1.47443,0.23869,9.68091,0.19690,0.05053,-0.01240,-4.27972,0.19473,8.83919,0.20675,-0.02294,0.01165
0.01832,1.46448,0.23347,9.70167,0.16556,-0.01507,0.02990,-4.26235,0.19965,8.84497,0.18536,-0.00418,-0.01073
0.06443,1.46022,0.20443,9.67235,0.17011,0.06607,-0.03461,-4.24192,0.20440,8.81109,0.18196,-0.02896,-0.01568
-0.01609,1.47583,0.21472,9.67084,0.21387,-0.04652,-0.04256,-4.26347,0.21212,8.84323,0.17923,0.02822,-0.02130
0.03160,1.46245,0.21180,9.67765,0.18387,0.03007,-0.00939,-4.26677,0.20059,8.85411,0.17225,0.03616,0.03270
0.02392,1.46525,0.22248,9.68978,0.17606,-0.01523,0.01336,-4.25062,0.20744,8.82367,0.17558,0.01069,-0.01998
0.05582,1.47226,0.22359,9.69141,0.17714,0.02358,0.01432,-4.28939,0.19777,8.81489,0.15922,0.01394,0.02325
0.05385,1.46020,0.23349,9.74353,0.19287,0.02683,0.01734,-4.27278,0.20080,8.82015,0.21064,-0.00801,0.00997
0.04018,1.46601,0.22623,9.71855,0.18982,0.00291,-0.02084,-4.27714,0.21954,8.84933,0.20242,0.00917,0.02426
0.02809,1.44408,0.23860,9.67690,0.20196,-0.01228,-0.01631,-4.27814,0.20297,8.83351,0.19965,-0.02296,0.00137
-0.01012,1.45573,0.23994,9.71853,0.18573,-0.00427,0.02983,-4.27093,0.22161,8.82533,0.16313,0.00390,-0.02300
0.07374,1.48014,0.22640,9.72213,0.16972,-0.00357,0.00923,-4.25264,0.22056,8.82472,0.19927,0.02862,-0.00855
0.03031,1.46119,0.23592,9.70134,0.19338,0.00522,0.01889,-4.28146,0.20317,8.83250,0.21360,-0.00110,-0.04343
0.04169,1.46587,0.23511,9.67442,0.20013,-0.01363,0.01049,-4.27243,0.20532,8.80960,0.20308,-0.03780,-0.02503
0.07275,1.47576,0.23044,9.70910,0.18596,-0.00488,0.00325,-4.26903,0.20842,8.84106,0.18077,-0.02140,0.03187
0.05193,1.45328,0.23372,9.71789,0.18287,0.02189,0.01809,-4.27021,0.21345,8.82597,0.17448,0.00843,0.02963
0.03038,1.45982,0.23756,9.70646,0.19880,0.01752,0.00457,-4.25889,0.23905,8.82757,0.15428,-0.02926,-0.01859
0.01447,1.46088,0.25146,9.71508,0.17818,-0.01544,0.00673,-4.27078,0.22799,8.86748,0.16146,-0.00050,-0.01713
0.06093,1.47542,0.23704,9.68377,0.21182,-0.01166,0.00028,-4.27446,0.21740,8.79260,0.18430,0.02161,0.00609
0.08212,1.46493,0.25868,9.68359,0.16166,-0.01042,-0.00423,-4.25849,0.22712,8.80662,0.20094,-0.04630,0.00673
0.03262,1.45521,0.24989,9.67255,0.19777,-0.01233,0.00005,-4.26233,0.24732,8.83261,0.17833,-0.00454,-0.00357
0.02014,1.47456,0.25254,9.71611,0.17350,0.00994,0.02641,-4.26495,0.21841,8.80429,0.19235,0.00656,-0.00802
0.03790,1.46814,0.24420,9.70355,0.19802,-0.00490,-0.01983,-4.27531,0.23191,8.82050,0.18630,-0.01870,0.00647
0.04448,1.44679,0.25853,9.71267,0.16931,-0.01075,-0.00730,-4.27923,0.22417,8.85786,0.14420,-0.01994,-0.00723
0.06344,1.45959,0.26292,9.69115,0.17700,0.01294,-0.00105,-4.25812,0.22958,8.83577,0.19202,0.02463,-0.02866
0.05405,1.47360,0.27461,9.71278,0.21269,0.02599,0.02976,-4.26326,0.24484,8.83861,0.20642,-0.00216,-0.00323
-0.00311,1.47000,0.24389,9.69552,0.19408,-0.01907,0.01640,-4.28400,0.25343,8.83745,0.21670,-0.00208,-0.01041
-0.00930,1.46279,0.27750,9.70748,0.18482,0.00292,-0.00816,-4.27304,0.22789,8.83579,0.18306,-0.00538,0.06329
0.02784,1.46308,0.26530,9.73150,0.21235,-0.04180,0.01903,-4.25129,0.23315,8.81984,0.17794,0.00801,0.00033
0.00526,1.46636,0.25806,9.73901,0.23531,-0.01041,-0.01023,-4.26349,0.24513,8.77984,0.22362,0.00881,0.04005
0.02481,1.47350,0.26286,9.69766,0.17713,-0.02786,-0.01984,-4.26217,0.24406,8.82885,0.19454,-0.00871,-0.02719
0.04124,1.45747,0.28798,9.71126,0.19332,-0.00466,0.00495,-4.26126,0.24217,8.83318,0.21391,0.00452,-0.03653
0.03575,1.46743,0.28560,9.67859,0.21155,0.00721,-0.04677,-4.26077,0.25162,8.79529,0.20073,-0.04271,0.02189
0.02215,1.47523,0.28728,9.68510,0.22747,0.03425,0.01319,-4.27088,0.22576,8.82759,0.22905,-0.03365,0.00806
0.04294,1.45887,0.27063,9.67957,0.18704,0.00944,0.00619,-4.28020,0.26414,8.79515,0.20563,0.00584,-0.02397
0.03620,1.47452,0.28803,9.68337,0.17446,0.00506,-0.00524,-4.25945,0.26222,8.83844,0.16257,-0.00748,-0.01826
0.03471,1.47350,0.26107,9.69441,0.20944,-0.00752,-0.01528,-4.27487,0.25315,8.82186,0.19175,0.00972,0.00533
0.03412,1.46885,0.27865,9.67719,0.13387,-0.03432,-0.01182,-4.26716,0.25113,8.87697,0.16022,0.03514,0.01761
0.01027,1.46746,0.28798,9.65142,0.17241,-0.01080,-0.02368,-4.27429,0.25588,8.84840,0.16102,-0.01886,0.00769
0.01228,1.47578,0.30229,9.72700,0.17642,0.00004,0.02554,-4.26615,0.25953,8.83673,0.17871,0.00944,0.00811
0.02921,1.45885,0.29185,9.68214,0.22986,-0.01139,-0.00007,-4.26756,0.25290,8.82633,0.20411,-0.00249,-0.04061
0.03081,1.45390,0.28638,9.66930,0.18617,-0.00771,0.01390,-4.26103,0.26174,8.84714,0.16635,-0.01710,0.01656
-0.00560,1.45279,0.29399,9.72366,0.15961,0.00056,0.01656,-4.27273,0.25807,8.81922,0.21312,-0.00872,-0.00592
0.03387,1.47597,0.28480,9.69878,0.17622,-0.00729,0.00896,-4.28516,0.27449,8.82455,0.19435,0.00392,-0.00998
-0.00649,1.45588,0.29679,9.70878,0.22848,0.01968,0.03286,-4.27178,0.26705,8.84063,0.17365,0.03066,-0.00613
0.00874,1.45045,0.29747,9.70700,0.20443,0.01484,-0.02839,-4.27977,0.24629,8.84809,0.19270,-0.00791,0.01332
0.01508,1.45592,0.30119,9.70309,0.21035,0.01816,0.00037,-4.26988,0.26748,8.85376,0.20604,-0.02515,0.02039
0.04835,1.46862,0.29386,9.71188,0.15680,-0.01163,0.01206,-4.27782,0.25319,8.82323,0.16338,0.01711,-0.01829
0.04787,1.46554,0.31624,9.69703,0.20123,0.01132,-0.00651,-4.26821,0.26943,8.84509,0.21294,0.02834,0.03558
0.02054,1.48599,0.29138,9.66665,0.18788,-0.03749,0.00463,-4.28416,0.27195,8.85673,0.18036,-0.00801,0.03961
0.03905,1.46102,0.29808,9.69927,0.18387,0.01208,-0.02435,-4.27715,0.27070,8.83345,0.19880,0.00578,-0.00249
0.03036,1.45658,0.29677,9.69784,0.17808,-0.00510,-0.04684,-4.25577,0.27105,8.85494,0.15688,0.03364,0.02137
0.03771,1.45690,0.28535,9.66019,0.18215,0.03017,0.00973,-4.26364,0.27762,8.81978,0.18093,-0.00210,0.01483
0.00083,1.46369,0.30275,9.69702,0.18747,0.03058,-0.01295,-4.27337,0.27922,8.79666,0.21213,0.02826,0.00068
0.03122,1.47275,0.30299,9.69219,0.17573,-0.04532,-0.01123,-4.26896,0.26661,8.84685,0.20398,0.03052,0.00078
0.02139,1.45559,0.30974,9.70964,0.15725,0.03611,-0.01601,-4.26139,0.29556,8.86060,0.16097,-0.04228,-0.00043
0.04520,1.46145,0.31785,9.67596,0.18695,-0.02374,-0.02741,-4.28256,0.30730,8.81871,0.18741,-0.03419,0.00975
0.04219,1.44146,0.30729,9.73644,0.22133,0.01089,0.02745,-4.26530,0.28096,8.83289,0.21447,0.02026,0.01455
0.04847,1.46430,0.32377,9.72480,0.18639,-0.00717,-0.03106,-4.26474,0.29122,8.78127,0.23640,0.00613,-0.01962
0.03671,1.45354,0.32586,9.67648,0.20659,0.04278,0.00169,-4.27148,0.28965,8.81968,0.17439,0.00355,-0.02764
0.00971,1.46949,0.30961,9.70032,0.22801,0.03392,-0.03421,-4.25747,0.28464,8.80899,0.17846,0.02803,0.01308
0.07173,1.46848,0.31775,9.67963,0.19949,0.01933,-0.00583,-4.27159,0.29812,8.84638,0.16826,0.01468,0.00987
0.00120,1.45701,0.32933,9.68688,0.17482,0.02411,-0.01337,-4.27939,0.30653,8.82966,0.18411,0.01035,0.00275
0.01979,1.44918,0.32917,9.67161,0.20134,0.00721,-0.00014,-4.27985,0.30264,8.80279,0.18982,-0.02541,-0.00883
0.01765,1.45905,0.32006,9.71653,0.16889,-0.00880,0.02124,-4.26158,0.30487,8.79429,0.19289,-0.00801,-0.01605
0.03265,1.47459,0.32698,9.67300,0.20298,0.00341,-0.00887,-4.27969,0.31245,8.81292,0.18398,-0.01429,0.03245
-0.00309,1.45203,0.33830,9.68165,0.20539,0.03341,0.01193,-4.26752,0.30941,8.84524,0.17409,0.01000,-0.00570
0.03595,1.47131,0.34495,9.69369,0.21149,0.00008,-0.00065,-4.25766,0.29488,8.83906,0.21478,0.02219,0.00587
0.02078,1.46412,0.32623,9.68130,0.20375,-0.02857,0.01454,-4.26130,0.31294,8.82665,0.21725,0.04096,0.01059
-0.02673,1.46948,0.35210,9.68769,0.15404,-0.02199,0.01529,-4.25782,0.29743,8.82575,0.18428,0.01844,-0.00373
-0.00813,1.45991,0.34309,9.71396,0.14992,-0.00992,0.02123,-4.26764,0.29822,8.81799,0.15552,0.00403,0.00996
0.03039,1.45366,0.34840,9.70341,0.18933,0.00002,-0.02113,-4.26310,0.30729,8.83328,0.23171,-0.01723,0.04980
0.01403,1.46431,0.32815,9.69676,0.21174,-0.00718,0.03335,-4.27497,0.30628,8.83989,0.19792,0.00266,0.00175
0.03249,1.45779,0.33779,9.67648,0.18961,-0.01118,0.00566,-4.26116,0.31153,8.81390,0.17582,0.00612,0.02774
0.03026,1.46689,0.33505,9.69381,0.16805,0.01606,-0.00708,-4.27515,0.30444,8.81219,0.18301,0.00799,0.00652
0.00878,1.48481,0.34903,9.70975,0.18401,-0.00188,-0.01391,-4.25757,0.33344,8.83319,0.18312,-0.00113,-0.02000
0.07836,1.45837,0.36459,9.70669,0.14251,0.00784,-0.01805,-4.27793,0.31316,8.83030,0.19061,-0.02454,-0.01443
0.02115,1.45952,0.36546,9.68191,0.18303,-0.01472,-0.00864,-4.27087,0.31212,8.82356,0.17027,-0.04578,0.03066
0.01916,1.46907,0.36202,9.70074,0.22409,0.01259,0.01643,-4.26450,0.33126,8.83951,0.17915,0.02114,0.00263
-0.00272,1.47278,0.36389,9.66088,0.18113,-0.00109,-0.00969,-4.26428,0.31302,8.81697,0.20035,0.00893,-0.02444
0.01044,1.48685,0.35999,9.71050,0.16242,0.00181,0.00179,-4.26193,0.32629,8.83555,0.19421,-0.02970,0.00187
0.07125,1.47646,0.35789,9.71525,0.19235,-0.01211,-0.00270,-4.26379,0.32516,8.83363,0.16508,-0.00275,0.00043
0.02383,1.46946,0.36685,9.69798,0.17096,0.00577,-0.01364,-4.25398,0.34322,8.81288,0.15105,0.00394,-0.00923
0.03125,1.47420,0.36939,9.67657,0.18929,0.01597,-0.01715,-4.26801,0.31964,8.81858,0.19525,0.00967,-0.02485
0.01187,1.47236,0.35406,9.70917,0.14975,-0.01916,-0.01460,-4.27470,0.34105,8.82391,0.16681,-0.01663,0.00766
-0.01125,1.45354,0.36388,9.66688,0.19034,-0.01432,-0.00285,-4.25275,0.32712,8.84319,0.21375,-0.01988,-0.00514
0.04075,1.46254,0.36602,9.70832,0.21900,-0.01317,-0.00982,-4.25107,0.34746,8.80966,0.18272,-0.02610,-0.02374
0.05105,1.47539,0.35128,9.67787,0.21468,-0.01406,0.01973,-4.25151,0.33148,8.83052,0.18155,0.01339,0.01692
0.02927,1.45238,0.38732,9.66944,0.20653,-0.03145,-0.00759,-4.25513,0.32468,8.79340,0.17906,0.00246,0.01777
0.03403,1.45809,0.39840,9.72521,0.17046,0.00883,-0.03448,-4.26382,0.35158,8.84391,0.16961,-0.01888,0.01538
0.01323,1.45189,0.37845,9.71547,0.18741,-0.03888,0.00623,-4.26430,0.34274,8.88522,0.16208,0.00130,-0.00700
0.07630,1.46762,0.37592,9.70065,0.15882,0.02575,-0.02867,-4.28436,0.33506,8.83756,0.16811,-0.01703,-0.00896
0.04874,1.44860,0.37305,9.68522,0.18901,-0.00839,0.00826,-4.27463,0.32859,8.82567,0.18753,-0.02235,-0.00021
0.00084,1.47104,0.39502,9.72514,0.19102,0.01071,0.01030,-4.26826,0.34617,8.85041,0.18052,0.03483,-0.04619
0.01367,1.45907,0.39435,9.71443,0.19360,0.00183,-0.03671,-4.27065,0.35435,8.78891,0.18565,-0.00578,-0.01930
0.06030,1.46449,0.37792,9.70883,0.19462,-0.01146,-0.03325,-4.27677,0.35044,8.79018,0.21249,0.02694,0.01456
0.00928,1.45840,0.38827,9.70654,0.16390,-0.02118,-0.01755,-4.27597,0.37893,8.81795,0.19837,-0.01780,-0.03342
0.06560,1.46632,0.40268,9.71584,0.15838,0.00154,0.02307,-4.26340,0.36199,8.83294,0.18037,-0.00499,0.01935
0.04571,1.46741,0.38259,9.69125,0.16479,0.00192,0.01541,-4.27691,0.34013,8.84231,0.18540,0.00134,0.01435
0.02204,1.46047,0.39713,9.72031,0.19985,-0.00454,0.00280,-4.23721,0.37987,8.77881,0.19837,-0.00898,-0.01013
0.04968,1.44559,0.38699,9.70031,0.23758,-0.00795,0.02893,-4.26354,0.35329,8.82298,0.18933,-0.00032,0.01302
0.04397,1.47689,0.39059,9.71446,0.20377,-0.00980,-0.01967,-4.27995,0.35773,8.79625,0.16733,0.02344,-0.01165
0.05472,1.46924,0.39616,9.72524,0.22120,-0.01967,-0.02147,-4.27798,0.36792,8.82625,0.15280,-0.00121,-0.00487
0.05578,1.46491,0.40775,9.70108,0.18435,-0.01009,-0.03635,-4.26569,0.35104,8.83435,0.17998,-0.02195,0.00125
0.09362,1.46948,0.40960,9.64395,0.22182,-0.00329,0.00182,-4.28611,0.37248,8.79462,0.18723,-0.00532,-0.00464
0.04297,1.46236,0.40214,9.66629,0.18773,-0.03109,0.01159,-4.26012,0.36500,8.82781,0.20696,0.00151,-0.02180
0.06626,1.47487,0.39344,9.67429,0.22405,0.03201,0.01311,-4.24950,0.38681,8.78799,0.19075,0.00963,0.01050
0.03165,1.47354,0.40819,9.68447,0.17654,0.02901,-0.03094,-4.27930,0.35966,8.81187,0.20415,0.03365,0.00155
0.04569,1.47132,0.40099,9.65577,0.18307,0.02556,0.01037,-4.25889,0.37531,8.78798,0.18229,-0.00549,-0.02751
0.02096,1.46228,0.40572,9.69128,0.16156,-0.02599,0.00570,-4.26805,0.36198,8.82349,0.12958,0.01735,-0.01955
0.02469,1.46961,0.40328,9.69153,0.19681,0.01301,-0.00396,-4.24609,0.37070,8.81442,0.17826,0.00465,0.00308
0.01504,1.45812,0.42066,9.68570,0.17373,-0.01123,0.00179,-4.27943,0.38567,8.84788,0.22746,0.00311,0.00436
0.03554,1.45877,0.42342,9.67810,0.20372,0.01958,0.01661,-4.24320,0.37699,8.82387,0.15998,0.00597,0.00882
0.02398,1.45703,0.43260,9.69536,0.18557,-0.02684,0.00664,-4.25287,0.38878,8.84662,0.19128,0.00514,0.00813
0.02697,1.46797,0.39819,9.68836,0.17340,-0.01936,0.00177,-4.26495,0.38540,8.80954,0.21695,-0.01621,-0.00145
0.00953,1.47063,0.42463,9.70905,0.13823,-0.00222,0.00037,-4.26733,0.39065,8.87732,0.20489,0.01534,-0.03008
0.03361,1.44498,0.42481,9.70084,0.18440,-0.00282,-0.00762,-4.26120,0.37051,8.80743,0.20691,0.02528,0.02984
0.01992,1.45967,0.44187,9.69727,0.16482,0.01175,0.02509,-4.26536,0.39258,8.81317,0.17199,0.03755,0.02531
0.04880,1.47131,0.43281,9.66146,0.23900,0.00802,0.03241,-4.24888,0.39249,8.80817,0.17703,-0.00243,0.00920
0.03443,1.48514,0.44390,9.64642,0.17603,0.03044,0.01957,-4.27687,0.38718,8.82555,0.17007,-0.01942,-0.01539
0.00645,1.46738,0.45011,9.65155,0.18167,-0.00927,-0.07311,-4.25850,0.40124,8.81182,0.18377,0.02191,0.03290
0.03307,1.45094,0.40872,9.69977,0.18501,0.01626,0.00337,-4.26400,0.38868,8.81912,0.18871,-0.02688,0.01860
0.06918,1.45903,0.43967,9.68540,0.16118,-0.02031,0.00921,-4.26224,0.39135,8.83742,0.16328,-0.00599,-0.00615
0.06388,1.46989,0.44115,9.71015,0.18196,-0.00196,0.01274,-4.26732,0.39496,8.83554,0.19124,-0.00095,-0.02325
0.04520,1.46736,0.43745,9.68937,0.19001,0.01354,0.00355,-4.26630,0.39046,8.82262,0.17817,0.03058,-0.01214
0.02678,1.47803,0.43917,9.65867,0.17123,0.01017,-0.00005,-4.25390,0.41179,8.87362,0.19356,0.01162,-0.01591
0.01184,1.45266,0.44812,9.70772,0.21645,-0.01330,-0.02145,-4.27308,0.40361,8.79240,0.18459,-0.02768,-0.01907
0.05313,1.45667,0.47097,9.73534,0.17180,0.01685,-0.01873,-4.27468,0.40387,8.82440,0.19276,0.03240,-0.01745
0.01394,1.46455,0.44425,9.69972,0.21746,0.02169,0.00794,-4.26822,0.42157,8.84762,0.17403,0.02679,-0.01806
0.01624,1.44911,0.44590,9.70631,0.18230,0.01276,-0.00220,-4.26820,0.42556,8.84298,0.18771,-0.00663,0.01322
0.04469,1.46764,0.46065,9.67999,0.18619,0.02642,-0.01136,-4.28613,0.40267,8.82867,0.19281,0.00230,0.02672
0.06810,1.47176,0.43509,9.68091,0.18411,-0.04498,-0.00198,-4.27391,0.39965,8.79583,0.16679,0.01115,-0.00226
0.05732,1.47550,0.44763,9.68930,0.18488,0.01767,0.00944,-4.26160,0.42327,8.80897,0.19231,0.01617,0.01352
0.04058,1.47429,0.45416,9.69405,0.19372,0.00663,-0.04857,-4.27553,0.40989,8.79470,0.17698,0.02605,-0.01064
0.05678,1.46452,0.46976,9.69249,0.19387,-0.00618,0.02192,-4.26480,0.41597,8.82963,0.18228,0.00195,0.02209
0.04378,1.46362,0.45749,9.68358,0.15353,0.02578,0.05122,-4.25564,0.42772,8.84241,0.17661,-0.00612,0.00833
0.03240,1.47827,0.45040,9.70567,0.15601,0.01433,0.00589,-4.24888,0.43484,8.79556,0.18657,-0.01729,-0.00818
-0.02833,1.46844,0.46548,9.63385,0.20801,0.01011,-0.01353,-4.26598,0.41732,8.81047,0.17364,0.02350,0.00101
0.02778,1.46117,0.46094,9.66570,0.19479,0.01178,-0.01955,-4.27076,0.41072,8.82449,0.20922,0.04147,0.00143
-0.01446,1.44210,0.47038,9.64239,0.22240,-0.03871,-0.00229,-4.26986,0.41313,8.80489,0.21103,-0.00932,0.00675
0.06869,1.46341,0.45806,9.67373,0.22518,-0.00054,-0.03681,-4.25999,0.42254,8.85094,0.14896,0.00628,-0.01375
0.01178,1.46423,0.46976,9.69805,0.18455,-0.02352,-0.00152,-4.27543,0.42678,8.83205,0.19766,0.02401,-0.02755
0.01689,1.47575,0.46880,9.66902,0.19161,0.00791,0.03023,-4.25783,0.42057,8.82929,0.18465,-0.01872,-0.01628
0.04064,1.48041,0.46852,9.68569,0.20211,0.01420,-0.03101,-4.25434,0.43852,8.80977,0.18659,-0.02339,-0.00767
0.05863,1.46622,0.47382,9.70252,0.17041,-0.03165,-0.03995,-4.26707,0.43638,8.79277,0.17013,-0.00284,0.00787
0.02126,1.44939,0.48614,9.72669,0.19042,0.02557,-0.05754,-4.26455,0.43785,8.83524,0.17401,-0.00896,-0.01346
0.05456,1.48437,0.48413,9.70185,0.17362,0.03062,-0.00180,-4.26717,0.44515,8.81491,0.21208,0.01910,0.01371
0.03044,1.46704,0.48192,9.68506,0.17700,-0.03545,0.01233,-4.28282,0.42034,8.83088,0.18859,-0.00769,0.04658
0.04112,1.46046,0.48382,9.69432,0.17367,-0.03084,-0.01896,-4.27300,0.43141,8.80563,0.18772,-0.00924,-0.01354
0.02834,1.46756,0.45842,9.67665,0.16056,0.00005,-0.00647,-4.27156,0.43881,8.79937,0.15492,-0.02435,-0.02802
0.02304,1.46702,0.48882,9.69710,0.17274,0.00544,-0.03074,-4.26996,0.46306,8.82880,0.15783,-0.01072,0.01266
-0.00566,1.47328,0.49423,9.68976,0.15424,-0.04727,0.00965,-4.26515,0.44376,8.81875,0.17683,-0.04083,-0.03626
0.04325,1.45668,0.49715,9.66924,0.20101,-0.00116,-0.01012,-4.26671,0.44686,8.83945,0.18902,0.02155,-0.03487
0.06138,1.48386,0.49007,9.65886,0.17710,-0.00401,-0.01868,-4.27901,0.46169,8.81870,0.18581,-0.01728,-0.02421
0.02702,1.46085,0.50947,9.65125,0.20533,0.03177,-0.00431,-4.26525,0.46079,8.82092,0.18793,-0.02524,0.00887
0.02227,1.48381,0.49513,9.67956,0.16868,-0.02824,0.01182,-4.26651,0.46832,8.83833,0.17602,-0.00037,-0.04098
0.00502,1.48067,0.50591,9.65122,0.19459,-0.01776,0.04583,-4.26638,0.45242,8.84052,0.23514,-0.00648,-0.02027
0.01433,1.47675,0.51266,9.67813,0.15627,-0.02921,-0.02744,-4.27430,0.44826,8.83634,0.16707,0.00053,0.00282
0.04045,1.45247,0.50498,9.65289,0.17988,0.01318,0.01152,-4.25935,0.46403,8.83157,0.16175,0.02728,-0.01885
0.01759,1.46426,0.49279,9.66379,0.14496,0.00945,-0.01107,-4.27123,0.45405,8.80464,0.21862,0.01175,-0.01097
0.02614,1.49773,0.48339,9.68904,0.16760,-0.01073,0.01699,-4.26924,0.45723,8.83968,0.18414,-0.04432,0.01925
0.03345,1.45493,0.50735,9.69053,0.17562,-0.02848,-0.01865,-4.27156,0.45875,8.81395,0.19449,0.01738,-0.02267
0.04634,1.45569,0.50689,9.70613,0.20567,0.02889,-0.03006,-4.26052,0.47749,8.81939,0.16592,0.01039,0.01188
0.04286,1.47264,0.50843,9.69695,0.16584,-0.02336,0.02765,-4.26667,0.45052,8.85471,0.18455,-0.03181,0.00378
0.00443,1.46670,0.50932,9.69003,0.19409,0.01987,0.01661,-4.28428,0.45475,8.82085,0.17337,0.00322,0.02447
0.03289,1.46728,0.50094,9.63085,0.17568,0.01006,-0.00796,-4.27542,0.46438,8.84104,0.19146,-0.00001,0.00288
0.02482,1.47073,0.50896,9.68731,0.19247,-0.01172,-0.01696,-4.25332,0.47678,8.81686,0.17607,0.00540,-0.01115
0.02236,1.46266,0.49575,9.67024,0.17277,-0.00234,-0.00437,-4.26887,0.49083,8.80117,0.18261,-0.00535,-0.01125
0.04235,1.44896,0.51570,9.70452,0.20960,0.00388,0.01737,-4.28185,0.45719,8.82509,0.18306,-0.05011,-0.01832
0.06255,1.46593,0.51939,9.69644,0.21279,-0.00952,0.01970,-4.26799,0.46005,8.83812,0.16958,-0.00814,0.01300
0.05574,1.47325,0.53844,9.69242,0.17435,-0.00190,0.00578,-4.26078,0.45783,8.84262,0.17241,0.00376,0.01158
0.04787,1.46880,0.52538,9.68857,0.14753,0.01401,-0.02543,-4.28065,0.47591,8.82992,0.18359,0.01782,0.02986
0.03404,1.45952,0.51883,9.72268,0.16450,0.01439,0.01218,-4.26576,0.48506,8.83326,0.17342,-0.00646,0.00779
0.00603,1.47037,0.53459,9.71078,0.17913,-0.00854,-0.00275,-4.25921,0.47731,8.81357,0.17115,0.00336,-0.00622
0.04621,1.45793,0.53960,9.66296,0.21731,-0.01714,0.03972,-4.25603,0.46360,8.83197,0.20859,-0.01965,0.01548
0.01497,1.47356,0.54625,9.70351,0.22613,-0.01018,0.00996,-4.25324,0.49346,8.82892,0.19901,-0.05210,0.01928
0.05665,1.46623,0.51545,9.67267,0.18604,-0.01772,0.03828,-4.25931,0.47294,8.80184,0.20301,-0.00149,-0.00444
0.01980,1.47682,0.54356,9.70851,0.18405,-0.00825,-0.00217,-4.26306,0.48179,8.80599,0.19733,0.05188,0.01605
0.02255,1.46821,0.52477,9.69395,0.17112,0.01098,0.01885,-4.24944,0.47846,8.81442,0.21167,-0.00380,-0.00308
0.06570,1.48183,0.53836,9.65990,0.18438,-0.00047,0.00142,-4.26738,0.45629,8.82075,0.14657,0.00599,0.00082
0.01326,1.46143,0.55649,9.67529,0.17529,-0.00677,0.00587,-4.28847,0.49377,8.77238,0.19614,-0.00996,0.01516
0.03532,1.47296,0.54114,9.69972,0.17423,0.00481,0.01272,-4.26096,0.49165,8.81610,0.18974,0.01590,-0.04047
0.00915,1.48836,0.55712,9.71193,0.18791,0.01795,-0.01508,-4.25300,0.49876,8.81102,0.16563,0.01334,-0.02415
0.02726,1.46769,0.54953,9.68673,0.17227,0.02041,0.03317,-4.27171,0.49835,8.81736,0.18626,-0.01795,-0.00430
0.00944,1.46255,0.55854,9.71079,0.19321,-0.03245,0.03469,-4.25593,0.51258,8.83174,0.18534,-0.01998,0.02301
0.01836,1.47077,0.54527,9.68549,0.20855,0.00734,0.02170,-4.27050,0.50692,8.84265,0.22191,-0.02006,0.01793
0.02464,1.45598,0.55603,9.67372,0.19416,-0.00080,0.01351,-4.25959,0.50597,8.82588,0.17068,0.00168,-0.03901
0.06870,1.46467,0.55902,9.67244,0.16437,0.01325,-0.00752,-4.24967,0.51429,8.80647,0.14501,-0.01949,0.00982
0.06366,1.46814,0.56112,9.71172,0.16960,-0.00326,0.01120,-4.27264,0.50849,8.84820,0.21338,0.01178,0.01194
0.01012,1.46390,0.56976,9.70090,0.20536,0.01164,0.00904,-4.26046,0.49433,8.77728,0.20107,-0.01064,0.00266
0.04809,1.46440,0.55465,9.64431,0.19009,0.00727,-0.03013,-4.27141,0.50560,8.85463,0.16495,0.04177,0.00685
0.01124,1.47432,0.55589,9.66134,0.17883,-0.02577,0.01184,-4.26383,0.50189,8.82251,0.19915,0.01284,0.02340
0.02027,1.47345,0.55678,9.67909,0.16793,0.02678,-0.02569,-4.28890,0.50612,8.85965,0.17313,0.02048,0.00699
-0.00094,1.47197,0.55015,9.70093,0.18196,-0.03281,0.01365,-4.25535,0.52421,8.84226,0.18765,-0.00829,0.00619
0.04092,1.47342,0.56652,9.71755,0.20804,-0.02313,0.02325,-4.26061,0.51550,8.82877,0.19247,0.01698,0.00077
0.00090,1.47260,0.54235,9.65548,0.20370,0.02172,-0.00152,-4.27313,0.51216,8.82112,0.14376,-0.00530,-0.00693
0.04737,1.45875,0.56527,9.69958,0.16085,-0.01195,0.00646,-4.28026,0.51026,8.80173,0.19550,-0.01887,0.01339
0.03794,1.47045,0.56028,9.71045,0.14139,-0.00846,0.01006,-4.24965,0.52526,8.81587,0.18177,0.00091,0.00784
0.04927,1.46955,0.56546,9.69280,0.17698,-0.00732,-0.00662,-4.25635,0.53059,8.83201,0.18326,0.00145,0.04959
0.05796,1.47314,0.58090,9.70264,0.18952,-0.03672,0.02660,-4.26721,0.50192,8.86932,0.20326,0.01366,-0.01449
-0.02519,1.46218,0.58665,9.68456,0.18648,0.01223,-0.00116,-4.26270,0.52916,8.79188,0.20349,-0.02336,0.01107
0.05959,1.46465,0.57628,9.70832,0.17407,-0.00183,0.00865,-4.27200,0.52618,8.82065,0.19347,-0.02500,0.03488
0.03504,1.46263,0.58210,9.70296,0.20397,-0.01495,-0.02066,-4.26548,0.52787,8.81525,0.19338,-0.01061,-0.00011
0.05034,1.47373,0.58126,9.67571,0.18803,-0.00856,0.01610,-4.27777,0.52650,8.85565,0.18426,-0.02764,0.00097
0.01675,1.47203,0.58687,9.67135,0.18801,0.01683,0.00108,-4.27100,0.52189,8.81787,0.16506,0.02878,0.00674
0.00406,1.46554,0.59558,9.69436,0.18449,0.02421,-0.02447,-4.27190,0.53576,8.82337,0.17560,-0.00542,-0.00212
0.04686,1.47665,0.58358,9.66657,0.15274,-0.04562,0.01819,-4.26683,0.52311,8.81724,0.20192,-0.01509,0.01161
0.02243,1.46442,0.59483,9.67908,0.18271,0.00786,-0.02520,-4.26473,0.54594,8.81567,0.20570,-0.01305,0.03645
0.03270,1.45768,0.56391,9.69578,0.16871,-0.00227,-0.01936,-4.26433,0.52658,8.83480,0.15691,0.00874,0.02540
-0.00957,1.45636,0.59551,9.67340,0.16670,0.00257,0.02527,-4.25762,0.51296,8.84381,0.19661,0.00631,-0.00576
-0.00106,1.46448,0.59496,9.68326,0.14109,0.01328,0.01919,-4.25033,0.55072,8.81863,0.16890,0.02667,-0.02245
-0.00427,1.46416,0.60042,9.64649,0.20629,0.04193,0.00889,-4.26597,0.54779,8.81460,0.20546,-0.01376,-0.00080
0.00868,1.45431,0.60518,9.68441,0.17181,-0.03984,0.03385,-4.25107,0.54454,8.82837,0.15114,0.02109,0.02433
0.02310,1.45306,0.58558,9.65389,0.19305,-0.01273,0.00590,-4.26608,0.52858,8.81886,0.17872,-0.01333,0.00248
0.01510,1.48324,0.59359,9.65232,0.20051,-0.01741,-0.02007,-4.26584,0.54475,8.79917,0.20211,-0.00064,0.02953
0.02817,1.47813,0.61478,9.67886,0.17791,-0.01536,-0.02056,-4.26541,0.52988,8.79699,0.17878,-0.00082,-0.00485
0.02947,1.46927,0.61761,9.69553,0.13925,-0.02406,0.00275,-4.26806,0.55497,8.85035,0.15466,-0.01669,-0.02762
0.03363,1.45466,0.59898,9.68645,0.19293,0.01768,0.02564,-4.25028,0.54641,8.81831,0.16996,0.02757,0.01760
0.00632,1.46206,0.60303,9.69549,0.17061,0.00932,0.03125,-4.26401,0.53890,8.79959,0.15704,-0.04612,0.02933
0.06160,1.45621,0.63618,9.67763,0.18200,-0.00696,0.03384,-4.27502,0.54666,8.83533,0.18763,0.01185,0.02504
0.03841,1.46622,0.60865,9.70799,0.22435,0.06523,0.00498,-4.24508,0.55457,8.79981,0.19260,-0.03560,-0.01135
0.00275,1.46772,0.60760,9.67903,0.17469,-0.03903,0.00707,-4.25284,0.55707,8.83107,0.17975,0.00173,0.00968
0.00217,1.46253,0.61417,9.63545,0.20741,0.01748,-0.00056,-4.24981,0.57108,8.80178,0.20798,-0.01694,0.00091
0.04378,1.46675,0.60986,9.70582,0.19331,0.01571,0.02346,-4.24716,0.56526,8.82253,0.20723,-0.02341,-0.00592
0.04909,1.46509,0.61959,9.68984,0.20865,0.04167,-0.02759,-4.27152,0.56386,8.77800,0.19398,-0.01486,0.02775
0.00588,1.47315,0.62781,9.66414,0.17549,-0.02630,-0.01137,-4.27487,0.56472,8.83761,0.19555,-0.02372,0.01247
-0.01596,1.45354,0.62395,9.67048,0.16453,0.00346,0.00516,-4.26676,0.56592,8.81805,0.16855,-0.01560,-0.02379
0.01763,1.45284,0.62896,9.69189,0.17321,0.00712,0.03534,-4.27768,0.57615,8.80389,0.17012,-0.03677,-0.00510
0.04208,1.46622,0.62290,9.66311,0.16873,-0.02492,-0.00874,-4.25304,0.56075,8.82968,0.19275,0.00101,0.04482
0.00628,1.46604,0.63178,9.70155,0.17010,-0.03046,0.02068,-4.26916,0.56229,8.79082,0.20777,0.04476,0.00022
0.01623,1.46975,0.62864,9.64908,0.20215,0.00489,-0.00670,-4.27698,0.56712,8.81484,0.16300,-0.00440,-0.03202
0.07071,1.48599,0.62529,9.68685,0.16994,0.01712,-0.01666,-4.26139,0.58024,8.81026,0.16259,-0.02415,0.00024
0.01846,1.45598,0.65622,9.67901,0.18469,0.00556,-0.01832,-4.26064,0.57865,8.76236,0.16182,0.01453,0.01815
0.05118,1.44408,0.63468,9.71219,0.15580,0.00426,0.00483,-4.26757,0.58966,8.80545,0.19185,-0.02356,0.01480
0.00860,1.46792,0.61216,9.69236,0.17316,-0.00625,0.01519,-4.27309,0.59946,8.81043,0.21169,-0.00940,0.02511
0.06970,1.47801,0.63232,9.68618,0.21653,-0.00382,-0.03985,-4.27673,0.58637,8.80894,0.16273,0.01710,0.04114
0.02326,1.47314,0.63477,9.67785,0.21827,-0.01175,0.02897,-4.27822,0.58643,8.82182,0.17115,-0.00226,0.00076
0.03635,1.46399,0.64108,9.69191,0.17390,0.05287,0.01706,-4.27436,0.56068,8.83089,0.20597,-0.00014,-0.00747
0.03714,1.45130,0.65364,9.64632,0.18081,-0.02559,0.00202,-4.26210,0.58935,8.84908,0.17237,0.00031,-0.01650
0.00012,1.45552,0.63646,9.65520,0.15403,-0.00879,0.00787,-4.26171,0.56267,8.84278,0.21673,-0.02533,0.04641
0.04640,1.46816,0.64124,9.69080,0.16299,-0.00983,-0.02453,-4.26092,0.59174,8.78731,0.18081,0.04336,-0.03607
0.05802,1.48312,0.64427,9.72718,0.15738,0.05799,0.01256,-4.27547,0.59802,8.81985,0.17798,-0.00814,-0.01263
0.02362,1.46924,0.65843,9.69257,0.13399,-0.02414,0.01948,-4.25307,0.60299,8.79908,0.18894,-0.03858,0.01508
0.04382,1.46093,0.65064,9.68542,0.19597,0.01180,0.00578,-4.27166,0.58488,8.81086,0.18554,-0.02340,0.00056
0.08900,1.47956,0.64793,9.68949,0.20615,0.01349,-0.02697,-4.28925,0.59932,8.82775,0.15632,-0.02637,-0.00628
0.01653,1.45916,0.65458,9.69407,0.18790,0.00674,0.01527,-4.25899,0.59531,8.78933,0.19171,0.01590,0.00001
-0.01947,1.47470,0.65115,9.68295,0.19265,0.05796,0.03681,-4.27668,0.59308,8.79212,0.16863,0.03124,-0.02732
0.01179,1.48110,0.65530,9.71038,0.14036,0.02604,0.01649,-4.26116,0.59727,8.79513,0.17924,-0.00222,0.01955
0.07984,1.47022,0.65051,9.67071,0.20204,0.00017,-0.00163,-4.28315,0.60347,8.79651,0.19153,-0.01337,-0.00550
0.00783,1.46609,0.67583,9.68276,0.18065,-0.02260,0.00115,-4.26558,0.60244,8.81384,0.22114,0.01723,0.00137
0.05370,1.47139,0.67960,9.68107,0.15559,-0.02147,-0.01201,-4.26880,0.60432,8.80857,0.18855,0.01899,0.00406
0.00325,1.47762,0.66754,9.69865,0.17081,-0.03929,0.02880,-4.27765,0.59410,8.83414,0.18638,-0.01110,-0.00289
0.01052,1.46028,0.67599,9.67335,0.17230,-0.02938,0.00363,-4.26051,0.60815,8.84436,0.18805,0.00499,0.02146
0.07807,1.47294,0.65855,9.67019,0.18316,0.00248,-0.02113,-4.25163,0.61265,8.79427,0.16937,0.02643,-0.00525
0.01194,1.46147,0.66851,9.66831,0.20318,-0.03150,-0.03828,-4.28719,0.61274,8.80624,0.19568,0.03743,0.01216
0.03374,1.46189,0.67857,9.67328,0.18868,0.01050,0.01725,-4.26505,0.61631,8.79530,0.17209,-0.00618,0.02114
0.04675,1.46556,0.66817,9.70140,0.18105,0.00044,-0.01580,-4.26588,0.61126,8.79580,0.17593,-0.04992,0.02309
0.05035,1.46915,0.65304,9.68278,0.17837,0.00007,-0.01653,-4.26749,0.59630,8.78291,0.16917,-0.01854,-0.00968
0.06203,1.43299,0.68388,9.69130,0.18368,0.03117,-0.04018,-4.27744,0.59865,8.85325,0.19609,0.01501,-0.00108
0.00199,1.45330,0.67987,9.66284,0.18774,-0.01547,0.01308,-4.27589,0.63413,8.80717,0.18692,-0.01693,0.01299
0.04643,1.47041,0.68378,9.67036,0.17275,-0.01169,0.02507,-4.26638,0.63413,8.83887,0.16035,-0.01388,0.00694
0.03672,1.46242,0.67804,9.69389,0.20382,-0.01620,0.02590,-4.26580,0.61032,8.79603,0.19951,-0.01187,-0.00834
0.01076,1.46080,0.68159,9.67968,0.17880,-0.02075,0.03503,-4.24763,0.61229,8.84126,0.16650,0.00074,-0.01590
0.07733,1.46141,0.68293,9.66163,0.21329,0.01582,-0.00378,-4.26898,0.63331,8.80101,0.18230,0.02553,0.00262
0.02127,1.46078,0.68356,9.68657,0.21235,-0.02531,0.00153,-4.27706,0.60951,8.83350,0.15822,-0.01744,0.01378
0.04867,1.46193,0.69879,9.72800,0.18714,-0.03062,0.01987,-4.26238,0.62056,8.79175,0.19326,-0.01146,0.03825
-0.02013,1.47666,0.69775,9.67652,0.18532,-0.00686,-0.00469,-4.26707,0.62473,8.82039,0.20468,0.00059,-0.01219
-0.00793,1.46155,0.69302,9.65871,0.19164,-0.00664,0.00263,-4.26171,0.63661,8.82418,0.18989,-0.00998,0.01917
0.00976,1.44052,0.69363,9.65598,0.21301,0.02093,-0.02027,-4.29483,0.62938,8.81206,0.18130,-0.01010,0.00746
0.03098,1.45305,0.69446,9.63342,0.21395,0.03577,-0.01502,-4.27275,0.63819,8.79052,0.21947,-0.01242,-0.00436
0.01244,1.46110,0.69294,9.65519,0.18074,-0.00068,-0.00246,-4.26994,0.63881,8.82419,0.18243,-0.02281,-0.03198
0.03652,1.46603,0.70112,9.65843,0.16287,0.01400,0.02332,-4.27379,0.64055,8.82400,0.21723,-0.00998,-0.02531
0.03178,1.46078,0.68360,9.65854,0.18155,0.00554,0.03060,-4.28360,0.63167,8.84075,0.20162,-0.04283,0.01761
0.01999,1.46064,0.69999,9.68578,0.20243,0.00387,0.04635,-4.25840,0.65417,8.82966,0.16142,0.01413,0.00427
0.00692,1.46252,0.70900,9.67378,0.17220,-0.00964,0.00721,-4.27851,0.64047,8.82331,0.17434,0.02810,-0.01932
0.02676,1.48091,0.70795,9.66542,0.19820,0.03322,0.01940,-4.26893,0.63909,8.77586,0.21136,-0.02004,0.00756
0.02604,1.46132,0.71385,9.67131,0.22061,0.00090,0.01389,-4.29507,0.64687,8.82106,0.18595,-0.02106,-0.02451
0.01777,1.45477,0.71115,9.68313,0.22919,-0.02761,0.01653,-4.26782,0.64466,8.77274,0.21017,-0.00060,-0.00475
0.06465,1.46627,0.72163,9.67995,0.20972,0.00595,0.01147,-4.25666,0.64405,8.83612,0.21488,0.01894,-0.02251
-0.00339,1.48614,0.72123,9.66971,0.21249,0.01535,-0.01665,-4.26637,0.63851,8.79063,0.19186,-0.03150,0.03302
0.02958,1.46851,0.72007,9.66087,0.15282,0.02035,-0.00983,-4.27502,0.66241,8.77942,0.14174,0.02839,-0.00160
0.03767,1.45893,0.71418,9.64943,0.16648,0.00622,0.02352,-4.26432,0.66662,8.81297,0.15275,-0.00035,-0.03820
0.05101,1.45468,0.73142,9.68575,0.17689,-0.02032,-0.02357,-4.27441,0.65176,8.82498,0.20071,-0.02003,0.00425
0.02674,1.46767,0.71066,9.67522,0.19302,0.00461,0.02632,-4.26339,0.65394,8.83460,0.20147,-0.04009,-0.02396
0.01387,1.45405,0.73056,9.66330,0.17151,0.04513,0.00050,-4.26522,0.65645,8.79674,0.15128,0.01008,0.04072
0.01597,1.47067,0.73731,9.62912,0.17394,0.01567,-0.00631,-4.25635,0.63964,8.81931,0.19967,-0.02298,0.00573
0.04955,1.45185,0.70494,9.66538,0.19763,0.01583,-0.01803,-4.27833,0.67532,8.81897,0.19884,-0.00284,-0.00486
0.04005,1.47265,0.72778,9.66810,0.15668,-0.01171,0.01245,-4.26721,0.65016,8.76912,0.17332,-0.00059,0.00442
0.00505,1.46452,0.72083,9.65419,0.18626,-0.01253,-0.00648,-4.27370,0.67878,8.80898,0.19255,-0.00568,-0.00797
0.04636,1.48517,0.73933,9.65511,0.19223,0.00615,0.00675,-4.27649,0.68576,8.80487,0.15225,-0.01342,0.00896
0.07342,1.45523,0.72626,9.70204,0.16771,0.01812,0.04211,-4.25174,0.66775,8.82932,0.18896,0.00024,-0.01795
0.03591,1.45540,0.74163,9.69230,0.20485,-0.01293,0.01616,-4.27235,0.67675,8.83191,0.21710,0.01001,-0.01186
0.01891,1.46001,0.73553,9.68247,0.19011,-0.01096,-0.04337,-4.27105,0.67313,8.80780,0.18843,-0.03757,0.01725
0.00060,1.44189,0.74628,9.66654,0.18565,-0.02622,-0.02531,-4.26950,0.69502,8.78720,0.18068,0.01655,0.03167
0.05122,1.47011,0.73822,9.67045,0.15080,-0.02563,-0.00029,-4.27392,0.67372,8.80488,0.18589,-0.02828,0.01015
0.00921,1.47638,0.72704,9.65086,0.17166,0.00978,-0.01526,-4.26248,0.68258,8.81244,0.20149,-0.00041,0.00323
0.03759,1.46776,0.74439,9.65178,0.17615,-0.01573,-0.05727,-4.26871,0.66717,8.79695,0.17312,-0.01089,-0.00003
0.02900,1.47399,0.73102,9.69924,0.19040,-0.01107,0.00502,-4.27290,0.67398,8.78597,0.15268,0.01402,0.00400
0.04070,1.45883,0.74841,9.65307,0.17489,0.03769,0.01295,-4.26629,0.67981,8.81245,0.20932,0.01879,-0.01149
0.01155,1.45270,0.75285,9.68029,0.17944,-0.00866,0.02239,-4.27405,0.68608,8.82744,0.16898,0.00093,0.00145
0.02442,1.44713,0.74512,9.69663,0.20378,-0.02200,0.00554,-4.27456,0.67880,8.80180,0.17359,-0.01123,0.02084
0.03328,1.45791,0.76267,9.66353,0.14919,0.01054,0.01802,-4.28979,0.68851,8.81646,0.21975,-0.02909,0.01079
0.03762,1.47814,0.74685,9.64650,0.17399,-0.01751,0.02440,-4.26842,0.70066,8.78551,0.15893,0.00460,-0.00314
0.03726,1.46010,0.76346,9.65963,0.20783,-0.00362,-0.00242,-4.27206,0.69169,8.82795,0.20592,0.00424,0.02226
0.00220,1.46577,0.77886,9.66514,0.18614,0.02988,-0.00485,-4.26821,0.69703,8.77501,0.14842,0.01621,0.02210
0.01115,1.45186,0.76481,9.63552,0.17022,0.02625,-0.00258,-4.26812,0.68847,8.81156,0.16175,-0.00526,0.01238
0.07171,1.46455,0.74833,9.66214,0.20319,0.00543,0.00596,-4.25537,0.69153,8.81195,0.17501,0.00026,-0.01678
0.03526,1.46706,0.74953,9.68827,0.21444,0.00388,0.01516,-4.27727,0.69458,8.76672,0.17564,0.02943,-0.00766
0.04261,1.47689,0.76266,9.65815,0.21417,-0.01382,-0.02260,-4.27551,0.69478,8.81328,0.20004,-0.01740,0.01459
0.06005,1.45620,0.76563,9.65053,0.15371,-0.01070,-0.00072,-4.26182,0.68503,8.76139,0.18505,-0.02578,0.02187
0.05375,1.46713,0.76371,9.67232,0.17061,0.00134,-0.01864,-4.27036,0.69446,8.79659,0.17692,0.03093,-0.02029
0.00162,1.45740,0.76369,9.69950,0.19083,0.02235,0.00638,-4.28038,0.70515,8.82813,0.15515,0.04454,-0.05050
0.00748,1.47461,0.77569,9.64851,0.17954,-0.03401,0.01568,-4.27939,0.70669,8.79904,0.16822,0.02485,-0.01429
-0.00284,1.47377,0.76880,9.65380,0.16255,-0.02215,-0.02025,-4.26783,0.69291,8.80127,0.16598,0.01840,0.00531
0.04381,1.49184,0.77261,9.68469,0.17521,0.00068,0.00814,-4.26926,0.71067,8.81682,0.17113,-0.01416,0.01928
0.05087,1.47660,0.78682,9.63200,0.21059,-0.00770,-0.00166,-4.25313,0.71147,8.82075,0.16650,-0.00626,0.00219
0.04752,1.49277,0.78406,9.64199,0.16666,0.01874,-0.00460,-4.23975,0.70230,8.79731,0.23367,-0.03080,0.00886
0.02167,1.48357,0.77585,9.68116,0.18726,0.01162,0.01314,-4.26471,0.72286,8.78352,0.14730,-0.02953,0.03804
0.02279,1.46030,0.79543,9.65226,0.17393,-0.01244,-0.05101,-4.26846,0.71396,8.79105,0.20663,0.00606,0.02172
0.05620,1.45845,0.77242,9.68240,0.18115,0.00395,0.00776,-4.25704,0.70160,8.82120,0.18927,-0.00174,-0.02478
0.03378,1.46388,0.77971,9.67076,0.17639,0.01903,-0.01508,-4.26562,0.71840,8.81346,0.18034,-0.02604,-0.02785
0.03460,1.44961,0.78946,9.69209,0.16874,-0.01923,0.00984,-4.27962,0.73855,8.81058,0.17665,-0.01043,-0.01749
0.00236,1.44704,0.79342,9.66187,0.18539,-0.01641,-0.00336,-4.25571,0.71823,8.79745,0.15038,-0.01992,0.00667
0.05061,1.49895,0.79703,9.64074,0.16406,0.01438,0.01445,-4.28443,0.69171,8.83768,0.17519,0.01128,0.00205
0.00881,1.44626,0.79332,9.64117,0.16936,-0.01563,0.00419,-4.27153,0.73053,8.79064,0.17156,0.00302,-0.00143
-0.03323,1.46651,0.79498,9.70033,0.18078,0.01391,-0.00819,-4.25853,0.70320,8.82948,0.21040,0.02094,0.02175
0.04125,1.47922,0.81768,9.67762,0.18679,0.02075,-0.01252,-4.26374,0.71743,8.81250,0.18075,-0.00886,0.01816
0.00403,1.46070,0.79260,9.65374,0.19038,0.01181,0.00202,-4.26643,0.74707,8.81912,0.18779,-0.01498,0.01155
0.06463,1.48002,0.80228,9.65787,0.16395,0.01548,0.00972,-4.26195,0.71299,8.78887,0.15429,0.03397,-0.02024
0.04372,1.46090,0.79924,9.67910,0.20893,-0.02928,0.02905,-4.26382,0.72270,8.81654,0.18509,0.02233,-0.02758
0.01554,1.49003,0.80350,9.64844,0.21064,0.01244,0.01218,-4.24431,0.74914,8.79617,0.19487,-0.00695,-0.02182
0.01343,1.47209,0.80181,9.68883,0.18124,0.00081,0.01456,-4.26717,0.74315,8.77926,0.20387,0.02635,0.01529
0.02921,1.46100,0.81389,9.67474,0.18547,-0.02170,-0.02654,-4.26844,0.73380,8.80935,0.18289,-0.00180,0.01757
0.02386,1.45530,0.80945,9.67692,0.18843,-0.01152,-0.03424,-4.27052,0.73683,8.79843,0.15663,0.00827,-0.00185
0.02877,1.46821,0.81752,9.67161,0.16054,0.00241,-0.03271,-4.28472,0.75629,8.80578,0.20053,0.01034,0.02864
0.04231,1.46238,0.82031,9.65506,0.20023,0.02711,0.00935,-4.26740,0.73951,8.82668,0.15293,-0.00830,-0.01246
0.08218,1.47643,0.82150,9.69536,0.18615,0.00040,0.00266,-4.26395,0.75193,8.79677,0.16623,0.02482,0.04104
0.00002,1.45728,0.83287,9.68161,0.20955,0.02904,0.01996,-4.25691,0.74500,8.81900,0.18490,-0.00125,0.03274
0.08872,1.46941,0.80066,9.68976,0.18990,0.03158,0.00685,-4.26284,0.74664,8.80610,0.19541,-0.00080,0.01047
0.03344,1.47530,0.82249,9.66011,0.17345,-0.01431,-0.02360,-4.26322,0.74757,8.80258,0.16550,-0.00497,0.01334
0.01975,1.47212,0.82546,9.68274,0.21600,-0.00606,0.01770,-4.25338,0.74753,8.83945,0.16695,0.00860,0.01195
0.04216,1.46058,0.84037,9.64851,0.16738,0.01564,0.00049,-4.27757,0.74882,8.79787,0.21368,-0.00337,-0.02625
0.00539,1.47021,0.81814,9.64015,0.19076,-0.01106,-0.01329,-4.27776,0.74679,8.79254,0.16645,0.00255,-0.02852
0.04448,1.47031,0.83547,9.68320,0.17592,-0.01921,0.03366,-4.26888,0.76969,8.79222,0.18819,0.00948,-0.03946
0.01516,1.45890,0.82594,9.67938,0.18462,-0.01880,0.00019,-4.24757,0.75249,8.78996,0.20569,-0.02403,0.04307
0.01251,1.46318,0.81557,9.65077,0.20250,-0.00982,-0.02943,-4.28118,0.76526,8.82017,0.16279,0.02535,-0.02145
0.03254,1.48700,0.83218,9.64429,0.19077,-0.00527,0.01809,-4.26015,0.76369,8.81927,0.15201,-0.03682,0.03150
0.02137,1.46725,0.84148,9.67925,0.17456,-0.02247,-0.00707,-4.28043,0.76555,8.83529,0.18632,-0.01949,0.01545
-0.00417,1.46863,0.82290,9.64157,0.18253,-0.03514,0.00796,-4.26492,0.77032,8.77755,0.17130,-0.00001,0.01920
0.00638,1.46362,0.83769,9.69952,0.18577,-0.01928,0.00318,-4.27294,0.76340,8.80130,0.17894,0.02047,0.01399
0.00246,1.46742,0.83581,9.63876,0.20119,0.02500,-0.00896,-4.26925,0.79149,8.79305,0.16988,0.00789,0.00399
-0.00647,1.47177,0.85372,9.68087,0.15221,0.02827,-0.00151,-4.27892,0.77554,8.78875,0.19736,0.01131,-0.00648
0.04802,1.48367,0.85087,9.64272,0.18286,-0.00179,-0.02065,-4.25905,0.75232,8.79897,0.19006,-0.00040,-0.01954
0.00225,1.46308,0.85480,9.64711,0.16534,-0.00967,-0.01819,-4.26155,0.76411,8.78704,0.20423,0.04891,0.01025
-0.00202,1.47993,0.85580,9.66638,0.17525,-0.02539,-0.00367,-4.25388,0.77057,8.79152,0.18271,0.01577,-0.00312
0.05751,1.47329,0.83490,9.67121,0.20954,-0.00900,-0.00192,-4.25466,0.77550,8.80418,0.16530,-0.00675,-0.04935
0.02699,1.46627,0.85611,9.66940,0.17129,-0.00258,0.01628,-4.26648,0.76590,8.77741,0.16145,-0.02875,0.01652
0.04706,1.47762,0.86977,9.67747,0.20108,0.02885,-0.02651,-4.25792,0.77046,8.79434,0.17883,0.03988,-0.00896
0.03332,1.47157,0.86924,9.65267,0.17813,0.04244,0.01556,-4.27040,0.77621,8.81080,0.19653,0.00645,0.00635
0.03256,1.47046,0.85409,9.68607,0.14102,0.03649,0.02640,-4.27002,0.78095,8.80115,0.17130,-0.00253,-0.00812
0.03299,1.47115,0.85262,9.63655,0.16599,0.03612,0.01073,-4.26646,0.79215,8.78237,0.23326,0.00144,-0.03574
0.01296,1.47045,0.86093,9.62366,0.17193,-0.00329,0.01033,-4.28240,0.78287,8.80263,0.15303,0.02234,-0.00430
0.01362,1.46647,0.84747,9.67348,0.18255,0.03517,0.03924,-4.25628,0.76915,8.79874,0.22477,0.03755,0.01890
0.04181,1.46601,0.86723,9.63779,0.21341,0.01307,0.00678,-4.26087,0.78117,8.82404,0.18860,-0.02691,0.01198
0.01393,1.47022,0.85985,9.67139,0.16506,0.03018,-0.01729,-4.26684,0.79100,8.80331,0.16492,0.01749,0.01683
-0.01453,1.45093,0.86082,9.65724,0.20408,0.01778,-0.01131,-4.27643,0.78045,8.82502,0.17692,0.00495,-0.00059
0.04919,1.46505,0.86080,9.67950,0.22133,-0.01667,0.00494,-4.25782,0.76844,8.79678,0.18755,-0.01024,-0.00550
0.01319,1.45205,0.87802,9.64855,0.19451,-0.00230,0.04064,-4.28161,0.79305,8.83224,0.19962,-0.00910,-0.01319
0.07709,1.46658,0.84526,9.65783,0.16878,0.00600,0.03005,-4.26310,0.77536,8.81006,0.18105,-0.00116,-0.02366
-0.00066,1.45388,0.86318,9.69660,0.17717,0.00872,0.00636,-4.25985,0.80277,8.80919,0.20040,0.01423,0.01198
0.04642,1.47212,0.86768,9.65635,0.16445,-0.00564,-0.02200,-4.26955,0.80378,8.77929,0.16267,0.02126,-0.00421
0.02031,1.48217,0.87945,9.65719,0.20686,0.01443,0.01285,-4.26392,0.78189,8.81433,0.17253,0.03848,0.00727
0.05617,1.49054,0.89863,9.64422,0.19438,0.02469,-0.03798,-4.27941,0.82178,8.79941,0.17274,0.02771,0.01737
0.02230,1.47940,0.87722,9.64549,0.18298,0.01734,0.01792,-4.26571,0.79860,8.78841,0.20622,0.02666,-0.01691
0.01615,1.47906,0.88420,9.65229,0.18222,-0.03374,0.02410,-4.25876,0.79894,8.82166,0.18473,-0.01568,0.00783
0.00908,1.47627,0.88842,9.63383,0.17024,0.01403,0.00200,-4.28278,0.82693,8.76744,0.16816,0.06479,0.01024
0.02042,1.46346,0.88838,9.67072,0.16246,-0.02722,-0.00297,-4.27446,0.81154,8.78930,0.17461,-0.02648,0.03656
0.03474,1.48742,0.87999,9.66503,0.15337,-0.01180,0.03210,-4.27477,0.80444,8.76745,0.16454,0.01370,-0.02347
0.00805,1.45435,0.88389,9.66807,0.15999,-0.01568,0.00740,-4.26667,0.81682,8.80171,0.16538,0.00365,0.00074
0.02256,1.47358,0.89364,9.65068,0.18251,0.00505,0.02910,-4.25493,0.81544,8.78578,0.17596,0.00076,0.00400
0.00342,1.46732,0.88021,9.64009,0.18918,-0.01362,-0.01092,-4.25066,0.78950,8.79634,0.16130,0.03666,0.01625
0.02146,1.46517,0.87125,9.66645,0.19445,0.00509,0.00015,-4.25324,0.82057,8.78455,0.20923,-0.02610,0.04001
0.04620,1.47375,0.89123,9.67344,0.22357,-0.01234,-0.02831,-4.25440,0.80557,8.78821,0.18565,0.01021,-0.01412
0.04226,1.46698,0.90170,9.66670,0.15049,-0.00323,0.01223,-4.26629,0.82024,8.76684,0.14454,0.01268,0.01519
0.05361,1.46837,0.89005,9.64595,0.20459,-0.01724,-0.01749,-4.27337,0.82452,8.80523,0.18532,0.00912,0.01153
0.03966,1.44945,0.89525,9.67365,0.16866,0.00072,0.01243,-4.27833,0.82688,8.73502,0.18886,0.01414,0.00044
0.01561,1.46804,0.90552,9.69520,0.15905,-0.01216,-0.01119,-4.25053,0.82142,8.79294,0.19132,0.01693,-0.00300
0.02673,1.46169,0.89773,9.64070,0.16341,-0.02712,0.00218,-4.25260,0.82264,8.80568,0.20333,-0.00498,0.00768
0.02998,1.45784,0.90324,9.64164,0.15514,0.00117,-0.03585,-4.24755,0.81818,8.82490,0.15465,-0.01334,0.01153
0.01503,1.46897,0.89076,9.66812,0.17757,0.00503,0.05098,-4.27357,0.81647,8.81609,0.16666,0.01597,0.00820
0.01984,1.44701,0.89193,9.66927,0.19140,0.01133,0.00058,-4.27361,0.81056,8.76553,0.20517,-0.01435,0.02086
0.02419,1.46287,0.91156,9.66708,0.19925,0.01655,-0.01262,-4.25464,0.84113,8.79898,0.18622,-0.00541,-0.01675
0.02488,1.46816,0.91115,9.64998,0.18411,0.00559,0.01722,-4.25953,0.80842,8.78092,0.20684,0.00424,-0.02092
0.02799,1.47037,0.91851,9.63193,0.18110,-0.00662,-0.00396,-4.25506,0.84600,8.77785,0.17723,-0.02061,-0.00164
0.05654,1.47011,0.92021,9.67069,0.18372,0.00065,-0.00049,-4.27800,0.82215,8.83138,0.15642,-0.01055,0.00949
0.01609,1.46377,0.91052,9.65529,0.19723,-0.01282,-0.01984,-4.27706,0.84447,8.80979,0.19521,0.03084,-0.00701
0.01084,1.46034,0.91447,9.63741,0.14142,-0.01765,-0.00742,-4.26123,0.83375,8.79281,0.19191,0.00929,0.02527
0.01248,1.47144,0.92947,9.65043,0.19928,0.02722,-0.03057,-4.26038,0.83127,8.80143,0.15706,0.01741,-0.00072
0.06798,1.46083,0.90322,9.65853,0.17066,-0.01535,0.00024,-4.28080,0.84745,8.79118,0.16322,0.00601,-0.01072
0.04481,1.45213,0.91650,9.65778,0.17507,-0.00909,0.00603,-4.25669,0.84172,8.81100,0.19756,-0.01149,0.02187
0.05350,1.47775,0.93545,9.66258,0.19396,0.01553,-0.02025,-4.26127,0.83697,8.78475,0.17692,0.00380,-0.03231
0.03532,1.48038,0.91334,9.67890,0.19024,-0.01273,0.03824,-4.27891,0.82656,8.80669,0.21105,-0.00618,0.02249
0.06063,1.44770,0.92397,9.62452,0.22255,0.00173,0.03157,-4.26977,0.82610,8.80205,0.15062,0.02850,-0.00749
0.05699,1.47015,0.94464,9.64637,0.17694,-0.02890,0.00883,-4.23962,0.83812,8.80184,0.19032,-0.03048,0.01104
0.04398,1.47046,0.92996,9.63822,0.17451,-0.01963,-0.02620,-4.25752,0.85580,8.79345,0.15815,-0.02175,0.02034
0.01075,1.46515,0.93463,9.66470,0.18299,0.00311,-0.01104,-4.25866,0.83350,8.81708,0.15837,-0.02351,-0.00267
0.01142,1.47094,0.94815,9.64908,0.18788,0.03208,-0.01939,-4.26191,0.85042,8.79018,0.18147,-0.01169,0.02468
0.02362,1.46365,0.92359,9.64805,0.15990,0.01707,-0.02294,-4.26746,0.87623,8.82365,0.15247,-0.00358,-0.00258
0.05863,1.46196,0.93867,9.64787,0.18592,-0.00832,-0.02452,-4.27876,0.86619,8.80616,0.17978,0.00625,-0.02404
-0.01944,1.47297,0.94675,9.63645,0.19266,0.00568,-0.02393,-4.27271,0.84240,8.82984,0.19345,0.00506,0.02384
0.00954,1.45362,0.95031,9.65733,0.19312,0.00676,-0.00100,-4.26341,0.84104,8.81521,0.16199,0.02575,0.00653
0.02277,1.47558,0.95180,9.65727,0.19515,-0.01007,0.02150,-4.26244,0.87340,8.83647,0.18169,-0.01740,-0.00179
0.05300,1.47821,0.93883,9.65832,0.21670,0.02482,0.04076,-4.26216,0.86540,8.76293,0.15567,0.01538,-0.00995
-0.00592,1.46279,0.93777,9.67229,0.19317,-0.04321,0.03608,-4.27743,0.86216,8.81349,0.19148,0.00914,-0.01749
0.02353,1.45390,0.94667,9.64312,0.21515,0.01619,-0.00764,-4.28665,0.85104,8.83919,0.18159,0.01251,-0.01545
0.05216,1.45649,0.95649,9.66437,0.19366,-0.00977,0.01111,-4.26678,0.88105,8.79385,0.15446,-0.00399,0.01941
0.07082,1.47811,0.95037,9.63570,0.20722,0.00813,-0.01531,-4.26895,0.85676,8.80203,0.16728,-0.00835,0.01370
-0.01659,1.46819,0.94600,9.67324,0.20930,0.01449,0.03019,-4.27861,0.87502,8.78125,0.16578,0.01744,0.00816
0.05344,1.46928,0.96338,9.63893,0.17508,0.00903,0.00259,-4.24901,0.86477,8.79299,0.19933,-0.01257,-0.02078
0.03270,1.47381,0.94636,9.65378,0.16380,0.02553,-0.02894,-4.25012,0.86722,8.74608,0.18662,0.00945,-0.00306
0.03037,1.46594,0.97126,9.67565,0.15197,-0.03691,0.01109,-4.25051,0.88428,8.79816,0.18469,0.00388,0.01482
-0.00472,1.47120,0.97579,9.61026,0.18082,0.01806,-0.00412,-4.27757,0.85950,8.78207,0.15756,-0.03305,0.00638
0.04911,1.44486,0.97725,9.63987,0.15814,-0.01125,-0.02241,-4.25597,0.86163,8.80346,0.15980,0.01266,-0.00779
0.06291,1.45187,0.97882,9.66352,0.21049,0.02749,0.00279,-4.27098,0.88336,8.79685,0.16328,0.01933,0.02290
0.01251,1.47908,0.94903,9.61622,0.19351,0.03475,-0.02968,-4.27510,0.88105,8.81734,0.18190,0.00035,-0.00796
0.00092,1.47067,0.97012,9.62278,0.17902,0.03289,0.02874,-4.27486,0.89663,8.79547,0.18203,-0.01121,-0.04238
0.03263,1.46648,0.95987,9.66609,0.17170,-0.02915,0.02459,-4.28517,0.86733,8.76605,0.18945,-0.00661,-0.00995
0.05804,1.45266,0.98852,9.64329,0.17203,-0.02042,-0.00968,-4.26061,0.88933,8.79094,0.22018,-0.02064,-0.00069
0.05219,1.45397,0.97410,9.66246,0.18387,-0.00614,0.02336,-4.26739,0.89618,8.81117,0.16765,0.00521,-0.01713
0.02917,1.46416,0.99634,9.69939,0.14294,-0.01049,0.00013,-4.24877,0.88862,8.77646,0.14734,-0.00224,-0.00343
0.04295,1.46860,0.97675,9.61518,0.16623,0.02417,-0.01691,-4.27033,0.89131,8.79919,0.19206,-0.01409,-0.01873
0.01500,1.46378,0.97261,9.65449,0.22008,0.02465,-0.03626,-4.27862,0.90215,8.79493,0.16587,0.04346,0.00352
0.02309,1.46676,0.98632,9.62608,0.19727,0.00872,0.00127,-4.26646,0.91125,8.77382,0.17151,-0.00120,-0.05605
0.01242,1.46344,0.97463,9.62896,0.21290,-0.01018,-0.00741,-4.27271,0.88184,8.79362,0.22240,-0.00769,-0.02727
0.05665,1.47504,0.97431,9.66508,0.16242,-0.01871,0.00410,-4.27212,0.90537,8.80937,0.15899,-0.00231,0.03367
0.02073,1.45104,0.98968,9.64873,0.19945,0.01848,0.00043,-4.26780,0.89384,8.82075,0.11549,0.01805,0.00419
0.03966,1.48289,0.98812,9.68924,0.13525,0.01893,-0.02198,-4.27550,0.89786,8.79811,0.12196,-0.02099,-0.00021
0.01669,1.46992,1.02539,9.64733,0.15859,0.03177,0.00581,-4.27657,0.90724,8.74753,0.18255,-0.02279,-0.00130
0.05846,1.47470,0.99345,9.63612,0.19629,-0.00944,-0.02918,-4.26941,0.89967,8.79387,0.15405,-0.03397,0.00239
0.03110,1.46876,0.99776,9.62988,0.18686,-0.03053,-0.00283,-4.25155,0.90499,8.79680,0.20418,0.01722,0.01028
0.05183,1.47703,0.98477,9.62552,0.16543,-0.05102,0.01660,-4.26698,0.88974,8.76860,0.16845,-0.00380,-0.01243
0.05440,1.47107,1.00320,9.62992,0.16294,-0.00725,0.02418,-4.26216,0.91882,8.81056,0.17090,-0.01859,0.04146
0.05802,1.46299,0.99839,9.63887,0.19577,-0.00645,-0.02629,-4.26559,0.88628,8.76498,0.20929,0.03851,0.02620
-0.00497,1.47629,1.00620,9.65684,0.18177,0.02417,-0.00352,-4.24731,0.91510,8.78254,0.18158,-0.00251,-0.01249
0.01949,1.45993,1.01326,9.63979,0.19119,-0.01191,-0.00622,-4.26628,0.91188,8.78986,0.18531,0.01025,0.02314
0.04220,1.46356,1.00011,9.60990,0.17521,0.01564,0.00361,-4.29075,0.90177,8.76267,0.19358,-0.03680,0.05443
0.03200,1.45774,1.00575,9.65746,0.15860,-0.00734,0.00251,-4.26810,0.92843,8.77745,0.18762,0.00134,-0.00090
0.03883,1.46465,1.00093,9.63971,0.15190,-0.01473,0.01704,-4.26326,0.90265,8.81663,0.17571,-0.01923,0.03680
0.04755,1.45010,0.99974,9.69280,0.19538,-0.00464,-0.02902,-4.25755,0.91471,8.78573,0.14522,0.02950,0.00460
0.00573,1.47252,1.00704,9.64359,0.18321,-0.01551,0.01442,-4.27883,0.91570,8.79365,0.15999,0.00935,-0.00947
0.03595,1.47260,1.00659,9.67847,0.18307,0.04698,-0.01520,-4.25698,0.91568,8.79034,0.15650,0.01170,-0.01826
0.03200,1.46375,1.01839,9.67020,0.14863,-0.02403,0.00415,-4.25511,0.92290,8.77350,0.16723,0.00420,-0.02869
0.02733,1.46151,1.01839,9.63323,0.17874,0.05440,-0.02444,-4.26132,0.91766,8.80606,0.15566,0.02669,0.00441
-0.00019,1.46853,1.01637,9.65364,0.19070,-0.03164,0.00739,-4.25596,0.92623,8.77627,0.22049,0.00173,-0.03367
0.02489,1.45571,1.02814,9.63440,0.21018,0.04163,-0.01123,-4.25397,0.94030,8.77064,0.17848,-0.00037,-0.00445
0.02582,1.44998,1.04689,9.65040,0.18008,0.02078,0.02289,-4.23576,0.92972,8.79708,0.17837,-0.01598,-0.00660
0.03351,1.46236,1.01392,9.64942,0.16440,-0.02733,0.00156,-4.25994,0.91056,8.78638,0.17716,-0.01289,0.00945
-0.01269,1.47515,1.03467,9.63149,0.16905,0.01376,-0.01486,-4.26258,0.94205,8.78184,0.20165,0.01053,-0.01649
0.01571,1.46177,1.03399,9.65154,0.17856,0.01289,-0.00406,-4.27607,0.92684,8.83189,0.17437,0.03356,0.03540
0.03452,1.45666,1.01725,9.64173,0.18357,-0.02293,-0.03908,-4.27225,0.94277,8.78428,0.16226,-0.00483,0.00144
0.04640,1.47083,1.03421,9.62804,0.18301,0.02055,-0.05235,-4.24402,0.93922,8.79019,0.16696,0.02071,0.03103
0.03059,1.46569,1.01315,9.64457,0.18551,0.00010,-0.00483,-4.26725,0.94307,8.81228,0.17183,-0.00263,0.00211
0.05788,1.47072,1.04810,9.66381,0.17833,0.03528,0.00264,-4.25319,0.93759,8.78998,0.17465,-0.04756,-0.00192
0.02967,1.45600,1.02460,9.66776,0.20518,0.02680,-0.01599,-4.27328,0.94466,8.79922,0.13036,0.01331,-0.00411
0.05000,1.45512,1.01160,9.62713,0.16953,0.01714,0.02693,-4.27276,0.94069,8.77738,0.15107,0.02693,-0.01551
0.05193,1.46981,1.04177,9.64262,0.16672,-0.00076,0.02257,-4.26585,0.93351,8.75606,0.18179,0.02930,0.01245
0.03998,1.46723,1.03739,9.68651,0.14499,-0.00419,-0.00913,-4.27304,0.95295,8.76965,0.18330,-0.00426,0.02827
0.02661,1.47741,1.03891,9.66497,0.19548,-0.00880,0.01849,-4.26902,0.94283,8.77201,0.15612,0.03027,0.03085
0.05966,1.44554,1.04330,9.65529,0.19211,0.01362,-0.00330,-4.27084,0.96005,8.79009,0.17969,0.02752,0.01485
0.04475,1.46237,1.04203,9.63739,0.18853,-0.03364,0.00852,-4.26525,0.95196,8.79777,0.19413,-0.00084,0.00027
0.01902,1.47705,1.03348,9.62141,0.16664,0.00946,-0.00047,-4.25827,0.98171,8.78581,0.21046,0.00128,-0.02601
0.04760,1.45222,1.04753,9.66824,0.15430,-0.00675,0.01716,-4.25438,0.95809,8.75982,0.17543,-0.01173,0.00891
0.03459,1.47948,1.04742,9.62967,0.15016,0.01671,-0.00721,-4.27460,0.96937,8.79481,0.19721,0.02803,-0.00869
0.01493,1.46650,1.06305,9.65110,0.18484,0.03179,0.00999,-4.26096,0.96101,8.77491,0.18225,-0.00421,0.01055
-0.00659,1.46321,1.04739,9.65382,0.20050,0.00498,0.01060,-4.25169,0.96913,8.76103,0.14397,-0.00461,-0.00923
0.02947,1.46700,1.06669,9.63823,0.16830,0.02115,-0.00862,-4.26674,0.96947,8.81425,0.17831,-0.01429,-0.00939
0.02347,1.46633,1.06073,9.64377,0.17423,0.03176,0.00994,-4.29260,0.97068,8.76948,0.16115,0.00641,-0.02355
0.06549,1.45693,1.04042,9.63664,0.18697,-0.02373,0.00629,-4.26279,0.96512,8.78726,0.14275,-0.02575,-0.02487
0.02298,1.47547,1.05454,9.63507,0.16115,0.01110,0.01194,-4.27916,0.95306,8.78736,0.17741,0.02166,-0.00399
0.02854,1.45563,1.06053,9.65497,0.19184,-0.01745,-0.01027,-4.26028,0.97344,8.80207,0.13563,-0.01309,0.00512
0.00684,1.47115,1.07250,9.65604,0.18909,-0.01827,-0.01427,-4.23644,0.97016,8.78973,0.15789,-0.04233,0.00118
0.00996,1.47361,1.06750,9.62614,0.18781,-0.01353,0.00049,-4.26536,0.97716,8.77680,0.16843,-0.03350,0.00926
0.04921,1.47924,1.05977,9.65299,0.17931,0.02682,0.03263,-4.26800,0.97649,8.82359,0.17502,0.00468,-0.00003
0.04850,1.45369,1.06200,9.67836,0.14899,0.00530,0.02476,-4.26568,0.96488,8.80432,0.17974,-0.02710,0.00232
0.02253,1.47015,1.07844,9.61233,0.16408,-0.00586,0.03321,-4.27217,0.96706,8.73270,0.19700,0.01882,-0.00685
0.02565,1.46660,1.07434,9.64592,0.17174,-0.00137,-0.03039,-4.27065,0.97312,8.76940,0.17837,0.01263,0.01906
0.05516,1.46757,1.05994,9.64913,0.19538,-0.00141,0.03540,-4.26084,0.97110,8.79803,0.14837,-0.02300,-0.00418
0.01105,1.45788,1.07529,9.61912,0.15674,0.01111,0.00415,-4.26380,0.97467,8.79056,0.18654,0.02144,-0.02812
0.02443,1.47886,1.06411,9.63193,0.21319,0.02841,0.02086,-4.26914,0.96558,8.78022,0.15505,-0.04611,-0.00551
0.00263,1.47266,1.07720,9.66218,0.19008,0.01898,-0.00227,-4.27809,0.99601,8.77763,0.14162,0.02147,0.01630
0.04213,1.48768,1.07487,9.63924,0.18234,-0.01167,0.01898,-4.27958,0.97032,8.74502,0.19823,0.00812,0.02928
0.00844,1.47094,1.09881,9.61836,0.17503,-0.01292,0.00051,-4.26951,0.97871,8.75076,0.19811,-0.00758,-0.01951
0.02280,1.46258,1.07332,9.62319,0.17432,0.00543,0.00995,-4.27405,0.98312,8.77413,0.16312,0.00178,-0.01045
0.04357,1.46244,1.09043,9.62436,0.13418,0.00625,-0.01321,-4.27787,0.97974,8.77858,0.16462,-0.01605,0.00184
0.02778,1.46248,1.10060,9.62044,0.18221,-0.00594,0.00274,-4.27056,0.97566,8.75853,0.15666,0.03701,0.02994
0.05780,1.47325,1.08518,9.61779,0.17565,0.02005,0.04226,-4.25406,0.96244,8.77219,0.15514,0.03003,0.00717
0.01284,1.46261,1.08833,9.67577,0.17051,-0.02509,-0.00370,-4.26298,0.97869,8.79963,0.17265,-0.00159,0.00308
0.00466,1.46120,1.08327,9.64423,0.17310,-0.02634,-0.01606,-4.27412,1.01293,8.75769,0.16402,-0.03045,-0.03228
0.04334,1.46472,1.10305,9.61490,0.14708,0.00692,0.01390,-4.27261,1.01654,8.76190,0.15389,0.01167,0.01242
0.04941,1.44305,1.09865,9.61610,0.18128,0.01498,0.01723,-4.26578,1.00484,8.82181,0.17778,-0.00993,0.02724
0.02985,1.44200,1.10752,9.65316,0.20239,-0.02626,0.00467,-4.24896,0.97936,8.80004,0.18040,0.01342,-0.01653
0.05761,1.45208,1.09373,9.63171,0.18923,-0.01542,0.05122,-4.26148,0.99395,8.76223,0.14855,0.00890,0.01353
0.03932,1.46478,1.09072,9.62460,0.14933,0.03415,0.02500,-4.25898,0.98661,8.77376,0.19508,-0.00262,-0.00413
0.05951,1.47531,1.10812,9.64596,0.19772,-0.01147,-0.04110,-4.27561,1.00450,8.78151,0.16506,0.03217,-0.05156
0.01853,1.45763,1.10721,9.61935,0.21265,0.01983,0.00088,-4.26932,1.00730,8.79480,0.16499,-0.00845,-0.05361
-0.01251,1.47316,1.10244,9.62228,0.18757,-0.04071,-0.02342,-4.27248,1.00863,8.78505,0.19041,0.00226,0.01955
0.03820,1.46801,1.11382,9.60522,0.18504,0.02808,0.01822,-4.28225,1.00909,8.75906,0.16894,0.02772,0.00079
0.02881,1.47324,1.12264,9.63473,0.18719,0.01032,-0.02813,-4.27403,1.00709,8.77661,0.18791,-0.03259,0.03430
0.00544,1.48064,1.10939,9.64170,0.14088,0.01451,0.00472,-4.27276,1.01044,8.80111,0.15349,0.01857,0.01195
0.02894,1.46490,1.12020,9.64905,0.15139,-0.03105,0.04425,-4.25850,1.00056,8.80861,0.15996,0.02733,-0.00194
0.07527,1.45683,1.11785,9.62449,0.13528,0.01920,0.01468,-4.27448,1.00932,8.79070,0.20688,0.02260,-0.00501
0.03215,1.46993,1.10299,9.66948,0.17504,0.00544,-0.01741,-4.25921,1.02396,8.73001,0.18702,0.03268,-0.00289
0.01743,1.47161,1.12649,9.63051,0.15073,-0.01459,-0.00019,-4.26520,1.01311,8.75363,0.19138,-0.02285,0.02788
-0.00088,1.48434,1.12401,9.60359,0.14382,0.04495,0.02500,-4.26435,1.02988,8.78857,0.12690,0.01986,-0.00899
0.00640,1.46714,1.11145,9.64237,0.16936,-0.00653,-0.00289,-4.27739,1.02398,8.77548,0.15733,0.00090,-0.02958
0.00807,1.46454,1.12787,9.66166,0.16800,-0.01366,-0.01644,-4.26894,1.02084,8.81936,0.16715,-0.01970,0.03915
0.03841,1.45594,1.11820,9.60050,0.17623,0.01818,0.03581,-4.26174,1.02255,8.75833,0.18508,0.02308,0.03393
0.04763,1.47042,1.13236,9.61850,0.17946,0.01033,0.00219,-4.24831,1.03093,8.78959,0.15456,0.05130,-0.05374
0.03694,1.47457,1.13208,9.61325,0.18069,-0.02730,0.00101,-4.27457,1.01775,8.75284,0.17488,-0.02042,-0.00607
0.02419,1.46187,1.13624,9.67206,0.17826,0.00806,0.00111,-4.26606,1.01644,8.74955,0.16093,0.03131,0.01827
0.05114,1.46607,1.14698,9.61490,0.19786,0.03219,-0.00577,-4.27773,1.01200,8.76818,0.18698,0.00421,-0.00527
0.05331,1.46587,1.12428,9.62824,0.18895,-0.01066,-0.01119,-4.28049,1.02946,8.77255,0.14177,0.00270,0.02468
0.04353,1.47174,1.12320,9.64119,0.13555,0.00559,0.01783,-4.27330,1.03269,8.78304,0.15827,0.00535,-0.01390
0.04522,1.45647,1.11585,9.59671,0.20450,-0.01629,0.00592,-4.25367,1.03677,8.81015,0.14962,-0.02891,-0.02256
-0.01150,1.46644,1.13065,9.64439,0.17009,0.01440,-0.00519,-4.25549,1.02804,8.79554,0.18609,-0.01771,-0.01481
0.04361,1.48247,1.14081,9.63411,0.19326,-0.01990,0.01096,-4.24698,1.03946,8.81213,0.17910,-0.01647,0.00889
0.01168,1.46824,1.14703,9.64187,0.15997,0.00246,0.00118,-4.27046,1.02282,8.75362,0.16956,-0.00484,0.01944
0.01252,1.45944,1.14802,9.61759,0.17276,-0.00394,0.01513,-4.26596,1.06790,8.78113,0.14563,-0.01329,0.00702
0.07790,1.45567,1.14999,9.64730,0.20140,-0.00286,0.02571,-4.27457,1.06594,8.77611,0.17299,0.00483,0.03268
0.01701,1.46433,1.12632,9.60326,0.15623,-0.01351,0.01598,-4.25355,1.04962,8.75051,0.15831,-0.00342,-0.03772
0.05273,1.46839,1.15523,9.61644,0.17305,-0.02180,0.01830,-4.27138,1.05824,8.78646,0.15252,0.00389,0.02394
0.05027,1.45116,1.14691,9.62742,0.19500,-0.01749,-0.01013,-4.27719,1.03123,8.74036,0.20100,-0.00093,-0.00345
0.03982,1.47354,1.16277,9.62781,0.20161,0.00302,0.02899,-4.26043,1.04231,8.74187,0.18573,0.00029,-0.00662
0.01978,1.47134,1.14441,9.64717,0.14737,-0.01499,-0.01464,-4.26381,1.04654,8.77797,0.17558,0.01750,-0.01735
0.02014,1.47399,1.15761,9.62084,0.16569,-0.00470,-0.03148,-4.26231,1.04581,8.78392,0.16785,0.01617,0.00894
0.04248,1.46562,1.15641,9.66337,0.14848,0.01603,0.02770,-4.26465,1.04027,8.77345,0.19156,0.03870,0.02194
0.03607,1.45578,1.14887,9.66803,0.15595,0.00033,0.01512,-4.24171,1.05647,8.76650,0.17171,-0.00235,-0.01190
0.03829,1.47578,1.15440,9.61520,0.20627,-0.02867,0.03985,-4.25111,1.04771,8.76222,0.18198,0.01855,0.01719
0.05077,1.45332,1.17188,9.63962,0.15905,0.03936,0.00215,-4.27084,1.07283,8.83189,0.19058,-0.00233,0.01356
0.00842,1.47452,1.16839,9.63070,0.16028,-0.04644,-0.01131,-4.26123,1.06158,8.72115,0.16270,0.03535,0.02297
0.03101,1.43479,1.16649,9.62808,0.17172,0.01970,-0.00179,-4.25144,1.06518,8.76828,0.18074,-0.00476,-0.01495
0.01681,1.48097,1.14137,9.65161,0.14127,-0.00084,-0.00922,-4.25900,1.06394,8.75658,0.17496,0.00719,0.00461
0.04960,1.46997,1.15918,9.65436,0.14739,0.02958,0.01680,-4.26961,1.06546,8.77099,0.17163,0.00269,-0.00800
0.03948,1.47686,1.15935,9.64487,0.15935,-0.01283,-0.01115,-4.26602,1.05488,8.73725,0.19374,-0.03029,0.01376
0.04113,1.46534,1.17298,9.59686,0.18335,0.02446,0.02982,-4.24867,1.07356,8.74789,0.16889,0.00566,-0.00289
0.04130,1.46551,1.16661,9.62065,0.17706,-0.00668,-0.01847,-4.27671,1.05479,8.77456,0.17635,0.00090,-0.03829
0.02556,1.46511,1.17015,9.61946,0.17118,-0.02032,0.02352,-4.25254,1.07325,8.76336,0.20400,0.01832,-0.01759
0.04255,1.46980,1.15595,9.61065,0.16422,0.01492,0.01949,-4.27496,1.06103,8.77802,0.14251,-0.00008,-0.00299
0.05507,1.47974,1.16050,9.59331,0.15679,-0.01733,0.00160,-4.27965,1.05616,8.77674,0.17507,0.00417,0.02850
0.03510,1.46500,1.18694,9.61757,0.17274,0.00865,-0.02399,-4.26182,1.07059,8.75821,0.18586,0.01239,0.02927
0.00572,1.45526,1.19235,9.61492,0.16921,-0.01088,-0.01630,-4.27588,1.08391,8.76979,0.17111,0.00469,0.00969
-0.01363,1.45777,1.18582,9.62056,0.19385,-0.03445,0.01092,-4.27184,1.06290,8.75041,0.19896,0.04002,0.00590
0.06013,1.46367,1.17803,9.64491,0.16701,-0.01250,0.01650,-4.26150,1.07067,8.75406,0.17696,-0.01328,-0.02294
0.03391,1.44671,1.19176,9.60945,0.19740,0.02340,-0.01458,-4.26513,1.07526,8.72846,0.20449,-0.00907,0.00523
0.04521,1.46419,1.19003,9.63182,0.17017,-0.01298,-0.03336,-4.25177,1.06696,8.77010,0.16103,-0.01877,0.02472
0.01088,1.46640,1.18962,9.61070,0.20169,-0.00487,-0.03913,-4.28473,1.07937,8.77001,0.13981,-0.04562,-0.01810
0.02257,1.47845,1.18965,9.61113,0.18369,-0.03022,0.01405,-4.26896,1.07129,8.77609,0.13680,-0.02186,0.01977
0.01602,1.47808,1.19561,9.62505,0.16163,-0.00290,-0.02314,-4.26428,1.07755,8.74245,0.17032,0.00970,-0.02253
0.04722,1.45825,1.19066,9.61569,0.18669,-0.01212,-0.01524,-4.27963,1.07575,8.73159,0.19545,0.03657,-0.00888
-0.00429,1.47137,1.19895,9.62641,0.18553,-0.02203,0.00924,-4.27383,1.09808,8.75197,0.21741,-0.03848,0.02040
0.00670,1.46578,1.18897,9.63629,0.15011,-0.00729,-0.00191,-4.25895,1.08329,8.78924,0.16764,0.00701,-0.00836
0.05358,1.46195,1.20601,9.62976,0.15432,-0.03137,-0.03279,-4.27059,1.07975,8.74428,0.16657,-0.00864,0.05151
-0.01794,1.44593,1.18367,9.65289,0.19073,-0.00918,-0.00450,-4.26248,1.09221,8.75558,0.15439,-0.01565,-0.00064
0.04762,1.46060,1.20796,9.62901,0.13710,-0.03839,0.01638,-4.27526,1.08683,8.75343,0.16305,-0.00757,-0.04360
0.03437,1.46342,1.19634,9.62465,0.18181,-0.01728,0.00199,-4.26443,1.09576,8.74744,0.14335,0.00440,0.00759
0.03314,1.46359,1.21662,9.62426,0.15446,-0.00630,-0.01033,-4.27635,1.10538,8.74296,0.16152,-0.00074,0.02917
0.04108,1.47303,1.20340,9.62438,0.18497,0.00069,0.02144,-4.27382,1.11594,8.78200,0.18624,-0.01562,0.00179
0.06635,1.45256,1.21738,9.63898,0.18266,-0.00146,0.02072,-4.25955,1.10053,8.77597,0.18790,-0.01609,-0.01419
0.07458,1.45819,1.19658,9.64196,0.16510,0.00017,-0.00675,-4.26111,1.11873,8.74674,0.16348,0.02488,0.02397
0.05542,1.46999,1.20260,9.59758,0.18093,-0.01477,-0.03289,-4.26895,1.10501,8.80513,0.16646,0.05026,-0.01659
0.05366,1.45427,1.20553,9.60252,0.19049,-0.02295,-0.03908,-4.26120,1.10017,8.76147,0.17817,0.01066,-0.00295
0.07382,1.45413,1.21593,9.61873,0.19071,-0.02585,0.00916,-4.25770,1.08939,8.76790,0.16398,0.00502,-0.02522
0.05127,1.47296,1.20658,9.62861,0.19488,0.01088,-0.00640,-4.27481,1.11096,8.73750,0.17808,0.01170,0.03611
0.05994,1.47338,1.23272,9.62463,0.14704,-0.01821,-0.02320,-4.27766,1.11042,8.74563,0.17896,-0.01801,0.03874
0.01848,1.47248,1.20821,9.60410,0.16370,-0.02757,-0.01979,-4.24001,1.10003,8.77269,0.15299,0.00084,-0.02179
0.05725,1.46315,1.20223,9.62001,0.19844,0.01848,-0.01386,-4.25248,1.10672,8.76021,0.18036,0.00659,0.02602
0.05852,1.46544,1.24135,9.65363,0.15716,-0.01747,0.02155,-4.28023,1.10741,8.75265,0.15181,-0.03160,-0.01662
0.00359,1.47711,1.24529,9.59919,0.17559,-0.00762,0.00544,-4.27496,1.12686,8.76004,0.14796,0.02042,0.01392
0.03151,1.47092,1.22286,9.61220,0.18677,-0.01904,0.01814,-4.26894,1.13345,8.76639,0.17086,-0.03511,0.01195
0.01320,1.47071,1.21919,9.59275,0.17054,-0.00951,0.00669,-4.25715,1.11042,8.78604,0.15562,0.00970,0.00883
0.02747,1.48188,1.23236,9.59392,0.15491,0.00582,-0.01486,-4.26535,1.13123,8.69815,0.14094,0.01083,-0.00157
0.09068,1.44782,1.23195,9.62789,0.15717,-0.00647,0.02465,-4.26996,1.10808,8.78615,0.16993,0.00980,0.04625
0.02676,1.46325,1.22603,9.62436,0.17485,-0.00822,0.01633,-4.26267,1.11584,8.73543,0.17981,0.00230,-0.00009
-0.01866,1.46799,1.22632,9.64551,0.17585,-0.00382,-0.01193,-4.27555,1.12219,8.79697,0.19560,0.01851,0.02764
0.03140,1.45917,1.21878,9.60995,0.15192,-0.01109,-0.00828,-4.27537,1.12865,8.78145,0.18974,-0.00002,-0.00864
0.01416,1.45630,1.24363,9.61037,0.17354,-0.01541,-0.00379,-4.26105,1.13029,8.77287,0.13535,0.00057,-0.02752
0.02732,1.47862,1.24621,9.61124,0.15328,0.00081,-0.01601,-4.27402,1.14167,8.72459,0.15819,0.02908,-0.00295
0.01759,1.48433,1.22426,9.61438,0.22151,0.01137,0.03222,-4.25238,1.12727,8.73809,0.13240,-0.00665,-0.01277
-0.00064,1.45204,1.23684,9.61568,0.18120,-0.02144,0.01808,-4.26848,1.14534,8.75121,0.17296,0.03224,0.01772
-0.00872,1.46769,1.23858,9.58583,0.16892,-0.03651,0.03007,-4.25251,1.14378,8.73691,0.12604,0.00349,-0.01154
0.01325,1.45861,1.25073,9.63594,0.19380,-0.01231,0.00621,-4.27920,1.13616,8.74969,0.15642,0.02407,-0.01895
0.08924,1.45852,1.24945,9.60593,0.15610,-0.00967,0.01000,-4.28007,1.14880,8.75151,0.21488,0.00700,0.00575
0.00002,1.46206,1.25632,9.60884,0.18034,0.04394,0.01991,-4.24294,1.13505,8.74957,0.18036,0.03596,-0.00570
0.02558,1.44289,1.25877,9.60366,0.17744,0.02813,0.02036,-4.26917,1.15020,8.77686,0.17961,0.00316,0.00356
0.00937,1.45963,1.25236,9.63445,0.17850,0.00332,0.00486,-4.26143,1.14282,8.77863,0.17806,0.02245,0.01448
0.00987,1.46856,1.25197,9.56319,0.14271,-0.01214,-0.01951,-4.25728,1.14955,8.76240,0.15081,-0.00116,-0.01930
0.01219,1.45339,1.26479,9.62660,0.19269,-0.00607,0.02426,-4.26375,1.14882,8.74257,0.18605,0.00515,-0.03668
0.02144,1.46878,1.27544,9.63838,0.20276,-0.02016,-0.02940,-4.26746,1.15523,8.75091,0.19536,0.00476,0.00275
0.03076,1.45935,1.25444,9.59986,0.20019,-0.01878,-0.04703,-4.27792,1.14294,8.72600,0.16103,-0.01142,0.02501
0.07181,1.46224,1.24725,9.61342,0.16046,0.03620,0.01680,-4.27129,1.14596,8.73849,0.18493,-0.01962,-0.01072
0.01362,1.47092,1.25811,9.63051,0.14654,-0.01651,-0.00875,-4.26375,1.16653,8.72332,0.16841,0.00096,0.00962
0.05570,1.46652,1.25082,9.59812,0.16851,-0.00048,0.00286,-4.25186,1.13337,8.76204,0.20392,-0.00979,0.01068
0.02110,1.48045,1.26208,9.61125,0.15137,0.01190,0.01336,-4.27287,1.15953,8.76668,0.18662,-0.00956,0.00618
0.05535,1.47187,1.26768,9.62219,0.17265,0.00306,-0.00804,-4.26067,1.14958,8.77306,0.17890,-0.02829,-0.00236
0.03336,1.46536,1.27169,9.65228,0.18383,-0.01674,-0.02328,-4.26648,1.16470,8.73329,0.17610,0.01721,-0.04365
0.04171,1.46425,1.27495,9.64251,0.15292,0.00884,0.00027,-4.27673,1.16435,8.76058,0.19770,-0.01654,-0.00599
0.01055,1.47110,1.27202,9.59416,0.18044,-0.01920,0.01421,-4.27500,1.16721,8.76452,0.17229,0.01749,0.03689
0.03201,1.46933,1.26273,9.59051,0.14058,0.01571,-0.02384,-4.27425,1.16076,8.75870,0.18177,-0.01829,-0.01008
0.03708,1.45709,1.27523,9.59217,0.23341,-0.00808,-0.01869,-4.25235,1.15837,8.77214,0.16354,-0.00124,-0.01340
0.06654,1.47217,1.25824,9.55628,0.15354,-0.02989,0.02568,-4.26366,1.15755,8.78204,0.17784,0.02447,-0.03427
-0.01105,1.45590,1.28148,9.59573,0.17631,0.00641,-0.06290,-4.26386,1.15551,8.75929,0.15352,0.00516,-0.00089
0.00804,1.44836,1.27844,9.62652,0.18534,-0.01485,-0.00776,-4.27957,1.18583,8.74188,0.13868,-0.02402,-0.01320
0.01304,1.45473,1.27532,9.63173,0.17990,-0.01629,-0.02277,-4.27425,1.18880,8.73267,0.16503,-0.02005,0.00210
0.03774,1.46348,1.28222,9.61700,0.14759,-0.02056,0.00804,-4.27626,1.16200,8.75636,0.15555,-0.03429,-0.01484
0.02315,1.47707,1.29131,9.64466,0.17024,-0.02164,-0.00407,-4.27072,1.18580,8.74441,0.17927,-0.00075,-0.01967
0.01369,1.46871,1.27639,9.64266,0.16297,0.00662,0.01168,-4.26528,1.18644,8.75645,0.16255,0.01724,0.02168
0.04260,1.47575,1.29215,9.57828,0.19810,-0.02426,0.01860,-4.26991,1.18053,8.75372,0.17548,0.04415,-0.01477
0.02982,1.45926,1.29994,9.58675,0.19072,-0.00708,-0.00506,-4.27446,1.17403,8.75362,0.16272,0.00879,-0.03878
-0.01387,1.46235,1.28476,9.63463,0.17223,-0.01793,0.04007,-4.25114,1.16428,8.72973,0.16604,-0.00036,0.00928
0.04041,1.47718,1.30684,9.58904,0.21719,-0.05352,0.03387,-4.25764,1.17551,8.76175,0.14707,0.03125,-0.03794
0.01739,1.45771,1.28234,9.63128,0.19962,0.00836,0.01159,-4.26886,1.17876,8.76229,0.12594,0.00526,0.04393
0.07117,1.44198,1.28644,9.65635,0.14565,0.00473,-0.02907,-4.27796,1.17741,8.73145,0.16515,0.02119,-0.01171
0.02344,1.46218,1.30335,9.57834,0.13604,-0.01468,0.01702,-4.25065,1.16707,8.75883,0.15544,0.01059,-0.01311
0.04427,1.45451,1.29613,9.60855,0.16928,0.00512,0.00275,-4.27554,1.18170,8.74924,0.15810,0.02997,0.00402
0.03597,1.46528,1.29890,9.58937,0.15424,0.04635,0.01466,-4.26374,1.17920,8.75371,0.17348,-0.00564,0.01073
0.01580,1.47217,1.29624,9.60976,0.13373,-0.01256,0.01608,-4.27161,1.17625,8.74737,0.20533,0.00404,0.03171
-0.01667,1.46231,1.30079,9.63593,0.18039,-0.00485,0.05219,-4.26481,1.17594,8.75206,0.19336,-0.01764,0.00522
0.05852,1.45005,1.31366,9.62347,0.15474,0.01144,-0.00160,-4.25937,1.19769,8.74968,0.19769,-0.01708,0.02610
0.02494,1.46709,1.31189,9.61395,0.14332,0.01132,0.01316,-4.27643,1.19988,8.77326,0.15294,0.02103,0.03722
0.03077,1.46446,1.29973,9.61342,0.19941,0.02147,-0.00416,-4.25910,1.19220,8.74462,0.15763,-0.01805,0.00267
0.03531,1.46105,1.32434,9.60468,0.15595,0.01272,0.01499,-4.25953,1.19679,8.77881,0.15291,0.00565,0.00202
0.04203,1.45414,1.33242,9.59781,0.20559,0.05137,-0.00164,-4.25976,1.19065,8.76613,0.13338,-0.01019,-0.00584
-0.00050,1.45882,1.29903,9.60181,0.18084,0.02616,0.05012,-4.27473,1.21030,8.73556,0.17218,0.04522,-0.03233
0.04357,1.47168,1.31018,9.61640,0.18397,-0.01257,-0.01333,-4.27414,1.21798,8.73987,0.16661,0.01919,-0.00310
0.01862,1.47469,1.31493,9.59339,0.19959,-0.02474,-0.02278,-4.28220,1.18952,8.73457,0.16914,-0.01428,0.02598
0.02162,1.47395,1.32662,9.64328,0.12953,-0.02238,-0.02281,-4.26827,1.20027,8.77976,0.18038,-0.02267,0.00244
0.03360,1.45896,1.31123,9.56003,0.17306,-0.00899,-0.00085,-4.26125,1.21240,8.75544,0.16252,-0.00387,0.00209
-0.00869,1.47907,1.29812,9.63504,0.15205,0.00887,0.01194,-4.26240,1.20209,8.71512,0.17700,-0.03497,0.02677
0.04004,1.46377,1.30760,9.59382,0.18829,-0.01957,-0.01028,-4.26772,1.19978,8.74170,0.19500,-0.00363,0.01590
0.03754,1.47275,1.33628,9.58427,0.13890,0.02809,-0.00668,-4.27162,1.21603,8.72406,0.18329,0.00834,-0.03474
-0.00656,1.48190,1.33272,9.61020,0.12753,0.01849,-0.00116,-4.27818,1.21004,8.73041,0.19948,0.00212,0.01599
0.05239,1.46186,1.31469,9.57344,0.18346,-0.03330,0.02215,-4.27220,1.20296,8.72806,0.17454,0.01710,-0.02619
0.02098,1.46323,1.33538,9.60232,0.16773,0.02023,-0.01112,-4.26676,1.21012,8.74314,0.12283,0.02007,0.00594
0.01750,1.45983,1.32559,9.61110,0.19346,-0.01374,-0.00842,-4.25707,1.19953,8.73089,0.13219,0.00782,-0.02955
-0.00995,1.46898,1.32976,9.61926,0.18488,-0.03308,0.01152,-4.26290,1.22541,8.75239,0.16486,0.01490,0.02419
-0.00150,1.47644,1.33379,9.61766,0.17485,-0.00608,0.02190,-4.26732,1.22967,8.73672,0.16425,0.00491,-0.01062
0.01213,1.47325,1.33916,9.61012,0.16743,0.01064,0.00395,-4.26565,1.21452,8.73071,0.15199,0.01939,-0.03610
0.04399,1.46233,1.37257,9.61799,0.17098,0.02921,-0.02256,-4.27798,1.19688,8.74293,0.17205,-0.00970,-0.00648
0.04595,1.46181,1.34152,9.64261,0.18973,0.00512,-0.02643,-4.26842,1.23029,8.71793,0.16271,-0.04143,0.01523
0.02671,1.46487,1.33262,9.65162,0.15593,0.02732,-0.00448,-4.26361,1.21793,8.73445,0.13022,-0.00917,0.02155
0.03800,1.46157,1.34583,9.65659,0.15993,-0.00782,-0.00260,-4.25961,1.22850,8.73041,0.16677,-0.01073,0.01785
0.01727,1.45437,1.32677,9.60312,0.15266,0.02760,0.02992,-4.25631,1.22433,8.75335,0.16964,0.00987,0.01430
0.00452,1.47798,1.34081,9.58786,0.12842,0.01378,-0.01050,-4.25273,1.22205,8.72831,0.18726,-0.01234,-0.00081
-0.00852,1.47319,1.35146,9.60666,0.13447,0.01903,-0.02633,-4.27634,1.22043,8.72423,0.16496,0.02190,0.01553
0.02910,1.44573,1.34370,9.58912,0.16795,0.02431,-0.01993,-4.26048,1.22439,8.71612,0.19820,0.01948,-0.01262
0.04953,1.48003,1.35016,9.59491,0.15022,0.03370,-0.00143,-4.27277,1.22878,8.72316,0.17010,0.04869,0.00369
0.03710,1.46648,1.34418,9.58569,0.14453,-0.04249,-0.00291,-4.26141,1.23398,8.76000,0.16346,0.00182,-0.03208
0.03317,1.47814,1.35621,9.62413,0.17294,-0.03894,0.01445,-4.26616,1.21982,8.76612,0.16535,-0.01162,-0.01433
0.00388,1.46289,1.36162,9.59488,0.14108,0.00310,0.01832,-4.27039,1.22414,8.74473,0.13862,0.02891,-0.01217
0.03785,1.45765,1.36143,9.63296,0.17499,0.01049,-0.03559,-4.26475,1.24416,8.75423,0.16274,0.02673,0.00847
0.01861,1.46301,1.35777,9.59364,0.11641,-0.00932,-0.03037,-4.25969,1.24127,8.77972,0.15995,-0.02197,0.00152
0.04801,1.45323,1.36078,9.63114,0.18849,0.00510,-0.00807,-4.26938,1.25006,8.76832,0.19866,0.01833,0.02320
-0.00694,1.47905,1.36084,9.60750,0.18356,0.00650,-0.00426,-4.26836,1.25626,8.74458,0.15304,-0.02294,-0.01300
0.03612,1.45697,1.37001,9.58089,0.16347,-0.00333,0.00842,-4.26553,1.24833,8.75007,0.15071,-0.03395,-0.00563
0.02478,1.46675,1.36615,9.61484,0.14980,0.04400,0.02318,-4.26804,1.25119,8.74280,0.14238,0.00989,0.02004
0.03980,1.45752,1.37191,9.57970,0.16452,0.00313,0.00862,-4.27468,1.23869,8.75236,0.17547,0.00495,-0.02784
0.02431,1.47254,1.38299,9.63384,0.16178,0.01878,-0.00089,-4.27796,1.26045,8.70461,0.16947,0.00743,-0.01751
0.03520,1.46423,1.39255,9.60975,0.15646,0.02680,-0.03155,-4.26323,1.24788,8.73996,0.16959,-0.00953,-0.00259
0.00006,1.46047,1.35534,9.59109,0.13862,0.00244,-0.01696,-4.27193,1.25049,8.75244,0.17876,0.01539,-0.01121
0.06208,1.47131,1.36654,9.60843,0.17532,0.00472,-0.01477,-4.27416,1.24791,8.72521,0.16058,-0.00242,-0.01477
0.01242,1.46799,1.39788,9.61429,0.18719,-0.03453,0.00433,-4.26832,1.26062,8.76889,0.14118,-0.02687,0.03088
0.01617,1.46611,1.38940,9.61014,0.16628,-0.00397,0.04604,-4.26221,1.23365,8.71393,0.15228,0.01785,-0.03208
0.01481,1.45518,1.38352,9.58548,0.15108,-0.02263,0.02460,-4.27740,1.24418,8.75749,0.16869,-0.01630,0.01384
0.01461,1.47998,1.38881,9.59159,0.16488,0.02464,-0.03061,-4.27279,1.24987,8.76095,0.16005,0.02676,0.01604
0.00547,1.45780,1.38055,9.60032,0.16365,0.00519,-0.00067,-4.26661,1.25717,8.70794,0.18083,-0.04047,-0.01604
0.04438,1.45930,1.38448,9.61010,0.16700,0.00681,-0.01740,-4.26028,1.25495,8.69545,0.17365,0.01026,0.01459
0.01564,1.45563,1.37672,9.60496,0.17246,0.03892,0.01451,-4.27002,1.25094,8.72513,0.18714,-0.01161,0.04780
0.02352,1.47164,1.39037,9.59931,0.09189,-0.00311,0.01244,-4.28462,1.24333,8.77694,0.18190,0.01205,0.00129
0.02387,1.46820,1.40069,9.61160,0.18778,0.00653,0.01408,-4.26940,1.26247,8.73756,0.18991,0.00414,-0.01493
0.03722,1.47329,1.39401,9.58411,0.17754,-0.00171,0.00691,-4.28986,1.27390,8.72045,0.18139,0.01395,-0.01364
0.01316,1.45990,1.38963,9.61475,0.16827,0.00132,-0.01202,-4.27525,1.28981,8.77912,0.18486,-0.01047,-0.03282
0.03491,1.48217,1.38695,9.60342,0.18791,-0.01539,-0.00774,-4.26483,1.27423,8.74740,0.16504,-0.00954,-0.00168
0.01713,1.47062,1.39489,9.56145,0.18145,-0.00074,0.04467,-4.26367,1.26838,8.75828,0.19961,-0.01239,-0.01351
0.05155,1.46702,1.40264,9.59002,0.15080,-0.01879,-0.00808,-4.26977,1.26204,8.75491,0.15997,0.02278,-0.00206
0.72128,1.44698,1.38319,9.63291,0.18921,0.42642,-0.01154,-4.24213,1.26754,8.73989,0.12604,-1.23992,0.00438
0.38626,1.45653,1.38741,9.60696,0.15238,0.46261,-0.00049,-4.25357,1.27161,8.71147,0.18458,-1.19978,0.02314
0.74559,1.45008,1.40016,9.57457,0.15085,0.46717,0.03316,-4.25589,1.27786,8.78383,0.18460,-1.21472,-0.01676
0.36971,1.43935,1.37286,9.61607,0.16096,0.44910,0.00982,-4.22264,1.25724,8.72438,0.19492,-1.20651,0.00807
0.66819,1.45636,1.40886,9.58114,0.19410,0.47385,0.00782,-4.21051,1.29693,8.77022,0.14150,-1.20004,0.01765
0.45008,1.43778,1.41196,9.57569,0.14802,0.43452,0.00298,-4.21161,1.31017,8.75868,0.14991,-1.14142,0.00125
0.66192,1.45037,1.38825,9.60770,0.18514,0.45651,-0.03921,-4.17815,1.28102,8.76916,0.15294,-1.15408,0.00402
0.30894,1.44024,1.40427,9.60812,0.16688,0.48480,0.02436,-4.17667,1.27467,8.77952,0.15647,-1.17866,0.00694
0.33101,1.42382,1.41013,9.61783,0.16848,0.41161,-0.01091,-4.17300,1.29647,8.79175,0.19616,-1.16197,-0.02910
0.41373,1.43189,1.40041,9.58447,0.18309,0.46665,0.00956,-4.14110,1.28563,8.80541,0.12927,-1.18110,0.00182
0.87331,1.42216,1.41345,9.61366,0.14318,0.39373,-0.02750,-4.14882,1.28745,8.77846,0.18007,-1.17554,-0.00852
0.68257,1.41715,1.41828,9.62887,0.16320,0.43835,-0.00284,-4.14052,1.30077,8.79502,0.14465,-1.16632,0.02227
0.30067,1.39049,1.41760,9.60890,0.17029,0.44854,0.02093,-4.12178,1.29071,8.78928,0.18098,-1.11648,-0.00572
0.80387,1.40444,1.41956,9.60503,0.17874,0.42614,-0.00350,-4.12738,1.29791,8.81475,0.18104,-1.14813,-0.02399
0.81789,1.39423,1.41609,9.60747,0.14454,0.44999,-0.01506,-4.10877,1.31051,8.79002,0.17121,-1.16049,0.00497
0.68073,1.39823,1.41449,9.59868,0.14957,0.46508,-0.00863,-4.10063,1.29473,8.80862,0.14041,-1.18764,-0.00186
0.86150,1.40138,1.42439,9.61163,0.16300,0.45611,-0.01745,-4.09132,1.30323,8.82026,0.14861,-1.11677,-0.02442
0.70022,1.39222,1.40378,9.60208,0.15277,0.40491,0.00265,-4.08480,1.30568,8.81901,0.17136,-1.12198,0.02580
0.44857,1.38987,1.43226,9.62424,0.20358,0.39215,-0.00337,-4.06862,1.31711,8.84304,0.15697,-1.11314,0.02789
0.50800,1.37159,1.42004,9.57242,0.16633,0.41558,-0.05216,-4.05790,1.30753,8.85994,0.11614,-1.12293,-0.01392
0.48134,1.37131,1.44021,9.63230,0.16303,0.43214,0.02758,-4.04380,1.34158,8.83367,0.15055,-1.12619,-0.01117
0.51112,1.38362,1.42926,9.59882,0.16792,0.40567,0.01913,-4.04037,1.31222,8.85126,0.19845,-1.14488,-0.00506
0.92135,1.37363,1.42973,9.58268,0.17162,0.43441,-0.00712,-4.03376,1.29525,8.85693,0.17041,-1.13366,0.03214
0.73657,1.35802,1.43458,9.61816,0.18291,0.40806,-0.05527,-4.01893,1.31406,8.84303,0.17424,-1.12214,0.00040
0.68452,1.35016,1.44446,9.62545,0.16746,0.41204,-0.00490,-4.01496,1.31640,8.84084,0.18530,-1.13474,-0.00539
0.74919,1.35237,1.44676,9.60703,0.16013,0.45752,-0.01110,-3.99478,1.32754,8.85066,0.18721,-1.11356,0.01050
0.57182,1.36607,1.45085,9.61063,0.17446,0.41592,0.00033,-3.98688,1.32833,8.83850,0.20704,-1.10906,-0.01466
0.79976,1.34425,1.43702,9.57432,0.17335,0.36478,-0.02528,-3.97914,1.32526,8.87194,0.16232,-1.13831,-0.02505
0.72946,1.35477,1.45230,9.59717,0.14436,0.43054,-0.00247,-3.97831,1.33302,8.91082,0.16316,-1.08703,-0.00082
0.58157,1.33326,1.44850,9.60503,0.16464,0.39660,-0.00478,-3.96123,1.32234,8.90155,0.18250,-1.08295,0.01149
0.42108,1.33013,1.44750,9.61168,0.16963,0.41774,-0.01104,-3.94336,1.35068,8.88258,0.17300,-1.12252,0.02054
0.73566,1.33321,1.44369,9.62673,0.13653,0.38844,0.02223,-3.94209,1.33410,8.89030,0.13897,-1.07069,0.00703
0.65770,1.32707,1.44558,9.59976,0.19225,0.39315,0.03744,-3.93601,1.33000,8.94870,0.17169,-1.07379,0.00913
0.50880,1.32512,1.44781,9.64085,0.14560,0.41470,-0.01601,-3.92821,1.32587,8.86115,0.17048,-1.09855,-0.00402
0.34309,1.32597,1.45179,9.61063,0.16439,0.42159,0.03509,-3.91507,1.32794,8.88800,0.19695,-1.08199,-0.03744
0.56599,1.32259,1.43680,9.59597,0.20322,0.43210,0.05567,-3.89662,1.37217,8.88492,0.19022,-1.08926,0.03112
0.66521,1.32079,1.46046,9.58717,0.14279,0.41148,-0.04613,-3.90826,1.36242,8.91929,0.17637,-1.13584,0.00418
0.71159,1.30942,1.44742,9.63352,0.15921,0.40263,0.03414,-3.88368,1.34774,8.88792,0.17927,-1.03521,-0.00514
0.84098,1.29548,1.47658,9.62069,0.18416,0.38111,0.01234,-3.87369,1.35485,8.89794,0.15619,-1.09655,-0.00178
0.61017,1.29954,1.47246,9.61270,0.15238,0.37401,-0.00125,-3.87645,1.35439,8.91937,0.19310,-1.05305,-0.00776
0.83952,1.28058,1.46197,9.58722,0.16361,0.37621,0.02882,-3.86595,1.36117,8.92560,0.17772,-1.07402,-0.00496
0.77379,1.29729,1.45961,9.59861,0.13306,0.42000,-0.02031,-3.83934,1.35617,8.90364,0.18428,-1.02369,-0.01383
0.59787,1.28905,1.46796,9.59833,0.16524,0.42271,-0.01184,-3.82940,1.35694,8.88510,0.16456,-1.05764,0.00214
0.69581,1.30489,1.46608,9.64114,0.15243,0.39076,0.01540,-3.84531,1.36908,8.90850,0.12869,-1.05811,0.00900
0.85260,1.28567,1.47793,9.58507,0.18149,0.41578,0.01465,-3.81857,1.36803,8.96800,0.19334,-1.10697,0.01542
0.87462,1.27714,1.46423,9.57502,0.14101,0.40005,0.02660,-3.81215,1.38051,8.93138,0.13746,-1.01376,0.01222
0.70339,1.26945,1.46473,9.61398,0.14833,0.39125,-0.00843,-3.80388,1.36124,8.91055,0.18299,-1.03514,-0.01360
0.92929,1.26518,1.46465,9.62813,0.15864,0.41979,-0.00072,-3.77411,1.38108,8.89602,0.17311,-1.00451,0.02509
0.69230,1.28023,1.47623,9.61404,0.14839,0.38887,-0.00981,-3.78001,1.37946,8.97860,0.16096,-1.03585,0.01690
0.64111,1.24943,1.49926,9.59843,0.19188,0.38644,-0.01412,-3.76537,1.35092,8.97983,0.14937,-1.04603,0.00824
0.56356,1.27270,1.47750,9.62444,0.15394,0.37910,-0.00551,-3.76027,1.38177,8.96407,0.15969,-1.00964,-0.00925
0.53207,1.26251,1.48314,9.60397,0.17721,0.36611,-0.05529,-3.72173,1.38784,8.97965,0.16693,-1.03721,0.00145
0.53377,1.27337,1.48665,9.59131,0.17308,0.35078,0.00905,-3.73598,1.37532,8.95842,0.15754,-1.03398,-0.01509
0.72237,1.25201,1.46610,9.60663,0.18122,0.34774,0.02440,-3.72772,1.38951,8.99542,0.15818,-1.03907,-0.02352
0.51286,1.25400,1.48392,9.60238,0.17743,0.38303,-0.02495,-3.70790,1.38175,8.98547,0.17642,-1.00571,-0.00582
0.57949,1.22789,1.48911,9.62237,0.14561,0.38539,-0.01399,-3.70530,1.39639,8.99991,0.15970,-1.02982,-0.00923
0.81771,1.23926,1.48334,9.58198,0.14615,0.39172,-0.01970,-3.71846,1.40654,9.01679,0.18172,-1.03059,0.01230
0.41763,1.22400,1.48757,9.61500,0.16557,0.40651,0.02098,-3.67964,1.39598,8.98454,0.15964,-1.02010,-0.04921
0.71010,1.23222,1.48708,9.61059,0.15990,0.38287,-0.02094,-3.68002,1.39723,8.99264,0.16502,-1.00095,-0.01804
0.72843,1.23107,1.48250,9.59246,0.13302,0.37621,-0.01169,-3.65999,1.38827,8.98008,0.15553,-0.99668,-0.01153
0.61239,1.24083,1.49952,9.61969,0.12296,0.36066,-0.02901,-3.66718,1.39111,8.99658,0.15527,-1.00015,-0.00576
0.61956,1.19799,1.49247,9.62841,0.12081,0.38119,-0.00291,-3.65505,1.40626,8.97428,0.12976,-0.99912,-0.00457
0.36841,1.21441,1.49657,9.61526,0.15625,0.39357,-0.02067,-3.64227,1.39538,9.02716,0.15888,-0.97573,0.01164
0.69836,1.22146,1.50241,9.62613,0.14774,0.38811,0.02331,-3.60587,1.38569,9.01100,0.18142,-1.01449,0.00651
0.40688,1.20809,1.50201,9.64027,0.17292,0.34250,-0.00248,-3.62130,1.38984,9.01135,0.18160,-0.98313,0.01730
0.62161,1.18217,1.51082,9.60780,0.15807,0.33488,-0.00501,-3.60927,1.42227,9.02003,0.17749,-0.99307,-0.03079
0.75257,1.21090,1.51259,9.61924,0.13253,0.37038,0.00486,-3.61292,1.39872,9.03176,0.15849,-0.98492,0.00923
0.90740,1.18964,1.51256,9.57955,0.16833,0.38290,-0.02419,-3.59489,1.42320,9.01806,0.17080,-0.96567,0.03011
0.43976,1.18973,1.52407,9.61633,0.15638,0.40473,0.00219,-3.59817,1.39295,8.98419,0.14657,-0.98366,0.02137
0.86124,1.18982,1.51117,9.58774,0.15821,0.33286,0.02377,-3.58032,1.42046,8.99212,0.16483,-0.97639,-0.00663
0.80958,1.18847,1.50124,9.63138,0.14596,0.38013,-0.02251,-3.56566,1.41379,9.01065,0.16682,-0.96907,0.00865
0.85442,1.18209,1.51393,9.61718,0.15521,0.38356,0.01575,-3.57789,1.43303,9.03348,0.16146,-0.97902,0.01349
0.56609,1.15760,1.51762,9.65030,0.16466,0.36985,0.01227,-3.55903,1.43193,9.01727,0.19012,-0.98654,-0.02851
0.70948,1.16407,1.50097,9.61316,0.17338,0.34708,-0.01027,-3.52991,1.40274,9.03337,0.14555,-0.96250,-0.01841
0.51809,1.15937,1.51817,9.59089,0.16902,0.37432,-0.00808,-3.53826,1.42795,9.02313,0.14847,-0.91480,0.00897
0.31778,1.17349,1.51667,9.58708,0.16972,0.34823,-0.00939,-3.54212,1.43232,9.04013,0.12785,-0.95380,-0.03020
0.53611,1.16137,1.53598,9.60095,0.18526,0.35887,-0.01892,-3.50932,1.43465,9.02224,0.15567,-0.95861,-0.01099
0.74691,1.15732,1.52333,9.61716,0.18787,0.34334,-0.00134,-3.51097,1.42444,9.03273,0.17016,-0.93416,0.00524
0.44076,1.16916,1.51589,9.61123,0.16851,0.37363,0.00046,-3.50051,1.42216,9.05867,0.16872,-0.94359,-0.00246
0.71430,1.14377,1.53804,9.64374,0.17114,0.33715,0.01122,-3.51011,1.43568,9.06969,0.16000,-0.94437,0.01187
0.45522,1.14185,1.52171,9.62157,0.16965,0.33387,-0.00992,-3.50242,1.43175,9.01851,0.19415,-0.94185,0.00847
0.80756,1.14669,1.53936,9.64465,0.15568,0.35520,-0.00109,-3.47516,1.43381,9.07526,0.12737,-0.98209,-0.00444
0.60092,1.12480,1.53069,9.61108,0.19133,0.36498,-0.01064,-3.44538,1.44196,9.09340,0.15711,-0.92120,0.01238
0.44913,1.13620,1.53468,9.61393,0.11617,0.32639,-0.05352,-3.45999,1.44166,9.04406,0.16971,-0.95991,0.00015
0.77898,1.14192,1.53811,9.61120,0.11508,0.36554,-0.04036,-3.44458,1.43264,9.06381,0.13907,-0.94569,-0.02188
0.48139,1.13020,1.54338,9.60637,0.16510,0.36321,0.00680,-3.43561,1.45750,9.10195,0.15915,-0.95632,-0.01500
0.47241,1.12977,1.52895,9.57466,0.13177,0.35979,-0.03056,-3.41072,1.46350,9.07087,0.15975,-0.88422,-0.00467
0.39145,1.12217,1.56689,9.61883,0.17628,0.32987,-0.01273,-3.42666,1.44329,9.10644,0.18837,-0.90359,-0.00242
0.78898,1.12778,1.55913,9.60372,0.20407,0.36360,-0.02858,-3.41724,1.45035,9.09178,0.17706,-0.91791,0.00219
0.39818,1.13010,1.55339,9.61826,0.17426,0.34935,0.02096,-3.42019,1.43999,9.10868,0.14349,-0.91217,-0.00407
0.53859,1.11048,1.52499,9.63400,0.12516,0.36290,0.00290,-3.40802,1.45331,9.07464,0.15242,-0.93774,0.01468
0.57206,1.11389,1.54308,9.61680,0.16467,0.33684,-0.01592,-3.40371,1.45176,9.06783,0.15809,-0.92371,0.01413
0.84047,1.12150,1.55776,9.65711,0.15444,0.33004,0.03019,-3.36862,1.47250,9.07761,0.13907,-0.91553,0.04402
0.81226,1.09956,1.54289,9.64750,0.14683,0.34117,-0.01240,-3.38423,1.46391,9.08412,0.13654,-0.91691,0.04038
0.50482,1.10489,1.55377,9.65297,0.16939,0.31636,0.01490,-3.37830,1.47034,9.06327,0.17595,-0.87598,0.01188
0.55282,1.09259,1.55983,9.61425,0.19343,0.36830,-0.01426,-3.36695,1.46632,9.12764,0.14890,-0.89980,-0.01264
0.36743,1.09945,1.56151,9.62647,0.22330,0.33977,-0.02552,-3.35210,1.47501,9.08238,0.18834,-0.88343,-0.02467
0.45292,1.09642,1.56979,9.60076,0.19251,0.33835,-0.04994,-3.34844,1.46073,9.09232,0.17699,-0.88644,0.02715
0.82833,1.08181,1.54684,9.59710,0.17613,0.34139,-0.01003,-3.32901,1.46756,9.09948,0.19159,-0.90636,0.00522
0.82290,1.09180,1.56701,9.64350,0.14928,0.34892,-0.00912,-3.32475,1.48210,9.11369,0.10622,-0.90011,0.01585
0.81303,1.08200,1.55836,9.61069,0.13995,0.32282,0.01909,-3.32613,1.48203,9.11419,0.11326,-0.86165,-0.04832
0.50423,1.06858,1.55497,9.63761,0.14390,0.32329,-0.01150,-3.32596,1.49052,9.12832,0.14518,-0.83447,0.00329
0.44683,1.05887,1.56346,9.60318,0.15872,0.31760,-0.00667,-3.31777,1.49513,9.13037,0.15340,-0.85670,-0.01341
0.73160,1.08888,1.56796,9.61400,0.16450,0.32336,-0.01399,-3.30342,1.50091,9.11276,0.14446,-0.87199,0.01351
0.61808,1.07315,1.56534,9.63089,0.18090,0.35228,0.00768,-3.26332,1.48299,9.12027,0.18260,-0.85647,-0.00874
0.75527,1.07244,1.57407,9.60913,0.17875,0.36802,0.01385,-3.31381,1.47646,9.15417,0.16598,-0.85730,-0.00628
0.39432,1.06993,1.57334,9.64407,0.18698,0.33104,-0.01145,-3.26991,1.48937,9.12005,0.15060,-0.85492,-0.02285
0.50239,1.05733,1.55918,9.63988,0.14757,0.30037,0.00087,-3.27109,1.48466,9.10184,0.18982,-0.88309,0.02584
0.69351,1.06689,1.56590,9.60908,0.15275,0.34340,0.02951,-3.26790,1.50301,9.11744,0.12476,-0.90108,-0.00392
0.80210,1.05976,1.57145,9.66871,0.13909,0.35146,-0.02126,-3.25491,1.48535,9.13656,0.15085,-0.87016,-0.00728
0.33145,1.04753,1.56973,9.66675,0.12710,0.32505,-0.00298,-3.23653,1.50156,9.17174,0.14699,-0.88177,-0.02104
0.47562,1.05256,1.58943,9.62696,0.14757,0.33471,-0.00391,-3.23377,1.48345,9.14199,0.19051,-0.84950,0.00661
0.90703,1.04020,1.57904,9.61306,0.16900,0.35419,0.00297,-3.20952,1.50095,9.13880,0.15838,-0.84467,-0.00776
0.80432,1.03060,1.59551,9.63706,0.17797,0.30986,0.02366,-3.21805,1.49441,9.15657,0.13340,-0.85474,0.01083
0.84751,1.04541,1.58229,9.62792,0.13294,0.31060,0.03350,-3.21289,1.50658,9.16408,0.21189,-0.86459,-0.00178
0.54369,1.04285,1.58718,9.62858,0.13044,0.30346,-0.03946,-3.20944,1.51061,9.15607,0.17182,-0.84523,-0.00900
0.38177,1.03442,1.59907,9.64158,0.16055,0.32559,0.00144,-3.18793,1.50079,9.14335,0.18527,-0.84093,0.00615
0.62506,1.02660,1.58676,9.61071,0.17222,0.32091,-0.01091,-3.17477,1.51856,9.13705,0.12205,-0.83306,0.00260
0.70952,1.03661,1.57195,9.61189,0.16381,0.33650,0.01959,-3.16285,1.52199,9.13843,0.09626,-0.83755,0.03111
0.71230,1.03464,1.59543,9.65497,0.16005,0.29906,-0.04015,-3.16469,1.51629,9.12600,0.15665,-0.84371,0.01703
0.84449,1.03150,1.59258,9.62170,0.16940,0.30394,0.01496,-3.16335,1.51386,9.16577,0.14253,-0.83609,-0.03404
0.50283,1.02350,1.58334,9.60818,0.18343,0.28794,0.03084,-3.16024,1.51915,9.17997,0.12796,-0.82914,0.01937
0.77457,0.99347,1.59130,9.62586,0.13523,0.27990,-0.00121,-3.16270,1.51083,9.20540,0.15951,-0.88651,0.04883
0.74683,1.00327,1.59252,9.62706,0.15071,0.29305,0.01320,-3.12451,1.52223,9.16075,0.20118,-0.79515,-0.03984
0.50685,0.99685,1.60954,9.65200,0.16206,0.33184,0.00941,-3.12932,1.51786,9.14953,0.16227,-0.82650,-0.04419
0.46586,1.01594,1.60314,9.62625,0.17154,0.31018,0.00487,-3.12238,1.51575,9.15122,0.15258,-0.83107,0.03010
0.68964,0.99848,1.59722,9.61413,0.14098,0.33612,0.01258,-3.12470,1.53892,9.20661,0.14617,-0.79955,-0.01077
0.60178,0.99578,1.60996,9.60995,0.19441,0.31544,0.03326,-3.08768,1.51319,9.18869,0.10693,-0.79818,-0.01175
0.39919,0.98640,1.58359,9.61478,0.13524,0.29948,-0.02046,-3.09187,1.52670,9.17234,0.15760,-0.81319,-0.00075
0.46784,0.98832,1.61277,9.59488,0.17438,0.27287,-0.00354,-3.08471,1.52955,9.16481,0.17181,-0.80967,0.00296
0.41904,0.99346,1.61311,9.64532,0.14902,0.31051,-0.01067,-3.07793,1.52930,9.18444,0.15976,-0.82706,0.01889
0.63673,0.98383,1.59420,9.61425,0.11685,0.32592,0.01098,-3.07067,1.54178,9.22187,0.13753,-0.80384,-0.00554
0.62650,0.99948,1.61986,9.62905,0.14203,0.32652,-0.01347,-3.06306,1.53699,9.22250,0.14206,-0.80720,-0.01535
0.80894,0.98565,1.59350,9.62914,0.17885,0.33795,-0.00259,-3.05544,1.55910,9.17926,0.13173,-0.82927,0.05699
0.79605,0.98738,1.61289,9.62786,0.19599,0.29901,0.04164,-3.04077,1.53816,9.18548,0.14560,-0.80204,0.00448
0.80383,0.96854,1.61703,9.63309,0.16341,0.33240,-0.04063,-3.06612,1.55025,9.20558,0.19143,-0.79769,0.01902
0.79646,0.97787,1.62458,9.60264,0.19187,0.30381,0.00169,-3.03730,1.54247,9.17281,0.11958,-0.77262,-0.01605
0.36101,0.95739,1.62683,9.62418,0.19888,0.29874,-0.00390,-3.03410,1.55917,9.20028,0.17273,-0.75982,-0.03681
0.81773,0.97081,1.62569,9.64720,0.12819,0.28375,-0.03627,-3.03422,1.56190,9.22828,0.14116,-0.80314,-0.00727
0.58909,0.96207,1.62665,9.65517,0.17334,0.28373,-0.03632,-3.02039,1.54190,9.18387,0.16566,-0.78911,0.00218
0.26748,0.97355,1.63945,9.59994,0.15513,0.28819,0.01352,-3.01035,1.54804,9.23153,0.16299,-0.81820,-0.00535
0.49941,0.96650,1.63187,9.63017,0.17053,0.30306,0.01377,-3.00422,1.54085,9.20288,0.12665,-0.78809,-0.00562
0.37971,0.95707,1.63140,9.62341,0.15261,0.27783,-0.01214,-3.00446,1.57187,9.20125,0.15909,-0.74392,0.02438
0.83924,0.95059,1.63578,9.61451,0.11923,0.30725,0.02775,-3.00177,1.54215,9.21397,0.18801,-0.77563,-0.03479
0.84265,0.94612,1.63102,9.63875,0.13427,0.28704,-0.01292,-2.97293,1.52819,9.21828,0.16601,-0.76890,0.01803
0.48526,0.94584,1.64209,9.62474,0.14756,0.31204,0.01200,-2.96250,1.57350,9.25494,0.15259,-0.74256,-0.03802
0.86486,0.93383,1.62950,9.62258,0.15597,0.28895,-0.00142,-2.97135,1.56859,9.21842,0.14986,-0.75464,-0.00091
0.38060,0.95238,1.64225,9.61990,0.15592,0.27249,-0.00879,-2.96446,1.58069,9.20677,0.19853,-0.76406,0.03156
0.73674,0.93774,1.63057,9.61221,0.15241,0.27406,0.02974,-2.95192,1.57979,9.21841,0.17315,-0.79663,-0.00659
0.63795,0.94696,1.62817,9.62034,0.16637,0.29822,-0.00488,-2.94464,1.55290,9.22041,0.15431,-0.73403,-0.00651
0.51981,0.92763,1.62778,9.60747,0.15255,0.28883,-0.01829,-2.94000,1.56953,9.21386,0.19348,-0.76635,-0.01145
0.32283,0.92467,1.65622,9.62175,0.14653,0.31057,0.02002,-2.92736,1.56696,9.25164,0.15488,-0.74596,-0.02895
0.81180,0.92824,1.64231,9.65123,0.18203,0.29555,0.00024,-2.93372,1.57061,9.19791,0.15624,-0.80739,0.00086
0.78572,0.92938,1.62850,9.58910,0.13772,0.26827,-0.00149,-2.91701,1.58201,9.22572,0.13561,-0.76206,-0.02458
0.83052,0.91978,1.64214,9.63075,0.13944,0.28591,0.02392,-2.92299,1.56955,9.24809,0.13768,-0.74663,-0.00384
0.65107,0.92203,1.65057,9.64292,0.15539,0.26410,0.00272,-2.89063,1.56586,9.24300,0.17252,-0.74558,0.00840
0.43142,0.91521,1.65532,9.62625,0.16356,0.31940,-0.03777,-2.87923,1.58147,9.25094,0.19971,-0.77300,0.00049
0.84912,0.91614,1.61234,9.59345,0.16376,0.27909,0.03378,-2.88883,1.57636,9.26114,0.16791,-0.74187,0.00903
0.57834,0.90173,1.66234,9.64921,0.16582,0.31207,-0.05108,-2.89401,1.60186,9.25600,0.17758,-0.78115,-0.03665
0.57174,0.91454,1.65002,9.61252,0.15601,0.28961,-0.00047,-2.88323,1.58517,9.21639,0.17554,-0.74235,-0.01437
0.39283,0.88673,1.65722,9.65637,0.16827,0.30896,0.00140,-2.86452,1.59473,9.21658,0.16995,-0.77102,-0.00147
0.61948,0.89836,1.65307,9.63930,0.20039,0.30964,0.00700,-2.85355,1.59114,9.25155,0.18888,-0.75137,-0.02580
0.62756,0.89407,1.65545,9.64675,0.15597,0.26833,-0.01473,-2.84434,1.57088,9.23656,0.15342,-0.72360,0.01962
0.74096,0.88603,1.64702,9.62316,0.14600,0.30049,-0.00813,-2.84772,1.59546,9.27947,0.15106,-0.74629,0.03698
0.50170,0.91294,1.66638,9.64199,0.14241,0.25344,0.00480,-2.82574,1.60059,9.26725,0.14096,-0.70481,-0.01505
0.67274,0.90595,1.66122,9.60812,0.15227,0.28324,0.03085,-2.81171,1.62087,9.26346,0.19002,-0.70452,0.00643
0.63356,0.87592,1.65818,9.60524,0.15764,0.28678,-0.00150,-2.82776,1.60645,9.28013,0.13629,-0.70998,-0.02364
0.73290,0.88983,1.65021,9.62540,0.14444,0.29380,0.00157,-2.80723,1.59000,9.23061,0.15051,-0.72434,-0.02020
0.59796,0.88371,1.64670,9.63418,0.16720,0.24856,-0.01475,-2.81361,1.59441,9.25368,0.12328,-0.75233,0.02450
0.41127,0.88857,1.67710,9.63139,0.16281,0.25056,0.02700,-2.80457,1.61998,9.25504,0.17971,-0.70788,-0.00128
0.62878,0.86436,1.66803,9.63981,0.13837,0.26325,-0.00077,-2.80890,1.59319,9.27567,0.14928,-0.71424,0.02169
0.32709,0.88802,1.68697,9.63799,0.15563,0.27704,-0.02105,-2.78755,1.62281,9.27166,0.18696,-0.70176,0.02837
0.66313,0.87772,1.67554,9.61594,0.15237,0.25215,-0.01579,-2.78532,1.61658,9.32189,0.13663,-0.70680,0.00766
0.29482,0.88384,1.67506,9.59779,0.16783,0.26287,-0.03286,-2.77318,1.63116,9.27894,0.16858,-0.69424,-0.01001
0.78255,0.85945,1.67939,9.64800,0.14245,0.28162,0.00813,-2.77329,1.63160,9.26905,0.16068,-0.73839,0.01314
0.35997,0.84694,1.68862,9.63055,0.12525,0.23349,0.03652,-2.75859,1.62072,9.27287,0.11753,-0.71375,-0.02035
0.88466,0.85686,1.67189,9.62718,0.16833,0.26160,-0.02350,-2.75372,1.63344,9.28629,0.17872,-0.72700,0.03264
0.35309,0.85561,1.68966,9.63408,0.14991,0.27340,0.02333,-2.73879,1.60897,9.25082,0.16359,-0.68305,-0.01168
0.42771,0.86084,1.68159,9.63250,0.16411,0.24201,-0.01735,-2.75312,1.60778,9.29788,0.16789,-0.69769,-0.02594
0.65314,0.85196,1.67619,9.64243,0.10727,0.28621,0.03980,-2.74455,1.64210,9.26379,0.17304,-0.71116,-0.00700
0.38026,0.83941,1.67065,9.65040,0.14667,0.26182,-0.00602,-2.73229,1.62024,9.29595,0.13977,-0.71233,0.01688
0.78150,0.85302,1.69627,9.60576,0.16184,0.25869,-0.02632,-2.73671,1.60893,9.27099,0.15960,-0.68307,0.01208
0.89302,0.86111,1.68139,9.59833,0.17887,0.25713,-0.01986,-2.71237,1.63132,9.28067,0.12744,-0.70556,0.03623
0.38346,0.83852,1.68851,9.62857,0.16407,0.22919,-0.00861,-2.71252,1.62923,9.29524,0.13160,-0.69266,0.00047
0.82659,0.85090,1.69497,9.61595,0.14424,0.25779,0.00358,-2.70751,1.63476,9.30258,0.14004,-0.67259,0.00858
0.52284,0.85610,1.69809,9.62133,0.14639,0.25085,0.02488,-2.70497,1.63009,9.26036,0.17395,-0.71703,0.02920
0.47507,0.83114,1.69313,9.59946,0.16660,0.23464,-0.00808,-2.69361,1.62149,9.30242,0.15571,-0.68509,0.01722
0.87000,0.82993,1.69163,9.64595,0.18589,0.28127,-0.00663,-2.69009,1.61962,9.30954,0.14594,-0.72818,0.00266
0.35063,0.83566,1.69129,9.61875,0.17489,0.28199,-0.00343,-2.67072,1.64124,9.29215,0.18077,-0.71076,0.00208
0.32587,0.83738,1.69819,9.63151,0.14771,0.27615,-0.01011,-2.68264,1.63885,9.30742,0.17131,-0.69928,-0.00504
0.34818,0.80816,1.72161,9.62103,0.16119,0.22239,-0.00528,-2.68131,1.66992,9.26432,0.12167,-0.69861,0.01985
0.58683,0.82952,1.70423,9.62006,0.15105,0.23797,-0.01958,-2.64873,1.63483,9.31823,0.17503,-0.68487,-0.01143
0.73310,0.80405,1.70519,9.63787,0.12766,0.28462,-0.02336,-2.65491,1.64436,9.28903,0.14277,-0.66907,0.01227
0.70847,0.81027,1.69710,9.61397,0.12430,0.28875,-0.00082,-2.63628,1.63006,9.29306,0.12587,-0.69035,-0.00875
0.64701,0.81616,1.70369,9.63298,0.15696,0.25614,0.00429,-2.63140,1.63869,9.30024,0.15154,-0.66072,-0.00954
0.28433,0.81509,1.72542,9.62082,0.15613,0.24282,-0.00202,-2.65203,1.63652,9.30262,0.18898,-0.68185,-0.00469
0.54748,0.82043,1.71085,9.62221,0.13080,0.26490,0.01239,-2.64425,1.66272,9.26681,0.18943,-0.65782,-0.00783
0.48363,0.79916,1.71588,9.61418,0.12664,0.26488,-0.00947,-2.62933,1.64448,9.34295,0.19704,-0.65414,0.00524
0.69889,0.80976,1.69311,9.63678,0.12713,0.21282,0.01672,-2.59899,1.64930,9.28353,0.14788,-0.64209,-0.00654
0.66571,0.80423,1.71612,9.59500,0.17759,0.24505,0.01067,-2.60022,1.65620,9.29360,0.15578,-0.66985,-0.04085
0.50106,0.80055,1.71819,9.59559,0.17744,0.27309,0.00812,-2.60516,1.65970,9.29165,0.15546,-0.68274,-0.03141
0.49857,0.79326,1.71552,9.66348,0.13771,0.22258,-0.01581,-2.59552,1.65082,9.30678,0.14408,-0.66400,0.00855
0.56828,0.79957,1.72158,9.62729,0.12173,0.28053,0.01298,-2.59368,1.66143,9.30319,0.15991,-0.64396,0.00333
0.80765,0.79431,1.72129,9.59244,0.14797,0.21701,-0.00391,-2.60208,1.65222,9.30651,0.15513,-0.64551,-0.00187
0.78250,0.79444,1.72032,9.61086,0.15494,0.25193,-0.00466,-2.59113,1.65889,9.33199,0.12791,-0.60544,-0.01176
0.37809,0.80107,1.73560,9.62452,0.14994,0.25276,0.00575,-2.56746,1.66224,9.31676,0.18516,-0.65360,-0.03507
0.45488,0.77223,1.72363,9.62992,0.18961,0.21627,-0.01413,-2.56643,1.66334,9.28607,0.16473,-0.60988,-0.03705
0.66319,0.77213,1.72144,9.61379,0.18375,0.24972,0.00564,-2.55586,1.66878,9.34064,0.16485,-0.60701,-0.01467
0.81723,0.78322,1.71260,9.58320,0.16059,0.21649,0.01009,-2.54790,1.68192,9.31951,0.11848,-0.63446,0.00065
0.40886,0.77627,1.73889,9.60923,0.15677,0.25749,-0.00634,-2.54401,1.67955,9.31694,0.12933,-0.62982,-0.00342
0.78662,0.77887,1.73521,9.63860,0.15169,0.22896,-0.00777,-2.53477,1.68648,9.33449,0.12666,-0.64272,0.00176
0.33181,0.77749,1.74065,9.62863,0.18417,0.25855,0.04719,-2.52077,1.70275,9.30548,0.15991,-0.65079,0.01339
0.34393,0.78421,1.72429,9.62507,0.14389,0.21577,0.02601,-2.52368,1.69031,9.33567,0.15968,-0.60539,0.01381
0.50540,0.76868,1.73958,9.60144,0.17570,0.24416,0.00792,-2.52620,1.67917,9.34638,0.12513,-0.61842,-0.00562
0.87817,0.78445,1.74912,9.64943,0.19091,0.25874,-0.01645,-2.50821,1.68966,9.31602,0.14076,-0.60142,-0.01756
0.47098,0.75681,1.72981,9.58811,0.15632,0.22817,-0.01734,-2.51172,1.69215,9.32747,0.17748,-0.65557,0.00847
0.79659,0.76679,1.73905,9.59107,0.15582,0.21877,-0.00747,-2.49383,1.67008,9.33391,0.13332,-0.63208,-0.01958
0.33472,0.75193,1.73826,9.63604,0.13198,0.19449,0.02772,-2.48272,1.68769,9.34744,0.16533,-0.64501,-0.01270
0.40000,0.76878,1.74302,9.63428,0.17297,0.21861,0.04314,-2.48873,1.69115,9.34724,0.16706,-0.58608,-0.01108
0.88061,0.75136,1.74661,9.62662,0.16084,0.21488,0.04410,-2.49076,1.66998,9.34095,0.17090,-0.64308,0.00507
0.73157,0.75679,1.75509,9.62614,0.09129,0.26974,0.00157,-2.49334,1.71932,9.33947,0.12829,-0.59751,0.03283
0.86473,0.77352,1.76439,9.63046,0.12306,0.25007,0.01889,-2.45957,1.68624,9.29946,0.15019,-0.64002,-0.00530
0.77493,0.74690,1.74670,9.65893,0.14019,0.22325,0.01683,-2.47092,1.69920,9.31248,0.17222,-0.61612,0.01701
0.86930,0.72880,1.76466,9.63921,0.15415,0.22156,0.01162,-2.46251,1.70520,9.35361,0.14394,-0.63363,0.03084
0.48482,0.73884,1.76016,9.63922,0.13640,0.26653,-0.00829,-2.45801,1.70613,9.34058,0.17036,-0.60860,0.00240
0.37843,0.74559,1.75046,9.59340,0.13910,0.23186,0.01920,-2.46270,1.69289,9.36224,0.16104,-0.62012,0.01578
0.54211,0.74206,1.74709,9.60960,0.16170,0.22320,-0.01688,-2.45649,1.70396,9.30054,0.16078,-0.57068,0.01064
0.53054,0.72946,1.75563,9.59968,0.15647,0.20863,0.00284,-2.43810,1.72202,9.33464,0.15683,-0.60533,-0.00854
0.43223,0.73133,1.76028,9.65912,0.10287,0.20953,-0.02064,-2.45144,1.71421,9.37975,0.15856,-0.61521,-0.00252
0.78482,0.73950,1.75433,9.62644,0.14661,0.23884,0.00647,-2.42431,1.71362,9.36600,0.14696,-0.59767,0.01217
0.87143,0.73443,1.78784,9.65127,0.14363,0.22030,0.01601,-2.43453,1.69588,9.37261,0.12275,-0.57671,0.01661
0.68894,0.75120,1.76351,9.65189,0.14681,0.21698,-0.00372,-2.40826,1.71030,9.30719,0.14179,-0.61972,0.01869
0.62929,0.73174,1.73641,9.63904,0.13297,0.21403,0.01214,-2.41219,1.71550,9.36459,0.14002,-0.56950,0.02233
0.54055,0.70207,1.75291,9.65748,0.12340,0.20709,-0.01545,-2.41684,1.70060,9.32472,0.18369,-0.60825,0.00455
0.75855,0.72573,1.77247,9.63448,0.14620,0.21471,0.02930,-2.40590,1.72164,9.38998,0.14529,-0.63274,0.05208
0.55591,0.71707,1.77723,9.60705,0.11287,0.21402,-0.01925,-2.37583,1.72712,9.32658,0.14561,-0.63937,0.00767
0.62332,0.72033,1.77949,9.58281,0.11838,0.20107,0.04222,-2.39841,1.73023,9.35638,0.14683,-0.56732,0.00658
0.60566,0.72697,1.75774,9.64768,0.12740,0.20896,0.01614,-2.38036,1.71597,9.34742,0.16860,-0.58982,-0.01969
0.44198,0.71307,1.76782,9.62488,0.13279,0.24251,-0.00118,-2.38820,1.71611,9.36487,0.14754,-0.58208,-0.00985
0.75311,0.71548,1.78474,9.62021,0.14852,0.21474,-0.02979,-2.37480,1.71118,9.35497,0.16295,-0.59805,-0.01262
0.28197,0.71937,1.77081,9.66128,0.20104,0.22945,-0.01914,-2.37059,1.72005,9.35909,0.10520,-0.59303,-0.01125
0.65808,0.71077,1.78955,9.61097,0.18067,0.26135,0.01193,-2.36262,1.72597,9.36530,0.16310,-0.54174,-0.00826
0.39359,0.70861,1.78107,9.65736,0.13925,0.18072,-0.00241,-2.35519,1.72946,9.35294,0.14026,-0.56888,-0.02766
0.55332,0.70878,1.78686,9.60865,0.15948,0.18933,0.01358,-2.32770,1.73118,9.34829,0.16261,-0.56458,0.00326
0.82936,0.71293,1.78610,9.59798,0.13981,0.21774,-0.02894,-2.35680,1.72885,9.33354,0.14169,-0.54054,0.00814
0.41026,0.69907,1.78207,9.62446,0.14023,0.22806,-0.01270,-2.36286,1.75206,9.36396,0.19049,-0.60279,0.00430
0.42617,0.70692,1.78868,9.60291,0.14808,0.22876,-0.01728,-2.31814,1.72566,9.39086,0.12294,-0.56855,0.00264
0.78173,0.68853,1.79878,9.61296,0.13932,0.24739,0.00669,-2.32064,1.73994,9.35151,0.14605,-0.57105,-0.00706
0.36874,0.68304,1.78411,9.61173,0.15593,0.22432,0.01498,-2.33198,1.74554,9.37820,0.15907,-0.56141,-0.01848
0.69130,0.68539,1.78661,9.60618,0.12166,0.25578,-0.00928,-2.31970,1.75166,9.36867,0.14904,-0.54736,-0.01186
0.88014,0.69190,1.80648,9.63066,0.12535,0.22850,0.00362,-2.31272,1.74042,9.37493,0.17046,-0.56128,0.00693
0.71115,0.67446,1.79647,9.60733,0.14788,0.22698,0.00102,-2.30396,1.73683,9.38401,0.19376,-0.57226,0.01442
0.73472,0.67239,1.78378,9.60473,0.12133,0.20862,0.01499,-2.28502,1.72884,9.36210,0.14978,-0.53332,-0.04503
0.48469,0.69547,1.79017,9.61962,0.13102,0.18372,-0.02642,-2.26807,1.73770,9.39480,0.13248,-0.58440,-0.03617
0.89416,0.68225,1.82170,9.61874,0.17612,0.21568,-0.00140,-2.29223,1.74744,9.35861,0.12386,-0.54646,0.03109
0.40636,0.68859,1.78393,9.64202,0.13240,0.18638,-0.01614,-2.29280,1.75594,9.41342,0.13923,-0.55012,0.01294
0.79715,0.68394,1.80541,9.62018,0.12185,0.21907,0.01382,-2.27606,1.75930,9.34230,0.15868,-0.58464,0.00308
0.38203,0.68667,1.78890,9.61422,0.15539,0.22549,-0.00263,-2.27186,1.75514,9.42217,0.17142,-0.55082,0.00435
0.92639,0.65680,1.81616,9.65081,0.13557,0.24596,0.00102,-2.27429,1.75809,9.43262,0.16394,-0.56269,-0.03084
0.42449,0.66245,1.80118,9.63172,0.12416,0.22661,-0.01759,-2.28292,1.75502,9.37719,0.17981,-0.56261,-0.01359
0.64699,0.68332,1.79248,9.61422,0.15644,0.19608,-0.01085,-2.26179,1.77706,9.36606,0.11384,-0.57034,0.01494
0.83313,0.66177,1.81359,9.59785,0.16014,0.17376,-0.00521,-2.26074,1.76868,9.38968,0.14987,-0.57387,-0.00218
0.75346,0.65605,1.81101,9.60621,0.12829,0.20458,-0.00823,-2.25893,1.77017,9.35397,0.13188,-0.54743,-0.00275
0.76570,0.66423,1.79617,9.62903,0.15963,0.19036,0.00912,-2.24491,1.77309,9.34857,0.16156,-0.56013,-0.01071
0.74146,0.65254,1.81830,9.61112,0.13609,0.22434,0.01504,-2.24967,1.76223,9.35740,0.11529,-0.53150,-0.01056
0.60371,0.64956,1.81122,9.59044,0.17718,0.17482,0.03000,-2.23010,1.77206,9.35007,0.16056,-0.54431,-0.03645
0.42623,0.65138,1.81598,9.61932,0.14389,0.21986,-0.03761,-2.20856,1.76072,9.38288,0.13993,-0.55882,0.03594
0.77989,0.66557,1.82036,9.62677,0.17210,0.20871,-0.02850,-2.23075,1.77099,9.37958,0.15840,-0.50040,-0.02673
0.75172,0.65858,1.81511,9.61420,0.13664,0.23428,0.04948,-2.23528,1.75712,9.39151,0.13707,-0.52842,0.01506
0.52696,0.66398,1.82593,9.61429,0.17070,0.23390,-0.01598,-2.20708,1.77659,9.37388,0.16675,-0.53011,-0.01807
0.65406,0.66752,1.83415,9.60140,0.16780,0.19449,-0.04942,-2.21911,1.77752,9.41042,0.17630,-0.53865,-0.01242
0.51105,0.63662,1.81892,9.62165,0.12906,0.25905,0.00292,-2.20473,1.77261,9.35872,0.14686,-0.51886,0.00420
0.57190,0.65397,1.81242,9.62085,0.16259,0.22229,-0.02326,-2.20580,1.78074,9.41847,0.17372,-0.55259,-0.03870
0.78762,0.64040,1.81343,9.56819,0.13994,0.24068,-0.03829,-2.20825,1.77606,9.40271,0.14861,-0.55235,0.02598
0.62389,0.64107,1.81935,9.62733,0.16686,0.20309,0.02622,-2.18528,1.78735,9.42307,0.14833,-0.51286,-0.01348
0.64605,0.64195,1.82604,9.61015,0.13432,0.17673,-0.00809,-2.17732,1.79615,9.42042,0.13955,-0.54363,-0.01620
0.49247,0.63523,1.82701,9.59653,0.12761,0.20232,-0.00023,-2.18736,1.78797,9.38784,0.16161,-0.52293,-0.00879
0.47568,0.63738,1.81810,9.61278,0.16258,0.19293,-0.02045,-2.17477,1.78902,9.37277,0.15288,-0.51856,-0.03385
0.73965,0.62969,1.83059,9.64365,0.13286,0.17553,-0.01031,-2.18093,1.76975,9.41215,0.14326,-0.49492,-0.00916
0.72093,0.62559,1.85412,9.59623,0.16512,0.22041,-0.00281,-2.16664,1.78251,9.40600,0.13021,-0.53489,0.00664
0.38435,0.63117,1.83819,9.63253,0.15597,0.16156,0.02703,-2.17887,1.79404,9.38533,0.16583,-0.52292,-0.05790
0.64425,0.63515,1.83271,9.62904,0.14561,0.21583,0.02675,-2.14555,1.80468,9.36912,0.10282,-0.52545,-0.01247
0.66421,0.64476,1.83645,9.62976,0.12117,0.19511,-0.00701,-2.12165,1.79288,9.39535,0.12345,-0.51644,-0.01301
0.65185,0.62098,1.84733,9.63101,0.15154,0.17956,0.02324,-2.15331,1.77573,9.38687,0.17730,-0.52792,-0.02478
0.70454,0.61525,1.84204,9.59354,0.14527,0.19121,0.01374,-2.14575,1.80081,9.39487,0.12014,-0.49095,-0.00901
0.44059,0.61712,1.83559,9.60357,0.15371,0.17240,0.00395,-2.11496,1.81526,9.37888,0.17910,-0.50585,-0.01190
0.36963,0.64367,1.83037,9.61428,0.13751,0.19307,-0.00438,-2.12771,1.79437,9.43021,0.19078,-0.47888,-0.02764
0.35230,0.61378,1.85076,9.62695,0.15471,0.20825,-0.01734,-2.12115,1.80375,9.40483,0.15910,-0.50158,0.01179
0.65295,0.60875,1.83008,9.62993,0.15717,0.22709,-0.01451,-2.13391,1.81174,9.41145,0.15287,-0.48081,0.00575
0.88908,0.61958,1.83231,9.64812,0.16352,0.20717,0.00510,-2.11269,1.80853,9.40506,0.16815,-0.48525,-0.02948
0.82112,0.60518,1.83815,9.63565,0.14067,0.19751,0.01252,-2.11001,1.79928,9.39409,0.18073,-0.51158,0.00929
0.64453,0.61459,1.85642,9.63377,0.12515,0.14545,0.00557,-2.10694,1.80369,9.41676,0.14795,-0.51010,-0.00650
0.84659,0.61757,1.84271,9.60610,0.15031,0.17450,-0.01578,-2.09915,1.78568,9.42681,0.15506,-0.48557,0.00902
0.47436,0.60988,1.84516,9.59798,0.15425,0.19426,-0.00978,-2.09513,1.81592,9.39447,0.15547,-0.51836,-0.00133
0.37012,0.60869,1.85908,9.63226,0.15002,0.19114,0.00142,-2.07759,1.81005,9.41246,0.12906,-0.49121,0.04191
0.51578,0.60410,1.83479,9.60575,0.12598,0.16446,0.00166,-2.07578,1.81520,9.41886,0.14918,-0.48104,0.02781
0.32484,0.61602,1.84059,9.59287,0.16434,0.18156,0.00741,-2.09472,1.81854,9.44342,0.14887,-0.46512,-0.01688
0.75829,0.59270,1.83180,9.62826,0.13040,0.17767,0.00114,-2.08532,1.82111,9.41939,0.15308,-0.49666,-0.00089
0.45039,0.60366,1.85824,9.57874,0.12438,0.16193,-0.00177,-2.08580,1.82135,9.41841,0.17678,-0.47569,0.01467
0.47302,0.57972,1.85919,9.63585,0.16121,0.19055,0.01855,-2.07308,1.82692,9.42837,0.14371,-0.48739,0.01737
0.71371,0.60155,1.84135,9.62214,0.18229,0.18338,0.00815,-2.06639,1.82385,9.40021,0.12447,-0.48059,-0.00719
0.76310,0.61954,1.86426,9.61239,0.15227,0.18983,-0.01658,-2.06306,1.81110,9.38783,0.13555,-0.47227,-0.03749
0.83430,0.58246,1.85319,9.61710,0.15854,0.16064,-0.00701,-2.05085,1.81809,9.43213,0.17163,-0.47806,-0.03278
0.88205,0.59109,1.85803,9.61358,0.13750,0.19836,0.00650,-2.06166,1.84164,9.43471,0.15487,-0.48130,-0.01286
0.75435,0.59415,1.87645,9.61216,0.14202,0.17679,-0.02951,-2.05589,1.82853,9.41271,0.12622,-0.45573,-0.03152
0.78872,0.59953,1.84362,9.60582,0.15652,0.19212,-0.01887,-2.05033,1.81381,9.45921,0.14250,-0.46442,0.00066
0.43274,0.58564,1.86328,9.59556,0.12645,0.15328,-0.02510,-2.03160,1.83645,9.40127,0.14833,-0.53373,0.01414
0.74694,0.58447,1.86767,9.59004,0.13576,0.20062,-0.02459,-2.01762,1.83594,9.43373,0.13949,-0.46304,-0.02262
0.33619,0.59400,1.87387,9.60524,0.13846,0.17966,0.00358,-2.02142,1.82980,9.39373,0.12655,-0.47880,0.01655
0.68951,0.56135,1.87823,9.63274,0.11638,0.20354,0.01512,-2.03705,1.84024,9.38077,0.14290,-0.45345,0.01520
0.53793,0.56416,1.88240,9.60249,0.16739,0.18139,0.00517,-2.00907,1.83008,9.41152,0.15359,-0.50186,0.03682
0.38737,0.56478,1.89123,9.64130,0.10031,0.16673,0.01091,-1.99589,1.83153,9.45031,0.13252,-0.46194,-0.03099
0.75510,0.56832,1.88699,9.61708,0.11488,0.19140,0.02324,-2.01941,1.83163,9.43539,0.13775,-0.46228,0.00667
0.74333,0.57169,1.89033,9.63459,0.14140,0.16059,-0.01207,-1.98103,1.84077,9.40056,0.10256,-0.47822,-0.01414
0.60323,0.58057,1.86676,9.59314,0.14914,0.18522,0.00797,-1.99849,1.84925,9.45471,0.16062,-0.48037,-0.01002
0.78058,0.57239,1.88504,9.58763,0.15689,0.18183,0.01782,-1.99795,1.83980,9.45613,0.15983,-0.47960,0.00189
0.48420,0.57071,1.88840,9.58008,0.12967,0.17619,-0.00859,-1.98259,1.84212,9.43227,0.16380,-0.44175,0.00799
0.40278,0.56078,1.88492,9.59159,0.13668,0.18990,-0.02113,-1.98843,1.85838,9.40239,0.15170,-0.45766,0.00900
0.67238,0.57114,1.87743,9.60916,0.17629,0.15852,-0.01467,-1.98491,1.84716,9.38994,0.12031,-0.43753,-0.01039
0.86526,0.55819,1.87692,9.57181,0.14807,0.18745,0.00804,-1.97254,1.85449,9.42312,0.15991,-0.46801,0.01683
0.59922,0.55707,1.88475,9.62632,0.15062,0.16344,0.01150,-1.97391,1.84486,9.41275,0.14238,-0.47165,-0.03296
0.54906,0.55271,1.89898,9.62121,0.13328,0.17441,0.00874,-1.98884,1.85053,9.44368,0.09071,-0.44879,-0.02327
0.46744,0.56720,1.89520,9.65449,0.13368,0.15852,0.00226,-1.96733,1.85638,9.42687,0.15766,-0.43773,-0.00019
0.65067,0.54443,1.90906,9.63591,0.18001,0.20952,0.00034,-1.95597,1.84699,9.45077,0.12427,-0.49079,-0.03036
0.68750,0.55960,1.90293,9.58631,0.14408,0.19180,0.01315,-1.95724,1.85568,9.45371,0.13732,-0.46021,-0.01068
0.83402,0.54933,1.90539,9.61745,0.14626,0.18990,-0.00288,-1.93973,1.84408,9.43896,0.15431,-0.44306,-0.01569
0.48370,0.55361,1.91936,9.58215,0.15216,0.15298,-0.00008,-1.93664,1.86130,9.42095,0.12988,-0.47285,0.03805
0.35096,0.53503,1.90407,9.61135,0.16277,0.20673,-0.02325,-1.93501,1.84273,9.44107,0.12979,-0.46191,-0.02933
0.36401,0.55287,1.91135,9.59768,0.14961,0.16737,-0.03041,-1.94607,1.87092,9.44209,0.15351,-0.43638,0.00067
0.39797,0.55081,1.89868,9.59290,0.12590,0.15161,0.01162,-1.92044,1.87093,9.40730,0.15461,-0.41873,0.01668
0.84279,0.55052,1.89831,9.58924,0.12004,0.19481,0.01159,-1.92232,1.88561,9.42195,0.18254,-0.42742,-0.01353
0.59232,0.52963,1.90973,9.59198,0.11497,0.14183,-0.00780,-1.92689,1.86444,9.44442,0.11758,-0.42625,0.03219
0.81188,0.53715,1.90330,9.63329,0.15626,0.15749,0.00733,-1.91770,1.87613,9.43658,0.16327,-0.48933,-0.00701
0.62750,0.54105,1.91210,9.62028,0.12644,0.19016,0.03577,-1.90778,1.85714,9.45826,0.14693,-0.43238,-0.00732
0.65460,0.53723,1.90388,9.63347,0.09187,0.16395,-0.01474,-1.90635,1.87382,9.44485,0.12115,-0.44579,0.02514
0.43833,0.52023,1.92390,9.59460,0.16679,0.18112,0.01239,-1.89333,1.87233,9.37881,0.11169,-0.42584,-0.00271
0.41176,0.54389,1.91509,9.60142,0.15862,0.17054,0.00604,-1.90041,1.86120,9.46200,0.14711,-0.47881,0.00113
0.46309,0.53239,1.91139,9.63606,0.17172,0.19571,-0.03152,-1.91859,1.89420,9.43083,0.14365,-0.43437,0.03479
0.31566,0.53692,1.92288,9.57776,0.14207,0.17787,-0.03185,-1.88731,1.88540,9.41864,0.17620,-0.42828,-0.02378
0.66902,0.51978,1.90469,9.58565,0.12902,0.13449,-0.03378,-1.90037,1.88696,9.43367,0.14352,-0.47303,-0.00994
0.80840,0.52840,1.93112,9.61352,0.14943,0.17699,-0.00154,-1.88911,1.89168,9.41369,0.15644,-0.44500,0.02736
0.80215,0.52681,1.90263,9.56157,0.14408,0.15686,0.02177,-1.87401,1.88404,9.44869,0.15896,-0.41465,-0.01414
0.81323,0.52385,1.92150,9.61805,0.16341,0.16079,-0.00546,-1.89546,1.88399,9.41598,0.13667,-0.41785,-0.00878
0.62760,0.52657,1.90973,9.61292,0.16023,0.17124,0.02783,-1.86532,1.90490,9.42209,0.13555,-0.38698,0.00556
0.75479,0.52322,1.92925,9.59254,0.17146,0.14237,0.00289,-1.85867,1.87946,9.42696,0.14930,-0.42336,-0.02353
0.42398,0.52578,1.92715,9.60552,0.17317,0.15614,-0.01811,-1.85523,1.86522,9.44483,0.14179,-0.42781,0.00029
0.67281,0.50800,1.91195,9.59335,0.11434,0.13662,-0.02819,-1.85222,1.88158,9.45017,0.13589,-0.44418,0.00173
0.84599,0.52534,1.90633,9.58772,0.16301,0.16991,-0.02272,-1.85897,1.88642,9.46459,0.17946,-0.43879,-0.00900
0.42504,0.51010,1.93681,9.60867,0.15681,0.16502,-0.01190,-1.85775,1.89416,9.43578,0.14092,-0.46717,0.02185
0.61450,0.50567,1.94197,9.64053,0.13636,0.13941,0.00876,-1.85873,1.90821,9.46213,0.13515,-0.41333,0.00139
0.47462,0.49776,1.93579,9.61647,0.11418,0.17225,0.01945,-1.86095,1.87409,9.45644,0.17191,-0.41153,0.02783
0.37850,0.50241,1.92291,9.60947,0.14765,0.18947,0.01370,-1.85603,1.89814,9.44108,0.10844,-0.44201,0.03164
0.70282,0.48977,1.93127,9.61395,0.14458,0.14938,0.01761,-1.82415,1.91185,9.43994,0.14237,-0.44021,0.00311
0.47651,0.51144,1.92927,9.61327,0.14064,0.18044,0.00251,-1.85638,1.91890,9.46722,0.14826,-0.41182,-0.03469
0.64665,0.52504,1.95443,9.60980,0.11775,0.15050,0.03103,-1.82843,1.89759,9.49468,0.13460,-0.44363,0.00914
0.59528,0.49945,1.95246,9.61192,0.14231,0.17805,0.00682,-1.82274,1.90575,9.43312,0.12418,-0.44643,0.01189
0.41591,0.49508,1.93014,9.58911,0.14349,0.15291,-0.02618,-1.84436,1.90515,9.47681,0.13308,-0.42497,-0.00276
0.36093,0.51081,1.94300,9.62795,0.11465,0.14845,0.01928,-1.80545,1.91497,9.45687,0.14741,-0.41984,0.01545
0.73748,0.49788,1.93874,9.56966,0.17119,0.15320,0.01009,-1.80918,1.92097,9.44428,0.16047,-0.43289,0.00576
0.53283,0.50175,1.92774,9.61116,0.11502,0.15557,-0.04751,-1.82541,1.90698,9.48090,0.12004,-0.43078,0.00127
0.55778,0.49982,1.93338,9.60246,0.17197,0.16889,-0.00657,-1.80915,1.92075,9.44782,0.11327,-0.39918,0.00858
0.59959,0.50489,1.94821,9.58730,0.13146,0.15073,-0.02049,-1.82140,1.91407,9.42921,0.11260,-0.39892,-0.01253
0.33949,0.48902,1.92020,9.60255,0.12138,0.12264,-0.00079,-1.80157,1.90422,9.42588,0.12721,-0.38561,-0.00754
0.43191,0.47723,1.94150,9.58468,0.13607,0.13438,-0.02713,-1.77383,1.92259,9.46438,0.11643,-0.40035,-0.02632
0.56085,0.48351,1.96010,9.60567,0.10176,0.14672,0.00207,-1.79176,1.93586,9.44747,0.14801,-0.40378,-0.01359
0.71154,0.49576,1.96539,9.58424,0.16516,0.13981,0.01477,-1.78541,1.92972,9.44577,0.17331,-0.36792,0.00757
0.84323,0.47379,1.93783,9.60972,0.11575,0.14933,0.02622,-1.78558,1.93286,9.43292,0.14880,-0.40606,0.00933
0.85342,0.48618,1.94308,9.61998,0.16290,0.15313,-0.00189,-1.77908,1.91543,9.45392,0.13260,-0.38964,0.00873
0.53426,0.47655,1.94010,9.60246,0.15265,0.13882,0.00404,-1.77634,1.92254,9.43768,0.11937,-0.38708,-0.01528
0.46195,0.48897,1.95551,9.59087,0.17589,0.15529,-0.00169,-1.77245,1.93957,9.44459,0.14179,-0.38605,0.00098
0.58050,0.47536,1.96432,9.61907,0.15554,0.15283,-0.00953,-1.75105,1.93579,9.45744,0.13293,-0.37666,-0.02177
0.90654,0.49138,1.94916,9.59880,0.17627,0.13320,-0.03028,-1.76635,1.92727,9.45940,0.12605,-0.35780,-0.00393
0.53819,0.47038,1.97281,9.58946,0.13702,0.18546,0.01192,-1.75086,1.92887,9.47951,0.17658,-0.36373,0.00317
0.56386,0.48559,1.96118,9.60044,0.17630,0.17374,-0.01434,-1.75478,1.92868,9.45872,0.12789,-0.39678,0.00608
0.80420,0.47936,1.96443,9.63334,0.13532,0.17832,0.02363,-1.73554,1.93815,9.43522,0.17555,-0.38361,0.02993
0.41979,0.47813,1.96828,9.59258,0.13010,0.17236,0.02601,-1.74977,1.94994,9.48549,0.16434,-0.36569,-0.01666
0.32594,0.47422,1.96511,9.57036,0.14938,0.17897,-0.00671,-1.74129,1.95052,9.47080,0.13670,-0.35903,-0.04067
0.71349,0.48813,1.96213,9.59015,0.14929,0.14392,0.01077,-1.74080,1.93364,9.46227,0.13097,-0.39832,-0.02729
0.66898,0.46261,1.96799,9.57827,0.13184,0.12095,0.01060,-1.74507,1.94434,9.49077,0.15667,-0.38579,0.01993
0.37271,0.46357,1.96290,9.58311,0.13579,0.11601,-0.02386,-1.74861,1.91971,9.46362,0.15104,-0.37563,0.02394
0.66682,0.45758,1.96323,9.55263,0.13673,0.11562,0.00872,-1.73477,1.93399,9.45664,0.15998,-0.39361,0.02249
0.70601,0.47977,1.98103,9.62705,0.11563,0.15002,-0.01766,-1.72233,1.92637,9.47508,0.12909,-0.38790,0.03052
0.57911,0.46632,1.98527,9.58411,0.13647,0.16931,0.02063,-1.72086,1.94698,9.45349,0.16478,-0.37941,0.03186
0.50176,0.45905,1.97424,9.59662,0.11673,0.15484,-0.03379,-1.73285,1.94759,9.46785,0.10294,-0.41962,-0.01653
0.80804,0.45461,1.97231,9.59211,0.17708,0.14732,0.01156,-1.71488,1.93711,9.48817,0.13064,-0.36801,-0.00809
0.56398,0.43355,1.96463,9.61974,0.10958,0.15938,0.02195,-1.71217,1.95272,9.44199,0.13082,-0.35791,0.02242
0.85372,0.46679,1.98434,9.62616,0.14067,0.12725,-0.02004,-1.69805,1.95343,9.49088,0.12921,-0.40108,0.00062
0.63348,0.43465,1.97637,9.61746,0.13004,0.13027,-0.00516,-1.69547,1.94827,9.46656,0.11558,-0.35319,-0.01388
0.71711,0.47245,1.96928,9.57644,0.12138,0.16241,0.01788,-1.71482,1.95891,9.45291,0.13341,-0.40580,-0.04068
0.71042,0.46747,1.97017,9.58770,0.14186,0.14507,0.03861,-1.69028,1.95259,9.47564,0.14039,-0.35337,-0.00437
0.71301,0.46156,1.96339,9.60697,0.13761,0.14435,-0.02782,-1.71803,1.95341,9.50687,0.12839,-0.35542,0.02216
0.45117,0.45750,1.98891,9.59837,0.13840,0.16553,0.03042,-1.67967,1.97053,9.47459,0.15754,-0.38842,-0.02438
0.48108,0.46558,2.01284,9.57309,0.15854,0.13157,0.01896,-1.69127,1.95234,9.46482,0.14182,-0.35633,-0.00439
0.73792,0.46409,1.95979,9.56442,0.14671,0.15260,0.01600,-1.67002,1.95858,9.46656,0.11193,-0.32420,0.02426
0.39130,0.44968,1.97370,9.59762,0.14989,0.14317,-0.01055,-1.68528,1.97528,9.46313,0.16292,-0.37436,0.01237
0.80404,0.43633,2.00878,9.63448,0.15581,0.12773,0.00144,-1.67001,1.96560,9.44018,0.12838,-0.34610,0.00879
0.34008,0.41856,2.00637,9.60394,0.14995,0.11808,0.02548,-1.69026,1.97015,9.47080,0.12483,-0.36320,0.04497
0.72954,0.44168,1.99412,9.60650,0.13612,0.12561,-0.02771,-1.65555,1.96722,9.47942,0.11057,-0.38440,-0.00329
0.73667,0.44359,1.99719,9.59842,0.12482,0.11724,0.03316,-1.68304,1.97843,9.48324,0.13787,-0.37914,0.01147
0.71028,0.43766,2.00639,9.60858,0.14097,0.15157,0.00813,-1.67483,1.95830,9.44249,0.11508,-0.35254,-0.00329
0.51767,0.43856,1.99930,9.59704,0.15993,0.12572,0.02000,-1.65499,1.98531,9.46610,0.15819,-0.36915,0.04963
0.74423,0.44471,2.00469,9.61535,0.14062,0.12008,-0.01486,-1.66233,1.96338,9.46936,0.11999,-0.36715,-0.01657
0.87224,0.43144,2.00854,9.60406,0.12642,0.17046,-0.03979,-1.64356,1.96374,9.48387,0.13266,-0.36801,0.00926
0.52252,0.43198,2.00117,9.59466,0.12652,0.11526,0.04890,-1.64640,1.98850,9.46822,0.11959,-0.30990,0.01416
0.44784,0.43842,2.00934,9.58241,0.14296,0.14938,0.02703,-1.65929,1.98128,9.46144,0.14672,-0.40055,-0.00914
0.52876,0.44495,2.00300,9.61325,0.12126,0.14821,-0.01456,-1.66033,1.97751,9.50647,0.12030,-0.33209,-0.00808
0.53137,0.41577,2.01504,9.60317,0.14498,0.11300,-0.03500,-1.65945,1.97912,9.47591,0.12307,-0.34959,-0.02185
0.82382,0.43412,2.01883,9.60324,0.14208,0.09587,-0.01865,-1.62189,1.99205,9.44925,0.16025,-0.36446,-0.00152
0.89466,0.42719,2.00750,9.59370,0.12131,0.13817,-0.02652,-1.62971,1.98014,9.47283,0.11506,-0.35344,-0.02070
0.90774,0.44664,1.99771,9.59630,0.14165,0.16577,-0.00633,-1.61339,1.98073,9.47945,0.13298,-0.30186,-0.01506
0.77984,0.43431,2.03530,9.55349,0.14819,0.13049,0.00002,-1.62205,1.98795,9.44685,0.11045,-0.35108,0.00232
0.43086,0.42487,2.00696,9.59489,0.11723,0.15578,0.00108,-1.62108,1.98685,9.49986,0.10448,-0.34386,-0.01283
0.73953,0.43242,2.03552,9.59983,0.13213,0.16735,0.03671,-1.62049,1.97658,9.48542,0.15350,-0.33098,-0.04291
0.47917,0.43451,2.00704,9.61669,0.10537,0.14208,-0.03482,-1.60272,1.99210,9.47519,0.13801,-0.39421,0.00038
0.35700,0.43007,2.01876,9.58745,0.15163,0.13479,-0.02717,-1.61971,1.97494,9.41723,0.14901,-0.35620,-0.01632
0.71013,0.40886,2.00362,9.57345,0.15226,0.12304,-0.02048,-1.59221,1.97749,9.49439,0.11654,-0.33320,-0.03595
0.74283,0.42994,2.00906,9.59044,0.11976,0.12650,-0.02282,-1.60714,1.99986,9.47523,0.09479,-0.34538,-0.01056
0.72455,0.40965,2.01378,9.59676,0.14813,0.12721,0.02602,-1.59580,1.99861,9.47442,0.14956,-0.31693,-0.02773
0.63867,0.39890,2.03151,9.60814,0.15797,0.13149,0.00604,-1.60385,2.01155,9.46521,0.16779,-0.34044,0.01465
0.76338,0.39661,2.03453,9.57108,0.13793,0.13516,-0.01389,-1.59546,1.98736,9.46436,0.11714,-0.34678,0.01991
0.65448,0.41940,2.03728,9.60744,0.13444,0.10821,-0.01333,-1.60059,2.00330,9.44240,0.10089,-0.32842,0.03354
0.71653,0.39909,2.03937,9.56966,0.13816,0.11743,-0.00395,-1.60413,2.00127,9.45589,0.15970,-0.35351,-0.00889
0.83513,0.41104,2.02213,9.60175,0.11834,0.10971,-0.02638,-1.58696,1.96940,9.47125,0.11913,-0.33434,-0.00195
0.57059,0.40661,2.01712,9.58176,0.11623,0.10526,-0.01679,-1.59830,2.00013,9.47477,0.15986,-0.33318,-0.01567
0.34044,0.40506,2.00831,9.61473,0.13712,0.13116,0.02104,-1.56090,2.00532,9.47904,0.16166,-0.31931,0.03708
0.44340,0.41822,2.01222,9.59621,0.14155,0.13611,-0.01146,-1.56550,2.00811,9.45485,0.13521,-0.35205,-0.00254
0.37722,0.41341,2.02560,9.59987,0.13191,0.14546,-0.01473,-1.56951,1.98445,9.48665,0.13720,-0.32612,-0.02493
0.63530,0.40012,2.02514,9.61428,0.12203,0.09990,0.04646,-1.54704,2.00349,9.43576,0.15219,-0.34011,-0.01125
0.79840,0.39266,2.03133,9.55593,0.12114,0.13020,-0.02408,-1.56232,2.02626,9.51047,0.13051,-0.32768,0.01982
0.66914,0.41842,2.04861,9.58674,0.12461,0.15391,-0.03582,-1.56582,2.02299,9.47000,0.12345,-0.31869,0.03392
0.69982,0.40171,2.02863,9.58452,0.17360,0.15851,-0.02059,-1.55589,1.99626,9.45863,0.13977,-0.33382,0.00068
0.69135,0.41937,2.03107,9.59785,0.10971,0.15610,0.01256,-1.56986,2.00169,9.47173,0.09503,-0.32201,-0.01104
0.86422,0.40185,2.05254,9.61206,0.14391,0.09591,-0.02549,-1.55855,2.02962,9.45496,0.10712,-0.30256,0.01282
0.52087,0.40044,2.04436,9.57056,0.14809,0.12980,0.03469,-1.57253,2.00062,9.45976,0.15415,-0.33439,0.03153
0.51670,0.41156,2.04996,9.59534,0.13736,0.15074,-0.01878,-1.52389,2.00922,9.46081,0.12836,-0.29653,0.00559
0.82609,0.39057,2.04332,9.59240,0.13254,0.12115,0.00336,-1.52988,2.01691,9.47365,0.11957,-0.32209,0.00611
0.67456,0.39102,2.04637,9.58184,0.13433,0.12319,0.01209,-1.54268,2.03584,9.47923,0.12568,-0.32200,-0.01372
0.49197,0.38579,2.02516,9.61371,0.16372,0.09271,0.00454,-1.54595,2.02408,9.47434,0.15454,-0.34284,0.00828
0.58821,0.40207,2.04395,9.58233,0.12546,0.12249,0.01718,-1.53901,2.04143,9.50145,0.13459,-0.30786,0.00454
0.34377,0.39107,2.06078,9.59584,0.13769,0.12666,0.00293,-1.53468,2.02091,9.47452,0.17346,-0.33786,-0.01965
0.52330,0.39440,2.03763,9.57844,0.15197,0.10434,0.02843,-1.53880,2.02073,9.47822,0.15347,-0.33704,0.01330
0.63849,0.40039,2.05523,9.60567,0.15160,0.13252,0.01731,-1.53469,2.02139,9.48015,0.11716,-0.32319,-0.00745
0.48758,0.40470,2.07366,9.61012,0.13882,0.13078,0.01563,-1.53467,2.04024,9.45119,0.13007,-0.31033,0.01607
0.45125,0.37145,2.06752,9.57163,0.14428,0.12182,0.01146,-1.51484,2.01381,9.46879,0.13825,-0.29865,0.02446
0.88090,0.37273,2.05061,9.58691,0.17788,0.09427,-0.01888,-1.50793,2.02839,9.49688,0.16071,-0.30794,0.03678
0.82718,0.38034,2.06785,9.62583,0.14919,0.13077,0.03086,-1.51158,2.03610,9.44039,0.11123,-0.32213,-0.01190
0.86756,0.39761,2.03643,9.60690,0.17148,0.10056,-0.00404,-1.49948,2.02604,9.48893,0.11740,-0.31981,-0.00462
0.47469,0.38759,2.04658,9.58949,0.16457,0.12544,-0.01691,-1.50174,2.02076,9.44313,0.15432,-0.32139,0.03628
0.33309,0.39159,2.06287,9.59307,0.12832,0.12960,0.03312,-1.50566,2.04349,9.45554,0.15863,-0.29200,0.02006
0.70381,0.36895,2.07689,9.56625,0.15361,0.10716,0.01823,-1.47760,2.04586,9.51708,0.11223,-0.30951,0.01393
0.76117,0.39013,2.05760,9.59268,0.13290,0.12738,0.01178,-1.49646,2.04640,9.47591,0.14646,-0.30182,-0.02699
0.71599,0.38185,2.05956,9.57356,0.12204,0.11124,0.00368,-1.48874,2.04500,9.46545,0.13918,-0.29413,0.03551
0.35898,0.38546,2.07396,9.60458,0.13541,0.11854,0.00345,-1.50011,2.04437,9.46092,0.14604,-0.31031,0.01568
0.54398,0.40178,2.08340,9.55892,0.09249,0.07648,-0.01764,-1.48994,2.04454,9.48858,0.10481,-0.32571,-0.03167
0.44255,0.37914,2.06233,9.57868,0.14968,0.11490,-0.02213,-1.48475,2.04440,9.47402,0.15649,-0.31017,-0.00752
0.90706,0.36765,2.07631,9.56210,0.12484,0.11389,-0.00181,-1.46798,2.04520,9.48375,0.15277,-0.28940,0.02545
0.51032,0.36052,2.06837,9.59238,0.13771,0.09380,-0.03202,-1.48655,2.04016,9.49689,0.14093,-0.31603,0.00949
0.56299,0.37614,2.06225,9.56979,0.12018,0.12370,-0.01822,-1.49136,2.04677,9.47362,0.11074,-0.27550,0.01023
0.59108,0.38442,2.07497,9.60953,0.17182,0.07461,-0.00816,-1.47065,2.03787,9.51667,0.12301,-0.27225,-0.01901
0.90467,0.37622,2.06813,9.55559,0.13223,0.11493,-0.03308,-1.47849,2.02995,9.50525,0.12281,-0.27625,0.04674
0.70423,0.36626,2.07709,9.55040,0.14080,0.08521,0.01590,-1.47228,2.04434,9.47685,0.12698,-0.32130,0.02538
0.47921,0.38311,2.05603,9.58441,0.16133,0.12967,-0.01841,-1.46914,2.05476,9.46825,0.12619,-0.32641,0.00515
0.76111,0.35204,2.08675,9.62983,0.10427,0.09125,-0.01858,-1.47145,2.05904,9.47165,0.12690,-0.30985,0.00430
0.52932,0.37895,2.09018,9.58081,0.13421,0.12700,0.02163,-1.46303,2.06412,9.49340,0.12574,-0.28548,-0.02530
0.70427,0.35636,2.09451,9.58043,0.15237,0.12267,0.00414,-1.45090,2.05147,9.46831,0.14669,-0.26269,0.00756
0.32777,0.36708,2.07698,9.56795,0.11319,0.09801,-0.01519,-1.46630,2.05457,9.48242,0.13217,-0.27593,0.01621
0.89820,0.33708,2.07784,9.59204,0.14536,0.10748,0.00231,-1.47344,2.07010,9.46056,0.13135,-0.28185,0.02877
0.55547,0.35787,2.08843,9.57391,0.15465,0.10153,0.00391,-1.46065,2.06727,9.50510,0.11358,-0.30522,0.00317
0.42697,0.35507,2.08875,9.57321,0.11090,0.08984,-0.00262,-1.45614,2.07363,9.46148,0.12947,-0.31026,-0.00653
0.37934,0.35979,2.09289,9.57687,0.12897,0.09085,0.01919,-1.44280,2.06084,9.47278,0.10792,-0.27224,0.02500
0.50545,0.34778,2.08008,9.60062,0.14318,0.11282,0.00170,-1.43394,2.05921,9.48476,0.12552,-0.26858,0.01153
0.82652,0.35395,2.09081,9.57796,0.12321,0.10016,0.00323,-1.42590,2.04168,9.44428,0.13900,-0.32328,-0.00753
0.88939,0.35559,2.08605,9.59839,0.15511,0.08524,-0.01330,-1.42976,2.07701,9.48249,0.11882,-0.30173,-0.03607
0.86949,0.35920,2.11232,9.57138,0.16068,0.10013,0.01017,-1.43627,2.06713,9.50782,0.14469,-0.27235,0.00303
0.46858,0.35104,2.09880,9.59151,0.15094,0.09895,0.00254,-1.41551,2.07355,9.50348,0.09880,-0.28725,-0.02999
0.88603,0.34617,2.08769,9.55682,0.09940,0.09523,0.02019,-1.43131,2.08922,9.50511,0.13237,-0.28174,0.01035
0.69955,0.35011,2.09508,9.55190,0.12194,0.10371,-0.01618,-1.44185,2.08270,9.49563,0.14103,-0.28085,0.00710
0.54268,0.35321,2.10757,9.61745,0.13912,0.09172,-0.01084,-1.41753,2.08020,9.47899,0.13784,-0.31728,0.00611
0.49820,0.34340,2.09742,9.55452,0.12315,0.09316,-0.02180,-1.40134,2.06896,9.48993,0.11061,-0.28672,0.00987
0.42567,0.36487,2.09592,9.58653,0.11174,0.10429,-0.00382,-1.42155,2.07085,9.49534,0.13815,-0.26042,-0.00264
0.65439,0.34441,2.10247,9.53728,0.13859,0.09008,-0.02972,-1.40066,2.07277,9.49469,0.15244,-0.29899,-0.00832
0.55289,0.35704,2.10544,9.54348,0.11601,0.08980,0.00530,-1.38867,2.09262,9.49775,0.11436,-0.27969,-0.01002
0.39205,0.34557,2.10197,9.55759,0.13337,0.12752,0.01514,-1.41269,2.07934,9.46779,0.13483,-0.27146,-0.01383
0.64029,0.33910,2.09442,9.54996,0.12669,0.10943,-0.01849,-1.40849,2.08545,9.47078,0.13369,-0.31927,-0.03061
0.42407,0.32729,2.11805,9.55723,0.15272,0.14193,0.03612,-1.39612,2.08739,9.50637,0.12381,-0.29170,-0.01924
0.74427,0.33975,2.11638,9.58920,0.14692,0.09230,-0.00745,-1.39855,2.07832,9.47816,0.12087,-0.27895,0.00801
0.72080,0.34610,2.12305,9.62045,0.11252,0.10749,0.01420,-1.39502,2.09032,9.50017,0.15018,-0.27826,0.02136
0.57936,0.34227,2.11835,9.58870,0.13585,0.11048,-0.00611,-1.39676,2.09474,9.52585,0.09113,-0.25979,0.03648
0.44619,0.35628,2.10621,9.56953,0.13401,0.12250,0.01574,-1.38715,2.08037,9.51023,0.16246,-0.24764,-0.00985
0.44854,0.33610,2.11886,9.59353,0.14052,0.10106,0.02608,-1.38954,2.10592,9.46691,0.13229,-0.27534,-0.00819
0.63006,0.33034,2.10869,9.56147,0.13069,0.11285,-0.00796,-1.37901,2.11599,9.51907,0.10196,-0.25702,-0.00777
0.44141,0.33074,2.11997,9.55381,0.11644,0.08864,0.00543,-1.38194,2.08731,9.46733,0.10710,-0.29751,-0.00414
0.74972,0.33236,2.11719,9.57427,0.09424,0.11063,-0.00394,-1.34989,2.08696,9.45455,0.13277,-0.25779,0.00930
0.70406,0.33437,2.12747,9.53181,0.13868,0.11069,0.01560,-1.37412,2.10245,9.48224,0.12102,-0.27318,0.05583
0.84408,0.34387,2.10772,9.54369,0.12055,0.11009,0.00172,-1.36980,2.10159,9.47677,0.12717,-0.25142,-0.02917
0.66889,0.33324,2.12242,9.58199,0.10445,0.07323,0.01727,-1.35848,2.09421,9.49211,0.12184,-0.26663,-0.00565
0.82235,0.32156,2.13098,9.57619,0.09477,0.11912,-0.00085,-1.36338,2.09856,9.47939,0.14361,-0.28064,0.03946
0.39581,0.35061,2.12939,9.57270,0.11649,0.11303,-0.00129,-1.35237,2.09786,9.42782,0.16228,-0.23697,-0.03939
0.69267,0.33253,2.10488,9.55754,0.12646,0.13178,-0.01053,-1.36394,2.11607,9.48919,0.11378,-0.25677,-0.02254
0.86157,0.31976,2.12562,9.57827,0.13061,0.10816,0.00346,-1.35685,2.10192,9.46186,0.14711,-0.26402,0.02282
0.47287,0.30800,2.15255,9.59410,0.11835,0.09439,-0.01082,-1.37557,2.10683,9.45292,0.11117,-0.28010,-0.01007
0.58227,0.34248,2.11531,9.56271,0.10281,0.10681,0.01268,-1.36082,2.11906,9.45816,0.11569,-0.28629,-0.01464
0.78264,0.33141,2.11395,9.57672,0.14445,0.11083,0.00315,-1.34411,2.10825,9.47617,0.14513,-0.26510,0.01487
0.86384,0.31379,2.14613,9.56828,0.08812,0.06576,-0.00656,-1.35870,2.10145,9.50503,0.12407,-0.23716,0.00262
0.41898,0.33317,2.13369,9.56823,0.09024,0.10234,0.00249,-1.35088,2.12007,9.49335,0.10606,-0.24507,-0.02779
0.49762,0.32341,2.13463,9.57841,0.09032,0.08930,0.01377,-1.37272,2.11402,9.47320,0.11958,-0.27545,0.00831
0.39201,0.32810,2.13699,9.53596,0.14543,0.09234,0.01418,-1.35606,2.10249,9.49975,0.10615,-0.23615,-0.01375
0.82894,0.31953,2.15408,9.57498,0.11069,0.10828,-0.00556,-1.33372,2.11973,9.46683,0.16070,-0.27732,-0.00520
0.55088,0.31094,2.14714,9.58060,0.12287,0.10869,0.01253,-1.32704,2.11842,9.44120,0.10977,-0.27855,0.00421
0.43459,0.32706,2.15322,9.55659,0.13752,0.13181,-0.03498,-1.33712,2.11822,9.49817,0.13356,-0.27578,-0.00169
0.57714,0.31971,2.15048,9.58249,0.13735,0.10240,0.01599,-1.32146,2.11189,9.52295,0.13372,-0.22893,-0.01691
0.44742,0.33482,2.13347,9.55769,0.13879,0.10560,0.01387,-1.32427,2.12435,9.47397,0.13298,-0.26163,0.02372
0.37240,0.31949,2.14109,9.58851,0.15257,0.10798,-0.01277,-1.32759,2.12727,9.49502,0.11433,-0.24521,-0.03002
0.67265,0.31301,2.14048,9.60764,0.15778,0.10406,0.00340,-1.31669,2.11812,9.49862,0.12731,-0.23989,-0.03180
0.41950,0.31283,2.14201,9.59170,0.12125,0.11584,0.00710,-1.33155,2.11830,9.45937,0.09734,-0.28885,0.01928
0.64375,0.31777,2.14740,9.57163,0.12503,0.09703,0.02069,-1.32160,2.11141,9.44480,0.15235,-0.25083,-0.02156
0.78484,0.33202,2.14013,9.58022,0.11932,0.12191,0.01417,-1.31389,2.13324,9.48311,0.10837,-0.21990,-0.00001
0.76228,0.32681,2.16194,9.58477,0.14913,0.07798,-0.00866,-1.31384,2.13297,9.46085,0.10504,-0.24846,0.01416
0.70151,0.30468,2.13693,9.51504,0.11655,0.12194,-0.01314,-1.29646,2.13320,9.48623,0.12484,-0.25047,0.02296
0.33579,0.29366,2.15640,9.53465,0.19510,0.09424,-0.01678,-1.30470,2.12191,9.51109,0.16620,-0.23510,-0.01179
0.50381,0.30589,2.15161,9.57696,0.11498,0.05842,-0.01332,-1.31038,2.13738,9.50003,0.11092,-0.24468,-0.01205
0.40231,0.31364,2.15451,9.58074,0.07917,0.08048,-0.00062,-1.30907,2.13608,9.47673,0.13623,-0.25614,0.05838
0.65665,0.29740,2.16651,9.54543,0.14335,0.08893,-0.03922,-1.31680,2.12421,9.50706,0.12189,-0.25534,-0.00709
0.46262,0.31069,2.14208,9.56090,0.14330,0.09334,0.01761,-1.29851,2.15069,9.49333,0.12854,-0.26098,0.01236
0.42164,0.29007,2.14513,9.56132,0.11679,0.10471,0.02720,-1.30824,2.12749,9.48545,0.09657,-0.24628,0.00094
0.70062,0.28613,2.17453,9.56469,0.09923,0.09338,-0.02099,-1.28575,2.15126,9.48244,0.13192,-0.23142,0.01707
0.32177,0.29380,2.16929,9.57534,0.11772,0.05620,-0.01586,-1.29202,2.14306,9.48105,0.12705,-0.22642,0.00299
0.76448,0.29666,2.15760,9.56104,0.11885,0.10632,-0.01226,-1.29265,2.14817,9.46959,0.15059,-0.25272,-0.03089
0.70311,0.30515,2.15219,9.55657,0.11757,0.07029,0.04444,-1.29961,2.13939,9.46693,0.14480,-0.26170,-0.01846
0.74469,0.30615,2.16840,9.57939,0.10074,0.11010,0.01019,-1.29738,2.14028,9.48405,0.13218,-0.24179,0.04656
0.44323,0.31270,2.15270,9.59842,0.11447,0.11997,0.03238,-1.26816,2.14896,9.51207,0.11535,-0.23758,0.02945
0.89071,0.28788,2.16454,9.55760,0.12173,0.12495,0.03526,-1.28704,2.13944,9.45077,0.11046,-0.22350,-0.01605
0.77478,0.28746,2.15487,9.55515,0.09248,0.07481,-0.04244,-1.29988,2.14864,9.47762,0.11359,-0.23618,-0.01344
0.34969,0.29319,2.15803,9.60554,0.08364,0.09855,0.01674,-1.27936,2.14862,9.48603,0.14084,-0.23192,-0.00387
0.44168,0.28663,2.18037,9.56416,0.12885,0.09961,-0.02046,-1.28132,2.14093,9.48578,0.09649,-0.23492,0.02424
0.70301,0.29544,2.17984,9.55247,0.13151,0.09746,0.01933,-1.27748,2.16191,9.47434,0.11156,-0.25963,0.00559
0.75260,0.30492,2.16991,9.56903,0.13848,0.05069,0.01654,-1.28200,2.15737,9.51849,0.12215,-0.23901,0.00026
0.59708,0.29006,2.16421,9.55530,0.10743,0.08944,-0.01773,-1.26922,2.14864,9.47494,0.14318,-0.22110,0.01601
0.76655,0.29193,2.17447,9.56147,0.14753,0.05649,-0.01491,-1.27808,2.14940,9.51221,0.11642,-0.23265,0.01648
0.85848,0.31042,2.17077,9.55927,0.11707,0.11050,-0.01005,-1.25153,2.16321,9.45715,0.10373,-0.23255,0.01927
0.53486,0.30396,2.18396,9.55481,0.12913,0.09581,0.00049,-1.24902,2.16671,9.46479,0.12505,-0.23409,0.00919
0.69559,0.28567,2.16275,9.51317,0.09020,0.10258,0.00275,-1.26298,2.16731,9.47509,0.09805,-0.22575,0.00838
0.72562,0.28267,2.16929,9.51485,0.11484,0.10752,0.02305,-1.24660,2.17884,9.49692,0.12859,-0.25030,-0.01606
0.65055,0.28340,2.18071,9.55004,0.09250,0.08019,0.01434,-1.24742,2.15619,9.47881,0.12331,-0.25684,0.02825
0.63584,0.28573,2.19858,9.53435,0.13176,0.08345,0.01930,-1.24105,2.15439,9.49371,0.11181,-0.24084,-0.00309
0.49098,0.27736,2.18685,9.49481,0.12180,0.11765,-0.00798,-1.24459,2.15598,9.50192,0.10046,-0.25076,-0.02614
0.65470,0.26514,2.19569,9.55286,0.11058,0.08132,0.00233,-1.25205,2.17755,9.45697,0.12399,-0.25020,-0.03610
0.55007,0.27092,2.19430,9.56141,0.14990,0.09723,-0.01522,-1.25269,2.18242,9.52918,0.11299,-0.23902,-0.02548
0.34182,0.28953,2.17693,9.57193,0.14337,0.13139,-0.02669,-1.24687,2.16810,9.45242,0.15741,-0.23979,0.00082
0.28950,0.29477,2.19857,9.58331,0.13958,0.10575,0.00377,-1.24716,2.16691,9.48703,0.13003,-0.25486,-0.00480
0.89645,0.28116,2.20186,9.59195,0.16219,0.06010,-0.00599,-1.24897,2.14869,9.47180,0.14313,-0.20166,-0.01863
0.80154,0.27383,2.19235,9.56042,0.12783,0.07736,-0.01134,-1.23265,2.16108,9.50571,0.12302,-0.22997,0.00042
0.65723,0.27195,2.18205,9.58225,0.10789,0.11784,0.02054,-1.24864,2.16419,9.47409,0.13971,-0.22522,0.00561
0.43422,0.26594,2.20174,9.60632,0.12614,0.10131,-0.00054,-1.24129,2.18095,9.45395,0.11768,-0.22618,0.02937
0.72954,0.27637,2.18949,9.55628,0.13169,0.09688,0.04341,-1.21314,2.17979,9.46649,0.13206,-0.23420,-0.00324
0.62820,0.27929,2.19484,9.55442,0.13001,0.09361,0.00077,-1.22699,2.18266,9.47231,0.15651,-0.22608,-0.00321
0.34116,0.26851,2.21752,9.54763,0.10112,0.09204,0.01429,-1.22632,2.16328,9.49859,0.12613,-0.20870,-0.01496
0.54149,0.25853,2.18830,9.55362,0.12020,0.07696,-0.00573,-1.21159,2.18791,9.50477,0.11763,-0.21229,0.00580
0.38348,0.27198,2.20798,9.57763,0.10503,0.06199,-0.00472,-1.22815,2.18534,9.48989,0.14795,-0.24116,0.00618
0.49776,0.27336,2.18570,9.56970,0.14658,0.09558,0.00488,-1.22965,2.17718,9.48442,0.09728,-0.22568,-0.01427
0.76345,0.28520,2.19016,9.56297,0.08545,0.09141,0.02758,-1.21148,2.19333,9.45289,0.07717,-0.23005,0.03031
0.81342,0.27555,2.18269,9.56973,0.12517,0.04223,-0.03489,-1.22425,2.18134,9.47955,0.15267,-0.22481,-0.00340
0.36482,0.27804,2.19766,9.53159,0.13151,0.10998,-0.00877,-1.22032,2.19624,9.48740,0.10603,-0.20561,0.01623
0.49322,0.26878,2.20738,9.54899,0.13615,0.08719,-0.00841,-1.20362,2.17661,9.50646,0.13100,-0.25757,0.01209
0.54656,0.25312,2.20844,9.51937,0.09796,0.07281,0.00339,-1.22636,2.19429,9.49055,0.18374,-0.23187,-0.00909
0.33954,0.25193,2.20558,9.56685,0.15111,0.10314,0.00169,-1.21226,2.19812,9.45961,0.12636,-0.22953,-0.01234
0.65177,0.26255,2.19969,9.58456,0.11062,0.08496,-0.02166,-1.19441,2.17045,9.51127,0.12041,-0.22755,-0.00054
0.55413,0.26794,2.19898,9.54416,0.07055,0.07126,0.03491,-1.19416,2.18152,9.50386,0.12131,-0.22385,-0.02866
0.86324,0.26482,2.21871,9.56998,0.15520,0.07085,0.00778,-1.19459,2.19276,9.46361,0.12312,-0.20325,0.00519
0.57005,0.26303,2.22084,9.58290,0.12176,0.10063,0.00764,-1.17527,2.17234,9.51360,0.12459,-0.20750,0.03115
0.90452,0.25914,2.19760,9.56629,0.13305,0.10187,-0.02112,-1.19392,2.19635,9.51427,0.12198,-0.25939,-0.02183
0.83381,0.26609,2.20009,9.55450,0.15077,0.08916,-0.00718,-1.18988,2.18656,9.47696,0.13762,-0.20256,-0.01237
0.53380,0.25835,2.21858,9.56295,0.08687,0.07054,0.00354,-1.18335,2.19685,9.51605,0.13060,-0.22317,0.00820
0.62031,0.25413,2.20020,9.54637,0.09284,0.09686,-0.01052,-1.16383,2.18994,9.48605,0.14345,-0.19768,-0.04644
0.89559,0.25982,2.21288,9.53588,0.14506,0.07930,0.00156,-1.20162,2.19762,9.46672,0.17304,-0.17913,0.00382
0.67593,0.26632,2.22948,9.54592,0.15622,0.07708,-0.01209,-1.17596,2.20067,9.45528,0.12044,-0.19044,-0.02521
0.81903,0.26672,2.20127,9.53290,0.14192,0.09298,-0.00295,-1.17133,2.21499,9.49591,0.13515,-0.19126,-0.04444
0.43499,0.25907,2.22093,9.56625,0.11056,0.08163,0.01330,-1.16853,2.19872,9.47427,0.12774,-0.23198,-0.03519
0.33164,0.25702,2.22202,9.50259,0.11632,0.08633,0.01119,-1.18710,2.20269,9.45766,0.13165,-0.20514,-0.00130
0.59563,0.26340,2.23344,9.56596,0.11255,0.07168,0.02704,-1.17756,2.21663,9.47638,0.09973,-0.19332,-0.01778
0.39195,0.24777,2.21759,9.54778,0.09832,0.06202,-0.00551,-1.16170,2.21331,9.47620,0.12709,-0.19062,0.00145
0.51517,0.26690,2.22769,9.54907,0.06961,0.09829,0.02800,-1.16992,2.21641,9.49932,0.11095,-0.17384,0.01135
0.48817,0.24755,2.21318,9.53853,0.05511,0.10813,-0.00075,-1.15397,2.21671,9.55355,0.16855,-0.19851,0.04551
0.37712,0.23994,2.23608,9.49789,0.14586,0.10205,-0.00440,-1.17217,2.21868,9.51583,0.13637,-0.22574,-0.00374
0.71321,0.24277,2.24050,9.58492,0.10134,0.10507,0.00096,-1.16408,2.20923,9.50538,0.15322,-0.20022,0.00501
0.71106,0.25457,2.22328,9.54826,0.12298,0.07432,0.00184,-1.15624,2.21919,9.47870,0.11030,-0.19357,-0.02458
0.83727,0.23155,2.23635,9.56263,0.12542,0.07931,-0.01782,-1.15294,2.20723,9.48097,0.07614,-0.19786,0.00655
0.33648,0.23956,2.24831,9.56303,0.11291,0.10465,-0.02082,-1.16671,2.21282,9.48394,0.08266,-0.19777,0.00070
0.36776,0.24378,2.23344,9.52153,0.11269,0.08552,-0.00241,-1.15835,2.20498,9.52371,0.14197,-0.20108,-0.01434
0.50910,0.26319,2.22786,9.55281,0.09798,0.09595,0.01069,-1.15382,2.20990,9.48501,0.11384,-0.23757,-0.01381
0.64833,0.26366,2.23011,9.54314,0.12652,0.06507,0.04149,-1.15802,2.23627,9.50104,0.13113,-0.18221,0.01918
0.35989,0.25985,2.21958,9.53878,0.11804,0.08451,-0.01905,-1.15863,2.22552,9.50270,0.12604,-0.17265,0.01146
0.91399,0.26026,2.23169,9.53965,0.10902,0.06725,0.00095,-1.12269,2.22290,9.46649,0.12031,-0.21476,-0.00008
0.41131,0.25962,2.23656,9.53169,0.12024,0.11798,0.01292,-1.12146,2.21573,9.49778,0.10145,-0.21408,0.00960
0.64797,0.24307,2.23791,9.51426,0.12043,0.07161,0.00073,-1.14228,2.21878,9.49362,0.14175,-0.18695,-0.02107
0.62331,0.25388,2.24357,9.60120,0.12757,0.07570,-0.01594,-1.15195,2.20919,9.47583,0.10536,-0.18368,0.00302
0.65329,0.23882,2.24386,9.55333,0.13503,0.07998,-0.00117,-1.12763,2.22822,9.49484,0.12986,-0.19572,0.03645
0.29141,0.24638,2.25066,9.52315,0.13904,0.05875,-0.00042,-1.12919,2.22565,9.47475,0.09994,-0.19527,0.01611
0.45284,0.25002,2.24988,9.54702,0.09498,0.09466,0.00428,-1.15617,2.23224,9.47027,0.13567,-0.17852,-0.01262
0.60654,0.24605,2.25950,9.52211,0.15140,0.08199,-0.02915,-1.14182,2.22708,9.47613,0.14504,-0.19694,-0.00987
0.28355,0.25232,2.23397,9.59382,0.09876,0.09603,-0.02325,-1.12749,2.25457,9.46993,0.12695,-0.16567,-0.01816
0.62286,0.23559,2.24937,9.55875,0.09818,0.07410,0.01496,-1.13692,2.23884,9.45343,0.09393,-0.23066,-0.00319
0.43922,0.25391,2.25644,9.54364,0.09803,0.09815,0.01488,-1.13584,2.22253,9.48168,0.11287,-0.18622,0.01308
0.79204,0.23465,2.26962,9.55819,0.12837,0.08200,-0.02156,-1.12924,2.22519,9.46967,0.14828,-0.18399,0.03851
0.55409,0.24078,2.23964,9.53057,0.10137,0.06376,-0.02657,-1.12814,2.22552,9.51162,0.13775,-0.19811,-0.02171
0.66860,0.25734,2.26538,9.52706,0.09027,0.07298,0.01834,-1.11748,2.25888,9.44735,0.10973,-0.23444,-0.02193
0.61090,0.22918,2.26526,9.56369,0.13662,0.06922,-0.01142,-1.12716,2.24207,9.50697,0.11694,-0.20585,0.02412
0.71463,0.22208,2.25425,9.55404,0.09106,0.03235,0.02074,-1.12799,2.23555,9.47218,0.11906,-0.20821,0.00918
0.36644,0.23857,2.23934,9.60307,0.13757,0.06205,0.00883,-1.11967,2.24738,9.49886,0.10779,-0.19143,0.01250
0.36404,0.23780,2.23813,9.55557,0.13946,0.04572,-0.01091,-1.12516,2.24109,9.47549,0.10695,-0.16715,-0.00733
0.65119,0.24274,2.25409,9.57441,0.07497,0.13489,0.00725,-1.13404,2.24981,9.51427,0.15224,-0.17851,0.00948
0.46371,0.22455,2.25763,9.52421,0.13249,0.06152,0.00045,-1.11191,2.22651,9.48354,0.15064,-0.18226,-0.01302
0.51637,0.23376,2.25816,9.57785,0.11495,0.07600,0.00289,-1.09039,2.25818,9.50701,0.10590,-0.15887,-0.05830
0.61294,0.22205,2.25553,9.56008,0.14659,0.02858,-0.00089,-1.10841,2.23929,9.47144,0.12293,-0.19732,0.06458
0.69749,0.22434,2.27464,9.57483,0.14829,0.09700,0.02004,-1.11205,2.25250,9.50375,0.09109,-0.21971,0.02169
0.86267,0.21219,2.26292,9.55846,0.09216,0.11960,-0.01927,-1.10406,2.26500,9.52138,0.09524,-0.17969,-0.01493
0.88399,0.22493,2.25708,9.52077,0.12751,0.04124,-0.01013,-1.10269,2.24427,9.51259,0.14713,-0.18818,-0.04538
0.72744,0.22863,2.29189,9.55253,0.13492,0.07215,-0.00596,-1.08543,2.26732,9.46728,0.12952,-0.20659,0.00068
0.60964,0.22908,2.28798,9.53919,0.09070,0.05594,-0.00351,-1.10348,2.23883,9.49814,0.10912,-0.16914,0.00485
0.88372,0.21587,2.27185,9.53797,0.11573,0.06351,0.02303,-1.10531,2.24650,9.47979,0.09660,-0.16049,0.03008
0.79859,0.22983,2.26530,9.55342,0.14410,0.08234,0.02611,-1.09625,2.25245,9.49962,0.08173,-0.16645,0.01462
0.81053,0.21867,2.27824,9.54996,0.11088,0.05237,-0.02487,-1.09564,2.25803,9.48062,0.10932,-0.19347,-0.03018
0.32741,0.21715,2.27898,9.54671,0.10605,0.03083,-0.00872,-1.09112,2.27011,9.51049,0.10087,-0.21762,-0.00463
0.54212,0.23376,2.27150,9.55497,0.11848,0.05856,-0.01210,-1.10025,2.24913,9.47639,0.09885,-0.19759,-0.00563
0.46024,0.24756,2.27352,9.49588,0.08905,0.07523,-0.02790,-1.07264,2.26239,9.53585,0.13563,-0.18046,0.00159
0.53669,0.23119,2.25678,9.54186,0.07379,0.05322,-0.00619,-1.09131,2.27027,9.46902,0.12734,-0.18057,0.00056
0.71241,0.19924,2.30216,9.54232,0.14463,0.10885,0.01965,-1.08249,2.24518,9.48520,0.11526,-0.17286,0.01665
0.69481,0.23664,2.25523,9.51890,0.11161,0.08999,0.04129,-1.09546,2.25914,9.49408,0.10703,-0.18725,0.00225
0.67954,0.23026,2.27101,9.55620,0.11952,0.04165,0.00102,-1.09660,2.25227,9.51379,0.13010,-0.14282,-0.00005
0.35820,0.23257,2.27836,9.54979,0.14977,0.06770,0.04026,-1.08140,2.26615,9.54149,0.14319,-0.19176,0.00548
0.41441,0.23785,2.26883,9.55692,0.12749,0.07306,-0.01378,-1.09883,2.26863,9.46828,0.12143,-0.19043,-0.00706
0.81336,0.20469,2.28715,9.48242,0.11381,0.08344,0.00024,-1.07811,2.26319,9.48176,0.10973,-0.19512,-0.00572
0.72596,0.21262,2.27906,9.52547,0.12277,0.01900,-0.03208,-1.07980,2.28063,9.45886,0.11620,-0.18972,0.01334
0.38125,0.21935,2.27072,9.54121,0.11734,0.07773,-0.01420,-1.08536,2.26767,9.49549,0.10432,-0.21319,-0.04968
0.32769,0.21959,2.28868,9.56846,0.18021,0.07705,-0.03108,-1.07603,2.26513,9.44316,0.08718,-0.13092,-0.00452
0.66724,0.21501,2.27213,9.54723,0.09212,0.07918,0.00302,-1.06316,2.27798,9.50157,0.12556,-0.19271,0.00867
0.33175,0.22783,2.30093,9.57941,0.11153,0.08710,-0.01984,-1.06385,2.27400,9.50650,0.13491,-0.15304,-0.00368
0.79279,0.21171,2.29231,9.50176,0.12649,0.03953,-0.02582,-1.06385,2.26812,9.50886,0.09815,-0.20854,-0.02255
0.54062,0.21141,2.29000,9.54468,0.13501,0.03865,-0.03589,-1.04452,2.26728,9.50781,0.14006,-0.20083,-0.01798
0.83110,0.21060,2.29064,9.59168,0.12455,0.03823,-0.02728,-1.06955,2.29969,9.45222,0.10238,-0.17828,0.00890
0.48154,0.21687,2.30321,9.51400,0.10024,0.05892,0.00290,-1.06541,2.28421,9.49271,0.10538,-0.17343,-0.00429
0.92121,0.22238,2.28832,9.54647,0.12357,0.07699,0.00814,-1.05227,2.27328,9.50096,0.08704,-0.19245,0.00110
0.53484,0.21312,2.28909,9.55679,0.10098,0.05738,0.02356,-1.05961,2.27187,9.50306,0.15052,-0.19166,-0.01025
0.59802,0.19146,2.28638,9.54399,0.12492,0.04723,0.00799,-1.06007,2.28715,9.45168,0.14854,-0.18337,0.00565
0.57096,0.20682,2.29025,9.54257,0.12393,0.04385,0.00185,-1.04593,2.27030,9.47654,0.09003,-0.19420,-0.01018
0.90917,0.22070,2.28169,9.53573,0.11097,0.09375,-0.01965,-1.04343,2.26759,9.48500,0.11371,-0.15776,-0.01799
0.71717,0.21150,2.29301,9.57307,0.14899,0.06830,-0.01388,-1.06119,2.28530,9.49606,0.10680,-0.16187,0.03401
0.70879,0.20539,2.28672,9.54801,0.11853,0.09544,-0.01013,-1.03976,2.29582,9.49929,0.08758,-0.13322,-0.00828
0.69829,0.20260,2.28452,9.53686,0.08743,0.06950,0.00429,-1.04437,2.29201,9.47814,0.12741,-0.18327,-0.02264
0.44058,0.19621,2.30462,9.50586,0.13753,0.05041,-0.01698,-1.04936,2.27245,9.48219,0.08692,-0.15318,0.04308
0.87053,0.21501,2.28321,9.50764,0.12631,0.07522,-0.02168,-1.03041,2.27368,9.48653,0.10091,-0.16607,-0.01716
0.40498,0.22164,2.31552,9.51513,0.11255,0.10269,0.02590,-1.04356,2.30020,9.49583,0.11506,-0.18750,0.01703
0.62237,0.21719,2.28655,9.53558,0.12410,0.05454,0.00710,-1.05667,2.29524,9.46566,0.10048,-0.14257,-0.00950
0.61139,0.19822,2.31520,9.51469,0.10317,0.02256,0.00650,-1.06043,2.28268,9.49578,0.08869,-0.16069,0.01639
0.37115,0.20124,2.31622,9.52960,0.08254,0.08458,-0.00725,-1.05209,2.27100,9.48910,0.06507,-0.13704,-0.01498
0.75659,0.18819,2.30660,9.51102,0.11286,0.05618,-0.03244,-1.02899,2.29969,9.45630,0.10263,-0.17487,0.02756
0.86009,0.19637,2.32430,9.54448,0.10404,0.08116,0.00361,-1.01961,2.30060,9.47943,0.09870,-0.18228,-0.02600
0.38351,0.19837,2.30034,9.53565,0.09579,0.07057,-0.01453,-1.00879,2.29260,9.50261,0.09399,-0.19507,-0.01340
0.60770,0.18974,2.31255,9.52760,0.08747,0.05340,0.00490,-1.03003,2.29940,9.46831,0.12696,-0.19329,-0.01650
0.48045,0.19870,2.32105,9.52304,0.12763,0.03303,-0.01665,-1.01383,2.30494,9.45407,0.12427,-0.15250,-0.05987
0.30730,0.20190,2.31193,9.57823,0.09174,0.05980,0.00474,-1.02183,2.31098,9.51575,0.12810,-0.17500,0.03036
0.87054,0.18750,2.32249,9.54236,0.12669,0.02277,-0.00400,-1.01681,2.30023,9.45492,0.12170,-0.15463,0.01487
0.41702,0.22222,2.32296,9.57652,0.09193,0.10408,-0.02921,-1.02053,2.29920,9.45919,0.12449,-0.12216,0.00243
0.76923,0.20160,2.30523,9.52400,0.11506,0.06002,-0.00233,-1.02578,2.29242,9.46781,0.10536,-0.18610,0.00423
0.67274,0.19370,2.29366,9.52685,0.07370,0.08591,0.02690,-1.02151,2.29867,9.48204,0.08134,-0.13746,0.02700
0.59500,0.19337,2.30976,9.54130,0.07304,0.06102,-0.02218,-1.01915,2.30146,9.48228,0.09512,-0.18862,0.01357
0.45341,0.19813,2.33032,9.55714,0.06859,0.10000,0.01673,-1.02239,2.31454,9.49496,0.08247,-0.16869,0.01782
0.47726,0.22411,2.32358,9.53115,0.08092,0.05407,-0.01055,-1.02149,2.29635,9.47336,0.13524,-0.19835,0.03186
0.52852,0.17581,2.32688,9.54681,0.11188,0.09135,0.00326,-1.02101,2.29176,9.50590,0.13427,-0.14497,0.02292
0.61058,0.18993,2.32919,9.53551,0.15342,0.07730,0.00417,-1.02595,2.29821,9.43093,0.15249,-0.16005,0.00357
0.69457,0.20130,2.34093,9.51248,0.14213,0.07011,-0.00522,-1.00912,2.29301,9.47695,0.14926,-0.16824,0.00386
0.47473,0.19941,2.32360,9.53643,0.14156,0.06394,-0.04200,-1.00195,2.33613,9.47521,0.08064,-0.13160,-0.00113
0.65480,0.19923,2.34568,9.50829,0.11611,0.03296,-0.02191,-1.01429,2.30492,9.48757,0.13104,-0.15225,-0.02637
0.75938,0.16545,2.33305,9.51206,0.07128,0.03414,0.02266,-0.99861,2.31275,9.47563,0.10123,-0.14888,-0.02051
0.34028,0.19903,2.33246,9.49058,0.11579,0.06960,-0.01315,-1.00549,2.32179,9.46000,0.12171,-0.14576,0.00190
0.43375,0.18575,2.33936,9.51570,0.08238,0.08362,-0.00141,-0.99703,2.33113,9.45649,0.13595,-0.17039,0.01647
0.29644,0.20412,2.32317,9.54616,0.12094,0.07078,-0.02809,-0.98680,2.31663,9.46248,0.10856,-0.15716,0.02139
0.30187,0.18337,2.31786,9.48806,0.10130,0.07911,0.04122,-0.99774,2.31197,9.50312,0.14383,-0.18010,-0.00399
0.53934,0.18556,2.34574,9.51025,0.09804,0.10422,-0.02500,-0.99109,2.32900,9.45975,0.08736,-0.14079,-0.00950
0.41041,0.18612,2.33425,9.57786,0.11603,0.10733,-0.00040,-0.99792,2.32002,9.43387,0.09944,-0.17619,0.00252
0.50338,0.18651,2.35076,9.53075,0.08480,0.05060,-0.00124,-0.99461,2.34594,9.47891,0.08439,-0.16598,-0.02359
0.79511,0.18886,2.34872,9.53781,0.11926,0.02444,-0.00674,-1.00448,2.32224,9.48519,0.13113,-0.16830,-0.01480
0.51173,0.18617,2.34249,9.50571,0.11176,0.03751,0.00654,-0.96842,2.30891,9.45977,0.13482,-0.12133,-0.01591
0.36014,0.20558,2.35411,9.51807,0.12293,0.04426,0.00129,-0.98253,2.31987,9.47403,0.12930,-0.15948,0.01075
0.70382,0.18909,2.35152,9.52548,0.11241,0.05301,-0.04339,-0.98691,2.32317,9.47339,0.12901,-0.14508,-0.01867
0.87446,0.18581,2.34224,9.49247,0.10558,0.05342,0.00901,-0.99848,2.32604,9.46161,0.16472,-0.15080,0.02126
0.40011,0.19120,2.33591,9.54212,0.10204,0.08889,-0.00753,-0.99533,2.32553,9.46216,0.11947,-0.14623,-0.01675
0.85728,0.18466,2.36108,9.50814,0.10030,0.07015,-0.00729,-0.99123,2.32949,9.45512,0.11510,-0.16695,0.00153
0.69658,0.18904,2.34282,9.54570,0.08261,0.08855,0.03541,-0.97524,2.31645,9.44603,0.11340,-0.18965,-0.01897
0.65931,0.17561,2.32860,9.52955,0.14374,0.05903,-0.00529,-0.97841,2.31217,9.47607,0.11471,-0.15889,0.03194
0.54448,0.19321,2.34473,9.54065,0.08805,0.04592,-0.00777,-0.95853,2.33397,9.48739,0.08967,-0.18473,0.00858
0.67254,0.18438,2.36841,9.57543,0.13064,0.04420,0.00815,-0.99179,2.34913,9.49095,0.09830,-0.13417,-0.00589
0.82263,0.17705,2.31742,9.49327,0.11872,0.06694,-0.00767,-0.99093,2.34801,9.46485,0.08002,-0.16259,-0.01027
0.71107,0.16645,2.34424,9.53585,0.05543,0.00987,0.01031,-0.97639,2.35186,9.46319,0.11425,-0.16480,-0.01867
0.43015,0.18612,2.36247,9.52641,0.09011,0.04601,0.01709,-0.99656,2.35713,9.47158,0.11220,-0.17959,-0.01745
0.76111,0.17663,2.35385,9.48321,0.13971,0.08128,-0.01986,-0.95754,2.33773,9.47531,0.10789,-0.16224,0.00522
0.42854,0.17807,2.36023,9.54121,0.10006,0.07188,0.02773,-0.97087,2.33400,9.44789,0.10216,-0.14366,-0.01696
0.65492,0.19418,2.33288,9.54201,0.10389,0.05045,0.02805,-0.98579,2.33765,9.44388,0.09033,-0.17598,-0.00976
0.88124,0.17266,2.33935,9.52242,0.11388,0.02476,0.00661,-0.97829,2.34351,9.45823,0.10329,-0.15527,-0.04006
0.86187,0.19037,2.35846,9.51974,0.10676,0.06639,0.00640,-0.95483,2.34892,9.46934,0.11327,-0.14035,0.00687
0.53393,0.19000,2.38002,9.52902,0.06303,0.05990,0.01315,-0.96925,2.32952,9.46071,0.11212,-0.15613,0.03185
0.39807,0.18830,2.36402,9.51923,0.11093,0.07785,-0.02000,-0.98225,2.33963,9.45184,0.10626,-0.12100,0.00532
0.65490,0.17768,2.33861,9.54151,0.10043,0.05358,-0.01248,-0.96132,2.34119,9.48703,0.07066,-0.12154,-0.01903
0.86346,0.16743,2.35613,9.52195,0.15482,0.05864,-0.01603,-0.95896,2.34128,9.47490,0.08203,-0.12766,-0.01479
0.69348,0.17817,2.37011,9.52423,0.12557,0.02466,-0.01906,-0.97411,2.34831,9.47430,0.09346,-0.14917,-0.00993
0.44613,0.16814,2.36332,9.50524,0.12782,0.06861,0.01969,-0.94577,2.37108,9.49187,0.11205,-0.16843,0.02575
0.75674,0.17257,2.36390,9.53979,0.13998,0.05653,-0.02718,-0.95141,2.35954,9.48750,0.09712,-0.12928,-0.01336
0.47633,0.17232,2.35427,9.51570,0.10516,0.09013,0.00968,-0.96095,2.36098,9.49939,0.10216,-0.12525,0.02137
0.33215,0.16558,2.35616,9.47728,0.08964,0.07178,-0.00528,-0.94825,2.34626,9.48228,0.09593,-0.18310,0.02173
0.80913,0.17656,2.38114,9.52202,0.12357,0.05054,0.01059,-0.94897,2.36404,9.48095,0.06583,-0.13799,0.00321
0.73839,0.17742,2.36846,9.50166,0.10193,0.04334,-0.00394,-0.93835,2.35989,9.44729,0.10487,-0.16178,0.00038
0.78960,0.17227,2.36112,9.52852,0.15214,0.05219,-0.00371,-0.95714,2.33864,9.46830,0.07008,-0.17317,-0.00886
0.60630,0.18026,2.36500,9.54679,0.08630,0.07594,0.02499,-0.94553,2.36557,9.47000,0.10634,-0.14125,-0.04443
0.80433,0.19706,2.36610,9.52552,0.10466,0.06415,-0.00898,-0.95413,2.35420,9.45042,0.09145,-0.15901,-0.00583
0.36046,0.17948,2.34441,9.55288,0.09958,0.06327,0.01044,-0.93926,2.35663,9.47932,0.09022,-0.12689,-0.02706
0.41816,0.17196,2.35215,9.50277,0.12799,0.05178,-0.02649,-0.94849,2.36985,9.48110,0.11103,-0.16187,-0.00930
0.80178,0.18546,2.37153,9.50980,0.09715,0.07237,0.00500,-0.94531,2.36166,9.49347,0.11709,-0.14248,0.01732
0.53909,0.17733,2.36963,9.52565,0.09648,0.06233,0.00784,-0.94469,2.39067,9.46426,0.08776,-0.15736,-0.02006
0.77375,0.16147,2.38379,9.51502,0.08859,0.01977,0.00294,-0.94618,2.36861,9.50564,0.10324,-0.13738,-0.01906
0.54420,0.17557,2.37800,9.50363,0.10516,0.05232,0.01995,-0.94286,2.37191,9.50340,0.08716,-0.13903,-0.00122
0.77512,0.18336,2.37528,9.53032,0.11020,0.03590,0.00619,-0.94901,2.37426,9.48670,0.10533,-0.12056,-0.00462
0.42561,0.17248,2.36955,9.52057,0.11585,0.00533,-0.00984,-0.93127,2.36153,9.47587,0.11000,-0.14549,-0.01385
0.39809,0.16572,2.38749,9.53315,0.12899,0.05226,-0.02759,-0.93974,2.36177,9.47228,0.14108,-0.16875,-0.00701
0.56217,0.17087,2.38656,9.50439,0.13740,0.06239,0.02543,-0.95817,2.37247,9.47162,0.09360,-0.14649,0.00650
0.46005,0.17510,2.36122,9.52894,0.09353,0.05822,0.01335,-0.93953,2.35996,9.47208,0.12877,-0.11640,-0.00525
0.90072,0.15908,2.37484,9.50627,0.13771,0.06730,-0.00252,-0.93724,2.36884,9.49157,0.11763,-0.15960,0.03416
0.41572,0.15361,2.39207,9.50076,0.10588,0.08746,0.00187,-0.93099,2.37119,9.45947,0.08305,-0.16988,-0.00832
0.40115,0.16875,2.39482,9.53985,0.09002,0.05323,0.00917,-0.93110,2.37557,9.47291,0.11404,-0.12707,0.02914
0.44202,0.17848,2.39063,9.48550,0.11495,0.04465,0.02005,-0.92715,2.37269,9.50880,0.11966,-0.11712,-0.03917
0.81331,0.16628,2.39957,9.49811,0.06650,0.03861,-0.01503,-0.92517,2.38169,9.46562,0.14911,-0.11401,-0.01590
0.64562,0.17007,2.38825,9.52187,0.09310,0.08308,0.01930,-0.92422,2.36767,9.48278,0.11627,-0.14593,-0.00511
0.54310,0.17294,2.38641,9.52548,0.10699,0.07477,0.03128,-0.93849,2.37975,9.50357,0.14212,-0.12436,-0.00239
0.78034,0.16242,2.40076,9.50741,0.07755,0.01280,0.00299,-0.93187,2.38528,9.46912,0.12310,-0.12694,0.03548
0.82537,0.17120,2.38414,9.50101,0.09133,0.03919,-0.04017,-0.90977,2.38642,9.44995,0.08912,-0.11250,0.04575
0.60171,0.16644,2.39953,9.51069,0.07545,0.03864,-0.03410,-0.92674,2.38688,9.46768,0.15545,-0.11933,-0.01299
0.61766,0.16530,2.39297,9.50959,0.12049,0.07706,0.00312,-0.93887,2.36851,9.47802,0.10853,-0.11335,-0.02705
0.53014,0.16242,2.40092,9.51245,0.09791,0.03594,-0.00825,-0.89954,2.39303,9.45781,0.08291,-0.13509,-0.01207
0.43635,0.14825,2.39863,9.54806,0.07704,0.06927,0.02870,-0.91505,2.39074,9.44242,0.11595,-0.11369,-0.00399
0.31368,0.17403,2.39105,9.48877,0.14744,0.03612,-0.04136,-0.91382,2.38288,9.49880,0.08691,-0.13143,-0.01017
0.59781,0.17004,2.40140,9.48521,0.07975,0.07507,0.05042,-0.91378,2.38064,9.44809,0.12140,-0.15285,-0.00332
0.53892,0.15681,2.39393,9.49786,0.12880,0.03637,-0.01834,-0.91500,2.40506,9.47368,0.10621,-0.18268,-0.00495
0.40849,0.15308,2.40171,9.50513,0.10101,0.05130,0.01878,-0.92144,2.38355,9.46793,0.12030,-0.10357,0.02145
0.69029,0.15404,2.40392,9.51592,0.09955,0.05329,-0.00985,-0.91465,2.39678,9.46409,0.12210,-0.09336,-0.05370
0.80900,0.14606,2.41201,9.52625,0.16499,0.04783,-0.01057,-0.92330,2.40429,9.47190,0.11655,-0.12329,0.00367
0.63509,0.16083,2.40673,9.51319,0.08082,0.05670,-0.01518,-0.91193,2.39950,9.46310,0.10170,-0.12001,-0.01315
0.29478,0.17547,2.41334,9.54792,0.10929,0.04879,-0.01797,-0.90399,2.37614,9.47220,0.12521,-0.10531,-0.06605
0.50351,0.16425,2.39623,9.51722,0.10511,0.06260,0.01074,-0.90706,2.40393,9.51226,0.07324,-0.13331,-0.00900
0.53931,0.15064,2.41517,9.52206,0.12930,0.06639,-0.00395,-0.91410,2.39956,9.48465,0.11455,-0.10548,0.00614
0.60279,0.15993,2.39174,9.50965,0.14126,0.03105,-0.03543,-0.90189,2.39766,9.45787,0.12355,-0.12845,-0.04308
0.68441,0.17377,2.39572,9.48244,0.08834,0.02115,0.01882,-0.89847,2.39453,9.48677,0.10291,-0.11788,-0.00236
0.45318,0.14920,2.40409,9.54331,0.09880,0.06489,-0.00708,-0.89043,2.40363,9.51292,0.12589,-0.13462,0.01995
0.79446,0.15265,2.40562,9.50866,0.10548,0.02437,0.01447,-0.90783,2.42237,9.45519,0.08524,-0.16195,0.00561
0.42544,0.15342,2.41525,9.50683,0.06442,0.04883,0.00410,-0.89644,2.41259,9.48682,0.11491,-0.12316,0.00975
0.44283,0.17351,2.42521,9.48801,0.08440,0.04214,0.00137,-0.89621,2.41086,9.45294,0.09591,-0.11673,-0.01316
0.29158,0.14598,2.42673,9.47046,0.11966,0.03790,0.01382,-0.88795,2.42300,9.48379,0.07138,-0.11041,0.00987
0.38711,0.15645,2.40899,9.50810,0.09324,0.07695,-0.00772,-0.88365,2.38827,9.46714,0.17786,-0.13097,0.01515
0.52268,0.15446,2.41504,9.49568,0.11052,0.08457,-0.02616,-0.90957,2.40904,9.46157,0.11269,-0.12019,0.01368
0.32543,0.12664,2.41311,9.49154,0.09467,0.03368,-0.01308,-0.88686,2.41274,9.46103,0.08682,-0.10010,0.03082
0.58137,0.15448,2.41746,9.49186,0.13675,0.03514,-0.00452,-0.87288,2.40986,9.46859,0.08865,-0.08983,0.02441
0.44646,0.17278,2.41512,9.51745,0.11379,0.03290,-0.02544,-0.89006,2.39063,9.44553,0.08020,-0.09933,0.00175
0.64766,0.13648,2.40616,9.50011,0.09797,0.02973,-0.00010,-0.89139,2.39335,9.45595,0.10549,-0.11903,0.02348
0.69896,0.16305,2.41700,9.46762,0.10768,0.04668,0.01575,-0.88194,2.43904,9.48678,0.07035,-0.14282,0.00414
0.69067,0.15182,2.41149,9.50519,0.11460,0.02932,0.00160,-0.87091,2.41760,9.44841,0.10893,-0.12640,0.03542
0.42487,0.17009,2.42450,9.51850,0.11655,0.02458,0.01561,-0.89812,2.41699,9.46609,0.08593,-0.13759,-0.00704
0.77746,0.14678,2.40966,9.54143,0.10890,0.05145,-0.00343,-0.86724,2.40420,9.48245,0.09382,-0.11266,0.01974
0.81621,0.14482,2.43417,9.49894,0.09798,0.03617,0.01303,-0.87604,2.39962,9.49236,0.09118,-0.10275,-0.00831
0.70175,0.14517,2.41578,9.48903,0.07249,0.03839,-0.01113,-0.88929,2.41671,9.45886,0.14082,-0.08476,0.00967
0.62954,0.13003,2.41358,9.52645,0.13438,0.05287,0.01256,-0.87201,2.42078,9.45613,0.10528,-0.08916,0.00044
0.78170,0.14489,2.42735,9.48279,0.07702,0.05872,-0.01577,-0.90255,2.41697,9.47972,0.11022,-0.14208,-0.00334
0.40844,0.14130,2.42200,9.48840,0.10509,0.05239,-0.00504,-0.86477,2.40869,9.48186,0.10527,-0.09284,0.00581
0.83651,0.15470,2.42522,9.50307,0.09983,0.02859,-0.03022,-0.85328,2.40193,9.40932,0.13727,-0.08055,0.00387
0.80815,0.13089,2.41300,9.52031,0.08416,0.01983,0.03010,-0.87986,2.40981,9.42549,0.07108,-0.13405,-0.01248
0.70854,0.15051,2.42140,9.49176,0.10933,0.07576,0.04128,-0.85910,2.42230,9.45867,0.09652,-0.12219,-0.00398
0.84127,0.15688,2.43837,9.50735,0.10527,0.03500,0.01704,-0.87258,2.41947,9.47984,0.08874,-0.16171,-0.02308
0.81144,0.12881,2.43722,9.49392,0.12433,0.06882,0.01646,-0.85382,2.43410,9.45170,0.10900,-0.14104,-0.01360
0.81128,0.15888,2.44005,9.50454,0.07746,0.05387,0.03636,-0.86153,2.43148,9.51977,0.09808,-0.13685,-0.00816
0.59942,0.14330,2.43941,9.56043,0.06044,0.06588,-0.01038,-0.87126,2.41838,9.44614,0.07646,-0.14106,0.00190
0.37126,0.14468,2.45843,9.51103,0.08917,0.03802,-0.02445,-0.86416,2.40891,9.45259,0.10002,-0.15363,-0.04405
0.56173,0.13443,2.44186,9.51143,0.10506,0.05033,-0.00002,-0.85929,2.43685,9.49885,0.10130,-0.11124,0.02563
0.27667,0.13811,2.44433,9.48332,0.12592,0.03278,-0.00051,-0.86382,2.43600,9.46021,0.07389,-0.11468,-0.00464
0.64575,0.15393,2.44220,9.56311,0.14620,0.05964,-0.00323,-0.87718,2.41613,9.46629,0.09166,-0.11915,-0.01244
0.53191,0.11005,2.44660,9.48580,0.11042,0.02623,0.03512,-0.85718,2.42822,9.49844,0.11009,-0.13008,0.01408
0.87402,0.14782,2.43848,9.48738,0.11007,0.03806,-0.05280,-0.87572,2.42847,9.43435,0.16304,-0.11491,-0.01529
0.42239,0.12996,2.43515,9.49459,0.06481,0.04257,0.00685,-0.87547,2.43357,9.46707,0.10230,-0.09232,-0.00741
0.68361,0.14917,2.44756,9.47554,0.13351,0.01337,-0.01029,-0.83859,2.43046,9.46369,0.10822,-0.10673,0.00653
0.89874,0.13619,2.45166,9.45657,0.08579,0.04328,0.01889,-0.85718,2.42594,9.46956,0.05467,-0.10022,-0.02258
0.64204,0.15641,2.42798,9.52899,0.07594,0.05269,0.02523,-0.84489,2.45717,9.46038,0.10238,-0.11841,-0.01426
0.71767,0.12260,2.43367,9.47805,0.15245,0.02293,0.04061,-0.86973,2.43347,9.46467,0.06704,-0.09817,-0.02017
0.79475,0.13433,2.44267,9.51504,0.08123,-0.02859,-0.00118,-0.87195,2.44093,9.42708,0.08645,-0.10702,0.02087
0.50479,0.14979,2.44119,9.54326,0.07159,0.08192,-0.02153,-0.86018,2.42943,9.46835,0.08664,-0.12351,-0.00484
0.35179,0.14394,2.44192,9.52843,0.09975,0.03706,0.00765,-0.85430,2.45436,9.43685,0.13785,-0.09255,-0.01643
0.35418,0.13490,2.44803,9.51209,0.10867,0.05266,-0.04833,-0.86042,2.44978,9.46960,0.10217,-0.09529,0.00417
0.30998,0.12837,2.44161,9.51972,0.07526,0.06509,-0.01484,-0.82652,2.44482,9.44580,0.09933,-0.10812,0.02531
0.66198,0.14181,2.44364,9.51218,0.11795,0.08988,0.01932,-0.86574,2.43947,9.43674,0.08209,-0.09062,0.01264
0.43006,0.12392,2.44771,9.50587,0.09781,0.03553,-0.00870,-0.85804,2.44236,9.46653,0.10276,-0.09230,0.03988
0.86324,0.14521,2.45837,9.51653,0.11076,0.03379,0.04828,-0.86539,2.44606,9.45913,0.08207,-0.09722,0.03179
0.76727,0.12332,2.46783,9.47546,0.10983,0.05371,-0.01753,-0.85245,2.45422,9.46922,0.11037,-0.11187,-0.04493
0.46404,0.12703,2.45073,9.49883,0.07269,0.01463,-0.02101,-0.84635,2.45492,9.48564,0.09236,-0.09265,0.03897
0.37087,0.14282,2.45676,9.51823,0.13455,0.07506,-0.00663,-0.85259,2.43154,9.46352,0.10603,-0.11980,-0.02928
0.47908,0.11882,2.44999,9.49251,0.13889,0.08393,-0.00783,-0.85176,2.44441,9.48204,0.08437,-0.11546,0.01696
-0.00317,0.13115,2.46069,9.54889,0.07585,-0.42318,-0.00802,-0.83887,2.45267,9.43866,0.15100,1.09729,0.00028
0.01216,0.13576,2.44897,9.50852,0.06388,-0.42143,0.00254,-0.87409,2.44803,9.45798,0.11214,1.09526,0.00591
0.03861,0.14864,2.44946,9.49027,0.06701,-0.39385,-0.02806,-0.86972,2.44767,9.46257,0.08039,1.06793,-0.03407
-0.00530,0.15174,2.45655,9.46952,0.08732,-0.40031,0.02115,-0.87890,2.44237,9.46055,0.09921,1.08738,-0.02011
0.03656,0.15749,2.44852,9.46692,0.06831,-0.39070,0.00937,-0.91274,2.44112,9.42573,0.09533,1.08161,-0.00527
0.04360,0.17870,2.45811,9.51044,0.09999,-0.41668,0.01725,-0.89384,2.43290,9.50462,0.11856,1.10854,-0.00083
0.00323,0.18062,2.46347,9.51048,0.07811,-0.42899,-0.01463,-0.93730,2.44543,9.48684,0.11385,1.08670,-0.01591
0.02657,0.16301,2.48118,9.49173,0.11834,-0.41624,0.02543,-0.95212,2.45797,9.48038,0.08926,1.07803,0.03638
0.03728,0.16857,2.47310,9.48342,0.14303,-0.39969,0.03325,-0.94415,2.45237,9.44051,0.12056,1.05582,-0.03085
0.03276,0.15976,2.46864,9.47392,0.06373,-0.44684,0.00061,-0.97820,2.44493,9.47188,0.06666,1.05977,-0.02867
0.01579,0.18070,2.48378,9.47641,0.06595,-0.40603,0.00857,-0.94937,2.45250,9.43342,0.07235,1.05193,0.00651
-0.01170,0.17701,2.48341,9.54137,0.11450,-0.41208,-0.01217,-0.96252,2.46239,9.40765,0.10547,1.03215,0.00502
-0.00166,0.18486,2.46169,9.55557,0.08283,-0.40510,0.01989,-0.98387,2.44759,9.48045,0.08587,1.01966,-0.00687
0.02646,0.18514,2.47284,9.47161,0.10981,-0.36773,0.01063,-0.98844,2.46071,9.44325,0.09613,1.06257,0.00540
0.02887,0.20726,2.47802,9.49327,0.10185,-0.40920,0.02587,-0.97419,2.44463,9.42972,0.10045,1.03042,-0.00497
0.04257,0.18629,2.48118,9.47488,0.12152,-0.37004,0.01941,-1.00208,2.47673,9.42901,0.10703,1.04448,0.06132
-0.02867,0.18922,2.47956,9.48232,0.12242,-0.40373,0.00682,-1.01873,2.47132,9.47026,0.11133,1.01748,0.04687
0.01333,0.19559,2.46807,9.47134,0.10814,-0.39910,-0.00555,-1.05166,2.45057,9.45208,0.07674,1.04319,0.02213
0.02274,0.18867,2.47357,9.50186,0.07953,-0.38789,-0.02255,-1.03942,2.45710,9.46260,0.10041,1.02752,0.00147
0.07372,0.21904,2.46778,9.51328,0.12601,-0.36044,-0.00075,-1.04737,2.45284,9.40707,0.13715,1.02457,0.01164
0.01943,0.21106,2.48619,9.46752,0.08731,-0.35301,-0.03058,-1.06242,2.47821,9.47529,0.09242,0.99462,-0.04147
0.04030,0.22750,2.46930,9.50902,0.06441,-0.37352,0.00586,-1.08191,2.46170,9.44670,0.11890,1.02321,0.03522
0.02165,0.22018,2.48831,9.49132,0.12314,-0.40838,-0.03292,-1.09278,2.47357,9.42851,0.11251,1.05205,0.01410
0.03190,0.22449,2.47675,9.49279,0.09920,-0.34440,0.01990,-1.09575,2.46593,9.45680,0.11005,1.02373,-0.01427
-0.02182,0.23792,2.48448,9.50568,0.08963,-0.38251,-0.01031,-1.10601,2.46389,9.43493,0.08194,1.00607,0.02411
-0.00100,0.24024,2.48714,9.48166,0.11754,-0.35220,-0.04139,-1.10512,2.46990,9.43551,0.10072,1.01015,-0.00697
0.00980,0.24041,2.50281,9.51471,0.06720,-0.34054,0.02369,-1.15588,2.49069,9.43047,0.08990,0.97966,0.05443
0.02060,0.24534,2.50160,9.45932,0.10170,-0.34052,0.01054,-1.12746,2.46415,9.43921,0.08711,1.01198,0.01029
0.06728,0.24289,2.49500,9.52066,0.12680,-0.38572,-0.00397,-1.11200,2.46209,9.43263,0.08659,1.01423,-0.00746
0.00736,0.25525,2.49773,9.52029,0.05505,-0.37756,0.01812,-1.15353,2.44996,9.42835,0.09078,1.01564,-0.02762
0.02723,0.22759,2.48368,9.49352,0.09204,-0.36040,0.00884,-1.15783,2.48216,9.41351,0.14146,0.97039,0.00784
0.02105,0.26162,2.49509,9.49294,0.06277,-0.37760,-0.01531,-1.15452,2.46244,9.44899,0.09736,0.96082,0.01929
-0.01940,0.25900,2.48148,9.49806,0.07544,-0.34095,0.00838,-1.17173,2.48164,9.39505,0.06683,1.01819,-0.01597
0.00123,0.27543,2.49887,9.44636,0.09969,-0.34683,-0.02246,-1.17953,2.48574,9.42659,0.10403,0.95380,-0.01418
0.06648,0.27541,2.49343,9.48616,0.06253,-0.36940,-0.02125,-1.17924,2.47766,9.42074,0.07244,0.98682,0.01047
0.00204,0.26912,2.49860,9.52034,0.07247,-0.37044,0.01069,-1.20038,2.47107,9.42864,0.11361,0.98357,-0.00377
0.01916,0.25534,2.50828,9.49908,0.10165,-0.33792,-0.03048,-1.24091,2.48058,9.40088,0.09707,1.00735,0.00593
0.01906,0.29224,2.49837,9.47905,0.08875,-0.34064,0.03520,-1.19981,2.47457,9.40902,0.09051,0.97326,-0.00493
0.04254,0.27689,2.48589,9.50119,0.09047,-0.37777,-0.00039,-1.25414,2.46153,9.43259,0.09016,0.95794,0.01602
0.03283,0.30189,2.49818,9.47596,0.10049,-0.35321,-0.01926,-1.24577,2.46999,9.40865,0.05593,0.99265,0.00075
0.02913,0.29999,2.50424,9.47998,0.07437,-0.35347,-0.02066,-1.25040,2.47867,9.38884,0.06658,0.97021,-0.00935
0.03266,0.28478,2.49338,9.47417,0.09177,-0.34828,0.04714,-1.26961,2.47291,9.39350,0.11362,0.97347,0.01703
0.03322,0.30551,2.50712,9.44362,0.09102,-0.33082,0.02382,-1.28337,2.48884,9.42459,0.12257,0.96960,0.01304
0.00172,0.28677,2.48514,9.44942,0.07575,-0.33487,-0.00173,-1.27094,2.48527,9.42195,0.12562,0.96133,-0.00677
0.02431,0.30320,2.49584,9.47966,0.07328,-0.32958,0.00739,-1.29189,2.46594,9.41996,0.09004,0.92443,-0.01192
0.02573,0.32438,2.48606,9.45086,0.06822,-0.37011,-0.01220,-1.31870,2.49192,9.40247,0.07513,0.90481,0.02948
0.03345,0.30055,2.51464,9.44598,0.09594,-0.37623,0.01064,-1.31176,2.46112,9.44398,0.07997,0.96693,0.03256
0.01726,0.32162,2.51936,9.45767,0.12424,-0.31118,-0.00162,-1.32653,2.48474,9.37968,0.07968,0.98140,-0.01545
0.07274,0.30511,2.49747,9.48042,0.12002,-0.39180,-0.01081,-1.33593,2.48269,9.40225,0.09800,0.94553,-0.01915
0.04640,0.34582,2.50160,9.48177,0.12759,-0.34396,-0.02401,-1.32274,2.47604,9.39505,0.10316,0.93691,-0.01654
0.00755,0.33118,2.48861,9.45481,0.06713,-0.38248,-0.01924,-1.33939,2.48572,9.38260,0.07108,0.96485,-0.00485
0.05524,0.34443,2.51055,9.46917,0.11925,-0.35044,0.01560,-1.34557,2.48299,9.38902,0.09509,0.94870,-0.01713
0.02792,0.32997,2.50844,9.47675,0.12713,-0.36705,0.00801,-1.36919,2.46611,9.35982,0.08489,0.95417,-0.00414
0.04435,0.33535,2.49404,9.48586,0.11121,-0.36678,0.01606,-1.39272,2.48292,9.37311,0.10199,0.93138,0.00321
0.05419,0.33458,2.50319,9.49561,0.10773,-0.34356,0.01240,-1.37485,2.49263,9.40062,0.06577,0.92615,0.01827
0.03431,0.36083,2.52800,9.45580,0.07416,-0.32662,-0.01980,-1.39131,2.48537,9.38711,0.05835,0.92866,0.00252
0.04695,0.33323,2.50704,9.47319,0.08683,-0.29154,0.01925,-1.39780,2.46960,9.36281,0.10262,0.95610,-0.03059
0.02464,0.34895,2.49719,9.49789,0.07883,-0.36756,0.00767,-1.40758,2.47959,9.37403,0.09059,0.89309,0.02850
0.02848,0.35265,2.50196,9.48752,0.10307,-0.34155,-0.01168,-1.40264,2.49404,9.39888,0.08223,0.90629,0.02464
0.04595,0.35880,2.49971,9.49202,0.08277,-0.34583,0.01262,-1.43658,2.51152,9.36340,0.11997,0.92899,0.00862
0.01620,0.38126,2.52050,9.47353,0.11920,-0.34928,0.00376,-1.43601,2.47855,9.37528,0.10790,0.92201,-0.01065
0.00920,0.36891,2.52019,9.45403,0.08774,-0.35298,0.00765,-1.42985,2.48500,9.38020,0.09669,0.92959,0.03095
0.02645,0.37565,2.50921,9.46449,0.08433,-0.35654,0.00206,-1.46412,2.47597,9.35671,0.09683,0.90898,0.03469
0.02361,0.37843,2.49589,9.49409,0.08553,-0.34061,0.00541,-1.46985,2.48868,9.38684,0.09782,0.89047,0.02990
0.04604,0.36840,2.50656,9.47424,0.11725,-0.34190,-0.03782,-1.47642,2.49342,9.31994,0.10238,0.91095,0.01573
-0.00454,0.34918,2.49689,9.45816,0.09011,-0.36494,0.00000,-1.48600,2.49071,9.36531,0.07568,0.91830,0.01569
0.05563,0.36672,2.53324,9.45168,0.07422,-0.32178,0.01231,-1.49079,2.48807,9.36486,0.05131,0.91761,-0.00253
0.04042,0.39602,2.50689,9.42989,0.09311,-0.29451,0.01688,-1.50195,2.49111,9.36765,0.08244,0.90659,0.02633
0.02199,0.38347,2.51561,9.47096,0.08396,-0.33034,-0.00626,-1.51088,2.47793,9.34526,0.11578,0.88893,0.00120
0.02255,0.38980,2.53269,9.49797,0.09475,-0.30819,-0.03362,-1.51725,2.51375,9.39153,0.09185,0.92275,0.01023
0.06312,0.38261,2.52479,9.49190,0.10104,-0.35555,0.01925,-1.53012,2.49198,9.35403,0.10249,0.88787,0.05986
0.06391,0.38402,2.52688,9.46971,0.07722,-0.34289,0.02585,-1.52471,2.48541,9.35751,0.08087,0.90508,0.00357
0.03920,0.39073,2.50047,9.46496,0.08246,-0.34378,0.01311,-1.54522,2.50166,9.37466,0.11123,0.86212,-0.01646
0.04222,0.38725,2.54520,9.42254,0.09777,-0.30568,0.01639,-1.56492,2.49990,9.35762,0.10547,0.91424,-0.00707
0.02678,0.40647,2.51105,9.47436,0.10843,-0.33100,0.00321,-1.55410,2.50038,9.35685,0.09899,0.90981,-0.02386
0.06137,0.40381,2.52640,9.46945,0.09658,-0.30622,-0.01294,-1.56933,2.48521,9.38417,0.07293,0.86054,0.01900
0.01966,0.41261,2.51755,9.45511,0.07319,-0.35851,-0.00570,-1.57122,2.50772,9.33860,0.08845,0.88354,-0.01936
0.02065,0.40248,2.51876,9.49094,0.10077,-0.30376,0.02393,-1.59175,2.49751,9.34998,0.09501,0.85251,0.03168
-0.00324,0.41457,2.53440,9.46289,0.07240,-0.31013,0.00288,-1.58507,2.50110,9.36251,0.06067,0.85594,-0.01076
0.02406,0.42656,2.52165,9.44829,0.09290,-0.36189,-0.01632,-1.59710,2.49679,9.33849,0.10789,0.85792,0.02526
0.02294,0.43275,2.54361,9.45482,0.10596,-0.34475,-0.01937,-1.60280,2.49705,9.34799,0.08766,0.86221,0.03287
0.04469,0.42297,2.54017,9.48097,0.06940,-0.33589,0.00660,-1.61452,2.48554,9.34913,0.09106,0.83839,-0.01216
0.00521,0.41074,2.52265,9.51271,0.10662,-0.32590,0.02136,-1.62163,2.49084,9.34427,0.06912,0.87030,0.02195
0.01725,0.42802,2.52741,9.48705,0.05305,-0.33368,0.03409,-1.62359,2.51002,9.32197,0.08529,0.87444,-0.01898
0.07207,0.44053,2.53452,9.47649,0.11183,-0.31901,0.00305,-1.65187,2.50203,9.33900,0.06594,0.85718,-0.00881
0.02389,0.44973,2.52004,9.49179,0.10885,-0.31758,0.02856,-1.66540,2.51934,9.33104,0.09927,0.90887,-0.00851
0.04146,0.44935,2.52705,9.45884,0.08370,-0.33213,0.02601,-1.66562,2.50376,9.33623,0.08675,0.85482,-0.02322
0.04063,0.47298,2.55141,9.49000,0.09443,-0.32755,-0.03905,-1.65956,2.51907,9.35900,0.07778,0.83715,-0.01804
0.05188,0.44007,2.52694,9.50830,0.09807,-0.29988,0.01664,-1.67054,2.49036,9.38258,0.12401,0.83068,0.00646
0.01174,0.45155,2.53288,9.47973,0.08461,-0.30805,0.04361,-1.68187,2.52823,9.36887,0.12977,0.81980,0.00422
0.03096,0.46004,2.53687,9.45418,0.08646,-0.32992,-0.02038,-1.68771,2.51297,9.32206,0.08179,0.82013,-0.00443
0.02458,0.44525,2.54073,9.46269,0.12017,-0.32395,0.00994,-1.70274,2.49928,9.35404,0.06760,0.80103,-0.00184
0.02124,0.45859,2.51932,9.47746,0.08744,-0.31709,0.02554,-1.70397,2.49595,9.32432,0.10267,0.84906,-0.01327
0.01920,0.46186,2.54557,9.44306,0.09122,-0.36033,-0.00189,-1.73152,2.50743,9.36806,0.08345,0.83570,0.02179
0.00671,0.47315,2.52940,9.45358,0.06640,-0.27893,-0.01530,-1.72391,2.50196,9.38637,0.10596,0.81133,0.00838
0.04569,0.46307,2.56398,9.45830,0.12275,-0.31225,0.00095,-1.72899,2.49490,9.32113,0.08510,0.81777,-0.02660
0.02866,0.47973,2.52716,9.47327,0.08243,-0.31992,-0.00188,-1.73652,2.47222,9.33558,0.08988,0.80786,-0.00772
0.01690,0.48322,2.54814,9.45678,0.08439,-0.31018,-0.00684,-1.74685,2.52320,9.34578,0.08741,0.82012,0.02188
0.05071,0.47831,2.55131,9.44514,0.05609,-0.33849,-0.00508,-1.76809,2.51558,9.31266,0.09549,0.83434,0.00660
0.04857,0.48260,2.51577,9.47419,0.10413,-0.27519,0.04124,-1.77408,2.50737,9.31837,0.11420,0.78301,0.00327
0.04730,0.47707,2.53670,9.44675,0.07301,-0.30250,-0.00891,-1.78350,2.49740,9.29841,0.09763,0.79695,-0.00879
0.02672,0.48100,2.55311,9.48529,0.06377,-0.31588,-0.00401,-1.78693,2.50760,9.35738,0.08368,0.81269,0.00989
0.03908,0.48716,2.52836,9.48240,0.11218,-0.28466,-0.01066,-1.78801,2.51828,9.30488,0.10253,0.76761,0.05027
0.02391,0.48852,2.55494,9.46777,0.08870,-0.31606,-0.02091,-1.79235,2.50516,9.29816,0.06589,0.80834,-0.01631
0.06128,0.50228,2.54948,9.42035,0.06994,-0.28009,0.02253,-1.78657,2.51504,9.27783,0.10205,0.82020,-0.00974
0.05758,0.51201,2.53833,9.44348,0.06090,-0.29367,-0.00473,-1.80324,2.51005,9.32202,0.10291,0.76725,-0.00232
0.04414,0.49439,2.55062,9.45823,0.12409,-0.32217,0.00997,-1.82443,2.50537,9.30080,0.06365,0.78400,0.02529
0.01951,0.51416,2.54670,9.44282,0.05843,-0.29485,-0.01241,-1.81086,2.50284,9.29326,0.09213,0.82806,0.01916
0.01764,0.52430,2.54760,9.45586,0.07799,-0.31394,-0.01235,-1.82902,2.52758,9.32739,0.08106,0.81680,-0.00387
0.05320,0.50686,2.54427,9.45143,0.14224,-0.34276,-0.02421,-1.83798,2.50193,9.28307,0.06786,0.78457,-0.00074
0.06645,0.50459,2.55558,9.43608,0.07017,-0.32728,-0.04316,-1.83939,2.50699,9.28355,0.07569,0.80951,0.02792
0.05268,0.51763,2.55882,9.48694,0.07038,-0.28523,-0.00331,-1.86464,2.51052,9.32254,0.08932,0.76792,-0.00763
0.02504,0.52567,2.56786,9.44235,0.10074,-0.32267,-0.01390,-1.87780,2.52876,9.29190,0.10457,0.78498,-0.00015
0.01851,0.53090,2.55605,9.44134,0.10534,-0.29911,-0.02091,-1.88140,2.52054,9.30221,0.04397,0.76290,0.01681
0.03917,0.53481,2.54927,9.45837,0.09106,-0.30869,-0.01618,-1.87272,2.53059,9.29930,0.08722,0.76027,0.03295
0.05349,0.51270,2.56543,9.47892,0.11024,-0.31587,-0.03020,-1.87376,2.49824,9.31046,0.08381,0.79768,-0.03456
0.02322,0.52809,2.56510,9.49457,0.08201,-0.26489,0.02323,-1.89117,2.50095,9.28664,0.09480,0.76045,0.01376
0.08372,0.52559,2.56653,9.46422,0.09245,-0.27636,-0.01779,-1.88875,2.52480,9.29722,0.12719,0.75063,0.00450
0.03310,0.54262,2.56852,9.43057,0.07990,-0.30678,-0.01221,-1.90310,2.49281,9.25735,0.08462,0.76839,0.01792
0.00804,0.52448,2.56501,9.47298,0.05363,-0.26276,0.03219,-1.91521,2.51613,9.27551,0.06857,0.73203,-0.00338
0.00659,0.53609,2.55478,9.45351,0.09261,-0.26732,-0.02020,-1.91358,2.50486,9.30429,0.11054,0.76061,-0.00054
0.06678,0.54548,2.58347,9.47804,0.07988,-0.32444,0.01571,-1.92875,2.53548,9.26771,0.07860,0.80686,0.04269
0.04503,0.53965,2.55859,9.45660,0.08454,-0.28988,-0.01018,-1.92558,2.51462,9.22994,0.08438,0.78098,0.01056
0.01676,0.55328,2.55739,9.42370,0.06463,-0.27246,-0.03512,-1.94936,2.50958,9.26465,0.09701,0.72718,-0.01233
0.02519,0.54530,2.58278,9.47932,0.07606,-0.27402,0.00842,-1.95011,2.52199,9.31933,0.09182,0.74571,0.02532
0.05622,0.54488,2.57539,9.46798,0.09061,-0.28701,0.00231,-1.96465,2.52242,9.27122,0.08418,0.72904,0.02966
0.04452,0.56708,2.55097,9.42258,0.06237,-0.27943,0.03339,-1.95300,2.51660,9.26979,0.09986,0.74585,0.00610
-0.00735,0.54629,2.55452,9.42442,0.10156,-0.30327,-0.02893,-1.99213,2.51677,9.28220,0.07313,0.78252,0.02069
0.02626,0.55834,2.55773,9.45420,0.10376,-0.25625,0.00065,-1.97783,2.52879,9.25755,0.08333,0.74132,-0.00199
-0.00762,0.58655,2.60001,9.47844,0.08988,-0.30909,0.00403,-1.99866,2.51233,9.26668,0.07594,0.74604,-0.00005
0.02308,0.57003,2.57493,9.41123,0.10319,-0.26684,-0.01996,-1.99641,2.52326,9.23864,0.06598,0.72042,-0.01535
0.04689,0.56062,2.56267,9.47182,0.05429,-0.26463,-0.00522,-2.00846,2.53173,9.26989,0.08830,0.75976,-0.02795
0.01981,0.58752,2.57570,9.45779,0.10771,-0.28652,0.00041,-2.01005,2.51791,9.28060,0.07848,0.71526,0.01300
0.06178,0.57586,2.56494,9.44378,0.07297,-0.27243,-0.00851,-2.01464,2.52219,9.28483,0.10729,0.72116,0.01730
0.06537,0.59418,2.57673,9.44191,0.06296,-0.29729,-0.01245,-2.01345,2.52853,9.26047,0.10802,0.72083,0.03357
0.03624,0.58218,2.58546,9.47770,0.06507,-0.23972,0.04538,-2.02622,2.53111,9.26049,0.09839,0.72575,-0.02588
0.01288,0.58573,2.55328,9.46766,0.08825,-0.27006,0.00462,-2.02797,2.53395,9.26141,0.08536,0.75599,0.00426
-0.01532,0.60063,2.56503,9.46774,0.12409,-0.23304,0.01023,-2.05333,2.52091,9.26981,0.11707,0.69030,-0.00449
0.05465,0.57729,2.58711,9.45027,0.08737,-0.29860,-0.01529,-2.03944,2.51760,9.25887,0.09390,0.72192,-0.00639
0.04385,0.57763,2.58571,9.47408,0.07540,-0.20698,-0.01114,-2.05684,2.52627,9.26546,0.09350,0.75022,0.03584
0.05130,0.59436,2.57681,9.45494,0.10022,-0.27804,0.02133,-2.06629,2.52014,9.26903,0.07902,0.69413,-0.00621
0.01732,0.59842,2.58971,9.42510,0.07326,-0.26295,0.00025,-2.05955,2.50083,9.23891,0.10718,0.68894,-0.00652
0.04823,0.60295,2.59004,9.47396,0.09142,-0.23825,-0.02744,-2.08760,2.51871,9.27581,0.07783,0.72240,-0.02170
-0.00136,0.60584,2.57211,9.45499,0.10132,-0.30157,0.03166,-2.07567,2.53673,9.25713,0.07688,0.70639,0.02010
0.01597,0.63359,2.56834,9.42889,0.07587,-0.25660,0.00741,-2.08821,2.51641,9.20280,0.11733,0.71706,-0.03231
0.00579,0.60050,2.57678,9.46371,0.09069,-0.25700,-0.01085,-2.09892,2.51369,9.25428,0.09097,0.62997,-0.04321
0.02191,0.61651,2.56733,9.44283,0.08869,-0.27306,0.01959,-2.09942,2.52828,9.24545,0.07319,0.71653,0.03215
0.03271,0.61201,2.58605,9.41973,0.07247,-0.25074,0.00617,-2.10379,2.53878,9.21829,0.06619,0.71513,-0.02698
0.06926,0.60485,2.57462,9.44107,0.09324,-0.26093,0.00127,-2.11710,2.53942,9.25496,0.10894,0.74464,-0.00130
0.03403,0.61612,2.58641,9.40986,0.03998,-0.27020,-0.01399,-2.12162,2.52110,9.24503,0.06383,0.70469,-0.03766
0.04021,0.60850,2.57423,9.44349,0.05103,-0.24085,0.00278,-2.13685,2.54414,9.22477,0.12578,0.71627,0.01604
0.03613,0.62115,2.59379,9.44986,0.02878,-0.28098,-0.00986,-2.12713,2.52721,9.23098,0.07031,0.70097,0.00684
0.07349,0.62960,2.59400,9.42345,0.05914,-0.25298,-0.00700,-2.15809,2.53080,9.24279,0.10374,0.68720,-0.00616
-0.00084,0.64262,2.59357,9.44758,0.09013,-0.27994,-0.00379,-2.14967,2.52192,9.21933,0.04674,0.67190,0.00066
0.03815,0.63312,2.58146,9.47447,0.09909,-0.25558,0.00620,-2.16020,2.51974,9.26262,0.09516,0.70466,-0.02442
0.00680,0.63090,2.59348,9.49277,0.09933,-0.24678,-0.01974,-2.16629,2.52598,9.22131,0.09789,0.69336,-0.00903
0.01630,0.63269,2.57749,9.39793,0.10234,-0.22123,-0.01471,-2.17989,2.54253,9.19510,0.08201,0.69039,0.01392
0.02536,0.65199,2.59898,9.44219,0.07994,-0.26623,0.00239,-2.17863,2.53223,9.22359,0.06586,0.67240,-0.02456
-0.00364,0.64867,2.59628,9.46882,0.09559,-0.26416,0.01840,-2.18474,2.54020,9.23592,0.08886,0.68884,0.00532
0.03942,0.63475,2.58828,9.45021,0.09489,-0.24014,-0.01314,-2.17446,2.54016,9.21400,0.09627,0.67429,-0.00408
0.03852,0.66502,2.61091,9.42364,0.08987,-0.26319,0.02253,-2.19709,2.54926,9.24079,0.06973,0.69899,-0.01588
0.03088,0.66529,2.59977,9.44718,0.13984,-0.23410,-0.00518,-2.20301,2.54059,9.23200,0.09490,0.64177,-0.00086
0.00706,0.64930,2.60116,9.45326,0.07872,-0.24481,-0.00893,-2.19693,2.52931,9.20354,0.05066,0.71024,0.00282
0.00867,0.63378,2.57420,9.45047,0.07024,-0.25753,-0.03149,-2.20513,2.53137,9.21330,0.05558,0.69091,0.00851
0.04145,0.65466,2.59668,9.43867,0.07104,-0.23702,-0.02037,-2.22836,2.52668,9.20054,0.11086,0.66954,0.02031
-0.01138,0.66311,2.59631,9.46314,0.08126,-0.22994,0.03120,-2.24107,2.53856,9.21656,0.06868,0.68142,0.01112
0.03719,0.67186,2.57399,9.43202,0.11641,-0.25029,-0.00848,-2.24181,2.51952,9.20188,0.05923,0.63433,-0.02251
-0.00692,0.66354,2.59943,9.46347,0.04396,-0.23972,-0.00107,-2.23289,2.53727,9.21178,0.06601,0.65673,0.01899
0.02330,0.68297,2.59683,9.40484,0.08349,-0.25697,0.03905,-2.25918,2.54469,9.19947,0.09914,0.66551,-0.01639
0.03464,0.67094,2.59949,9.40590,0.05283,-0.21473,-0.00398,-2.25915,2.54580,9.22551,0.08018,0.66629,-0.00535
0.03831,0.67612,2.59725,9.43972,0.10982,-0.25344,-0.04353,-2.26827,2.53682,9.20994,0.06799,0.65285,-0.01522
0.02333,0.67800,2.59283,9.42568,0.08702,-0.22518,0.00769,-2.26029,2.54568,9.17909,0.12093,0.66167,0.02800
0.01968,0.66411,2.60500,9.44622,0.10909,-0.23953,-0.00230,-2.26760,2.52749,9.22183,0.09570,0.65960,0.02733
0.02169,0.66530,2.59936,9.41350,0.07600,-0.25382,-0.00902,-2.26790,2.52471,9.16638,0.05388,0.69311,0.00734
0.04931,0.67801,2.59148,9.41883,0.10418,-0.24593,0.02832,-2.27200,2.54324,9.14971,0.07958,0.66288,-0.04016
0.05530,0.68138,2.61742,9.42574,0.09259,-0.22145,-0.01510,-2.28669,2.53729,9.18271,0.05676,0.69301,-0.00038
0.07396,0.68195,2.60037,9.42726,0.07939,-0.24052,-0.03637,-2.30589,2.53426,9.19239,0.09420,0.65772,-0.01924
0.05509,0.66742,2.60265,9.42459,0.09896,-0.22771,0.00090,-2.28399,2.53056,9.17185,0.07747,0.64631,-0.00869
0.06539,0.70250,2.61011,9.40842,0.08498,-0.25238,0.02254,-2.32238,2.54279,9.14910,0.09337,0.62470,0.02121
0.02360,0.70640,2.60907,9.43279,0.08908,-0.26170,-0.00930,-2.29792,2.54229,9.17390,0.06559,0.62844,0.00641
0.07238,0.70186,2.60974,9.43399,0.10557,-0.23649,0.01779,-2.31363,2.51856,9.15374,0.07063,0.67798,-0.01632
0.06731,0.70405,2.59830,9.44092,0.08161,-0.24633,0.02224,-2.32288,2.53036,9.16901,0.07683,0.65650,0.02050
0.03342,0.68888,2.59618,9.43143,0.06418,-0.24994,0.01006,-2.32395,2.54089,9.16925,0.07926,0.61804,0.04731
0.01856,0.71532,2.61459,9.42488,0.07606,-0.23907,-0.00497,-2.35259,2.55104,9.15971,0.03234,0.64382,-0.00723
0.03408,0.70507,2.59987,9.43759,0.08907,-0.24447,-0.02104,-2.34982,2.53067,9.20073,0.10632,0.64253,-0.04221
0.05870,0.69623,2.60257,9.42711,0.08236,-0.24020,-0.01164,-2.34895,2.55915,9.14851,0.09354,0.62940,0.01478
0.01794,0.71161,2.61932,9.42875,0.09818,-0.22573,-0.01459,-2.37026,2.54854,9.14571,0.08823,0.63228,0.05694
0.07513,0.71547,2.61073,9.41431,0.08688,-0.27382,-0.01003,-2.36209,2.52703,9.16925,0.09671,0.66752,-0.01034
0.02397,0.71652,2.63903,9.39362,0.08994,-0.22912,-0.01966,-2.36052,2.53513,9.16262,0.08492,0.64876,0.02494
0.03738,0.72060,2.60984,9.42221,0.07965,-0.24084,0.02834,-2.38999,2.54665,9.18788,0.06851,0.62090,-0.00162
0.05967,0.72123,2.63569,9.41295,0.05357,-0.23273,0.00020,-2.39468,2.53960,9.21825,0.08582,0.60478,-0.01205
0.01491,0.72335,2.63115,9.47355,0.09131,-0.24404,-0.00392,-2.37882,2.52700,9.19166,0.09343,0.60597,-0.02239
0.04946,0.71232,2.61144,9.41975,0.08108,-0.23225,-0.01543,-2.37919,2.56642,9.16820,0.04881,0.60801,-0.00166
0.02703,0.72125,2.62789,9.39842,0.06546,-0.21930,0.02898,-2.41247,2.55545,9.16991,0.09504,0.60725,-0.02867
0.05386,0.73562,2.61427,9.40207,0.06319,-0.23533,0.02353,-2.41183,2.55179,9.19215,0.07581,0.60824,0.00607
0.04150,0.71587,2.62720,9.42640,0.09810,-0.20842,-0.01167,-2.41892,2.54476,9.17564,0.10009,0.60478,-0.00196
0.04583,0.72238,2.61623,9.42394,0.07812,-0.22294,-0.01772,-2.42004,2.54044,9.15801,0.06584,0.60473,-0.01093
0.02545,0.72573,2.63318,9.43066,0.11379,-0.20265,0.00907,-2.40611,2.56782,9.16806,0.10058,0.61257,-0.00251
0.01222,0.74562,2.62195,9.45915,0.05324,-0.24312,0.00230,-2.40003,2.55207,9.17675,0.05580,0.57500,-0.03404
0.03789,0.71780,2.63085,9.44138,0.05002,-0.19092,0.05336,-2.42768,2.53845,9.14912,0.07805,0.58277,-0.00907
0.04301,0.74700,2.62790,9.42927,0.08095,-0.22498,-0.00262,-2.43293,2.56772,9.15054,0.10531,0.60445,0.00048
0.02099,0.73811,2.63193,9.43801,0.11407,-0.27602,-0.01502,-2.44654,2.54990,9.18510,0.06418,0.61173,0.01599
0.06455,0.74510,2.62497,9.39574,0.06955,-0.23764,0.01356,-2.44578,2.52997,9.13723,0.09809,0.60067,-0.00777
0.02864,0.73192,2.62064,9.44283,0.07459,-0.20884,-0.00624,-2.45406,2.56531,9.15992,0.06198,0.62723,0.02035
0.02727,0.75908,2.61406,9.42515,0.05446,-0.22572,-0.00611,-2.46747,2.54533,9.16036,0.12796,0.61536,0.02163
0.02556,0.74192,2.62959,9.45293,0.04939,-0.21088,0.02586,-2.46287,2.54936,9.15715,0.09130,0.60818,0.00051
0.03325,0.75220,2.63540,9.43742,0.05209,-0.22339,0.00654,-2.48411,2.54619,9.14257,0.07199,0.59354,0.01461
0.03693,0.75581,2.63355,9.41767,0.09327,-0.20326,-0.06065,-2.47715,2.54774,9.14665,0.09453,0.57090,-0.01517
0.03911,0.75599,2.62747,9.40358,0.08166,-0.22182,-0.03350,-2.47216,2.54048,9.12389,0.08082,0.58352,-0.03214
0.03088,0.75373,2.62441,9.42978,0.08439,-0.22247,0.01138,-2.49725,2.55263,9.13520,0.09759,0.62283,0.01111
0.00905,0.76372,2.61793,9.42408,0.08191,-0.20678,0.00265,-2.49272,2.56097,9.12545,0.07922,0.57919,-0.00378
0.04756,0.77420,2.62995,9.39215,0.07503,-0.20140,-0.00440,-2.48918,2.55476,9.14278,0.04654,0.61281,-0.01638
0.05678,0.76246,2.63968,9.42698,0.10046,-0.21873,-0.03000,-2.49425,2.55615,9.14950,0.05991,0.59653,-0.00258
0.00917,0.77093,2.64843,9.44842,0.05653,-0.17943,-0.04036,-2.51402,2.56016,9.13771,0.06384,0.57991,-0.01922
0.02268,0.76290,2.63923,9.42054,0.09615,-0.23341,0.00663,-2.52318,2.54559,9.08466,0.06227,0.56359,0.02968
0.05033,0.76894,2.61837,9.38486,0.07576,-0.21995,-0.00060,-2.50953,2.56186,9.15022,0.13148,0.59473,-0.00933
0.05120,0.78438,2.61725,9.44581,0.10783,-0.24141,-0.03049,-2.53908,2.56221,9.15647,0.04647,0.54474,-0.02462
0.00579,0.77899,2.63348,9.43601,0.10876,-0.21928,0.03848,-2.53986,2.57044,9.10616,0.06175,0.58859,-0.01098
-0.00442,0.79020,2.63591,9.39428,0.08475,-0.21521,-0.03020,-2.55522,2.54231,9.15821,0.09972,0.56364,0.02705
0.03178,0.78147,2.62822,9.41895,0.10125,-0.23142,0.00205,-2.55162,2.55501,9.09717,0.06346,0.56843,0.01002
0.03994,0.79507,2.62574,9.41948,0.05904,-0.22338,-0.01037,-2.53786,2.57261,9.11838,0.10493,0.56872,-0.01508
0.06836,0.77009,2.63425,9.39978,0.03819,-0.19754,0.04367,-2.56242,2.55314,9.10365,0.06737,0.56008,0.01000
0.02324,0.79092,2.62815,9.40986,0.01718,-0.21246,-0.03136,-2.54532,2.54385,9.11660,0.05504,0.57210,0.04370
0.04224,0.78468,2.63067,9.44670,0.08547,-0.22907,-0.01919,-2.57025,2.53921,9.11674,0.09398,0.53734,0.00572
0.02129,0.80577,2.62941,9.41765,0.09446,-0.20209,-0.02804,-2.56512,2.54816,9.11128,0.09419,0.56277,0.02325
0.04816,0.80079,2.63623,9.43657,0.07862,-0.19564,0.02229,-2.56865,2.55130,9.07274,0.10280,0.54755,-0.00627
0.01528,0.78860,2.62984,9.40942,0.10941,-0.20749,-0.00596,-2.57552,2.54320,9.09940,0.08527,0.58872,-0.04027
-0.01496,0.81400,2.63564,9.48919,0.04223,-0.24100,0.00470,-2.58178,2.53877,9.11497,0.06933,0.58634,-0.00382
0.00025,0.80377,2.64044,9.38132,0.08949,-0.22292,-0.01197,-2.58550,2.55901,9.13535,0.08380,0.57406,0.00244
0.06644,0.80156,2.63803,9.40231,0.05184,-0.20985,0.00223,-2.59501,2.56748,9.11422,0.06219,0.54362,0.00042
0.01193,0.80684,2.65100,9.40877,0.07600,-0.17938,-0.00483,-2.59600,2.56642,9.12096,0.09790,0.58500,-0.02239
0.00432,0.81304,2.63399,9.44822,0.04995,-0.20308,0.00232,-2.59035,2.56028,9.10727,0.08030,0.54576,0.01973
0.00223,0.79846,2.63577,9.42153,0.12127,-0.19263,-0.03293,-2.62244,2.56504,9.13617,0.06224,0.57679,0.01588
0.04505,0.82074,2.63954,9.39763,0.10383,-0.20704,-0.01055,-2.62463,2.56353,9.11854,0.05280,0.55198,0.01943
0.06748,0.80628,2.65707,9.38228,0.08225,-0.16548,-0.03531,-2.61301,2.55686,9.11133,0.08978,0.54915,0.00628
0.02302,0.82931,2.65727,9.40132,0.02944,-0.17338,-0.02551,-2.61090,2.55049,9.11856,0.08331,0.55148,0.00554
0.05780,0.81945,2.65613,9.39478,0.07677,-0.18881,-0.03134,-2.62047,2.56300,9.12503,0.04847,0.55073,0.01300
0.02767,0.82604,2.65901,9.44176,0.08909,-0.23242,-0.00846,-2.64850,2.56789,9.08029,0.08301,0.57401,0.01298
0.04394,0.80392,2.64584,9.38711,0.04229,-0.22540,-0.01604,-2.65775,2.56932,9.09231,0.08244,0.51963,0.01197
0.06944,0.80273,2.65785,9.37065,0.06790,-0.18966,-0.02707,-2.67609,2.56124,9.12187,0.09321,0.54739,-0.07350
0.01500,0.80439,2.65477,9.39705,0.07918,-0.23340,-0.01555,-2.64902,2.57805,9.11250,0.06805,0.54839,0.02975
-0.00988,0.82252,2.66798,9.40076,0.06055,-0.20227,0.03134,-2.65276,2.56285,9.06784,0.05616,0.52324,-0.00757
0.03746,0.81648,2.64594,9.40097,0.05921,-0.19123,0.00367,-2.66786,2.55831,9.10280,0.05683,0.57597,-0.01250
0.03316,0.82815,2.63993,9.40245,0.06151,-0.17088,0.00280,-2.65459,2.58074,9.08688,0.06614,0.49809,0.03597
0.02981,0.82665,2.65986,9.39543,0.07732,-0.19231,0.03279,-2.66676,2.55081,9.05975,0.07882,0.53681,-0.02953
-0.00944,0.84319,2.64446,9.40984,0.05644,-0.22216,0.03780,-2.65721,2.56158,9.09647,0.06450,0.50311,0.00027
0.04770,0.82746,2.65996,9.46377,0.07727,-0.18067,-0.01446,-2.68460,2.57457,9.09345,0.04376,0.56411,-0.01867
0.02781,0.81419,2.66347,9.41224,0.05129,-0.17635,-0.02378,-2.69601,2.55842,9.07482,0.03799,0.52074,0.02170
0.01778,0.83354,2.64731,9.39372,0.05663,-0.17232,0.01884,-2.70220,2.55892,9.11134,0.05370,0.49380,0.01660
-0.00383,0.82591,2.66369,9.39773,0.05747,-0.23539,0.00856,-2.68599,2.55793,9.11109,0.06151,0.49781,-0.00089
0.01177,0.85651,2.65473,9.40414,0.09047,-0.17611,0.02226,-2.70980,2.56927,9.08679,0.08202,0.48945,0.02133
0.03011,0.83034,2.65090,9.42603,0.03491,-0.19313,0.06590,-2.70274,2.56988,9.09105,0.09750,0.51203,0.04254
0.01700,0.83790,2.66771,9.41874,0.09915,-0.20773,-0.00000,-2.71008,2.56770,9.07567,0.08142,0.53092,0.02317
0.02937,0.85546,2.66350,9.40993,0.06024,-0.17635,0.01511,-2.69744,2.56255,9.04833,0.09304,0.50926,0.00732
0.01105,0.84169,2.66351,9.42105,0.03443,-0.14635,-0.00665,-2.73148,2.57707,9.08862,0.10084,0.48843,0.00203
0.03724,0.86773,2.67009,9.40558,0.08294,-0.17613,0.02175,-2.70588,2.57098,9.06068,0.07474,0.50435,-0.04078
0.03089,0.87630,2.65898,9.40229,0.06688,-0.16528,-0.00466,-2.73280,2.55885,9.06755,0.08432,0.49222,0.00791
0.01039,0.86119,2.66824,9.40511,0.06727,-0.21667,0.00815,-2.74467,2.56663,9.03801,0.06867,0.51348,0.00449
0.02955,0.85789,2.65318,9.38808,0.07278,-0.16073,0.02317,-2.74269,2.57084,9.06643,0.07991,0.50678,-0.01117
0.04543,0.86479,2.65532,9.38886,0.09855,-0.20626,0.00537,-2.76059,2.55518,9.06709,0.06052,0.47330,-0.02921
-0.00274,0.85082,2.66156,9.42504,0.06719,-0.19245,0.03640,-2.75100,2.56802,9.02903,0.04960,0.48566,-0.00231
-0.01673,0.84224,2.65948,9.39638,0.08658,-0.18503,0.00050,-2.75535,2.57358,9.05793,0.08747,0.49510,0.03677
0.02930,0.84413,2.67077,9.40170,0.09512,-0.19284,-0.01137,-2.74796,2.57215,9.08770,0.04664,0.47269,0.00215
0.01935,0.85585,2.66398,9.43232,0.09736,-0.14872,0.04535,-2.75997,2.57406,9.06482,0.05134,0.52569,0.01922
0.00935,0.87127,2.66631,9.40572,0.07408,-0.19174,0.04218,-2.77399,2.54267,9.03695,0.09680,0.43847,0.04180
0.03389,0.85455,2.67355,9.42735,0.09475,-0.20160,-0.00023,-2.77333,2.56146,9.03915,0.08377,0.50296,-0.01966
0.03845,0.87320,2.67554,9.41284,0.09348,-0.16817,0.04181,-2.79099,2.58071,9.01902,0.11612,0.49064,0.04360
0.01172,0.86039,2.68827,9.36246,0.07683,-0.19093,0.00233,-2.78150,2.56931,9.03395,0.08567,0.47955,-0.01264
0.04928,0.86982,2.66164,9.40196,0.10000,-0.21006,-0.02333,-2.77930,2.57330,9.06961,0.09109,0.48527,-0.00892
0.04615,0.86436,2.66303,9.38828,0.04294,-0.17711,-0.01310,-2.78492,2.56106,9.01443,0.10064,0.51786,0.00682
0.02716,0.86552,2.66998,9.39382,0.06971,-0.14990,0.01375,-2.80044,2.56768,9.04003,0.04594,0.49561,0.02548
0.05135,0.86166,2.65413,9.39459,0.04464,-0.17888,0.01402,-2.80544,2.56075,9.02612,0.07362,0.47688,-0.00428
-0.00073,0.86996,2.68051,9.39538,0.05675,-0.21705,0.00433,-2.78600,2.57106,9.03407,0.09619,0.50596,-0.01070
0.02011,0.88422,2.67097,9.41063,0.10234,-0.19781,-0.00098,-2.81116,2.56104,9.07670,0.08481,0.48454,-0.00253
0.02475,0.88241,2.68319,9.40959,0.07120,-0.16638,0.00543,-2.81843,2.57101,9.06115,0.13426,0.50428,-0.02142
0.03085,0.88722,2.65081,9.39463,0.08312,-0.16646,-0.00897,-2.81991,2.56057,9.06045,0.10047,0.46122,0.00096
-0.00402,0.89444,2.68371,9.41759,0.08770,-0.15972,-0.00314,-2.83325,2.58731,9.04164,0.05500,0.45609,-0.01070
0.03801,0.88896,2.67181,9.39036,0.08648,-0.17329,-0.01888,-2.84577,2.58008,9.04200,0.11118,0.48422,0.02241
0.02338,0.87236,2.68372,9.38544,0.05900,-0.16850,-0.00036,-2.82541,2.55333,9.04812,0.07121,0.51842,-0.01789
0.02416,0.89417,2.66741,9.40701,0.05499,-0.16284,-0.04529,-2.82447,2.58125,9.04999,0.07957,0.45740,0.00362
0.05137,0.90484,2.66976,9.42064,0.09923,-0.17137,-0.01305,-2.82655,2.56000,9.06386,0.07053,0.48858,-0.00588
0.02649,0.89235,2.68737,9.39070,0.08519,-0.18100,-0.00871,-2.84633,2.57380,9.01520,0.06827,0.45955,0.01328
0.05057,0.88965,2.68606,9.38550,0.06003,-0.12722,0.00108,-2.86015,2.57191,9.03031,0.07855,0.48548,0.00010
0.03727,0.90416,2.67079,9.40650,0.08099,-0.14775,0.02058,-2.85357,2.57139,9.05077,0.08888,0.45261,0.00331
0.03078,0.89803,2.68535,9.41688,0.07739,-0.18766,0.00821,-2.86789,2.56814,9.08114,0.06376,0.43600,0.01505
0.03606,0.89257,2.68372,9.40751,0.08190,-0.21352,-0.05260,-2.85439,2.59189,9.05034,0.07185,0.45679,-0.01477
0.04251,0.90103,2.68078,9.39259,0.08358,-0.14013,0.03306,-2.86825,2.56948,9.01552,0.06545,0.45978,-0.03069
0.05476,0.90757,2.67202,9.39287,0.06570,-0.17794,-0.01410,-2.87725,2.57884,9.03312,0.04512,0.41187,-0.01766
0.04404,0.90529,2.68784,9.38043,0.07975,-0.15367,0.02535,-2.87481,2.56662,9.03805,0.06584,0.45061,-0.02501
0.01134,0.91013,2.68201,9.38573,0.08211,-0.19620,-0.00596,-2.88785,2.58251,9.00610,0.07220,0.45191,-0.03826
0.08033,0.89213,2.68654,9.39238,0.09544,-0.17361,0.01697,-2.88859,2.57367,8.96913,0.07928,0.48682,-0.04713
0.03654,0.91951,2.68850,9.35955,0.11543,-0.14681,0.01086,-2.89673,2.57166,9.03082,0.04482,0.47807,0.02328
0.05215,0.93124,2.66784,9.36949,0.09715,-0.18242,-0.01511,-2.88605,2.57688,8.99885,0.04336,0.43830,-0.01978
0.05441,0.90868,2.67513,9.38116,0.05770,-0.18199,0.02451,-2.88996,2.57808,9.01420,0.05593,0.45382,0.01896
0.00833,0.93421,2.69236,9.40988,0.07376,-0.14933,0.00517,-2.88763,2.56036,8.98416,0.09369,0.46453,-0.02987
0.07268,0.91884,2.68726,9.37277,0.04991,-0.14139,0.01646,-2.91715,2.56680,9.04968,0.06506,0.47931,-0.03635
0.00064,0.92737,2.68235,9.38149,0.09145,-0.16236,0.00457,-2.91950,2.57078,8.97987,0.06382,0.48708,0.00725
0.01327,0.94750,2.67960,9.37782,0.07177,-0.17416,0.03437,-2.91715,2.59292,9.00433,0.08508,0.46147,-0.02198
0.03801,0.94517,2.67763,9.38708,0.06606,-0.20533,0.02314,-2.91764,2.57846,9.00870,0.09643,0.45564,0.02188
0.01873,0.91604,2.68327,9.42279,0.03060,-0.20198,-0.05379,-2.93470,2.58294,8.98825,0.04639,0.41340,0.05646
0.04453,0.90800,2.68690,9.39063,0.06340,-0.18081,0.01338,-2.93920,2.58728,9.00219,0.06390,0.43521,0.00371
0.00036,0.92751,2.68149,9.36967,0.04530,-0.15917,-0.02941,-2.90175,2.57923,8.98596,0.09089,0.48311,0.01053
0.04824,0.94332,2.69071,9.38153,0.10295,-0.17886,-0.02270,-2.93081,2.58315,9.01304,0.05285,0.44268,-0.03733
0.07607,0.94468,2.68644,9.38220,0.07833,-0.16948,-0.00112,-2.95146,2.56562,8.99525,0.06423,0.43165,-0.01937
-0.00422,0.93821,2.68590,9.36607,0.08687,-0.20219,0.01997,-2.92969,2.58022,8.99929,0.07399,0.41262,0.01568
0.00588,0.93814,2.68141,9.35951,0.05900,-0.15465,0.02178,-2.95416,2.58065,8.96430,0.07899,0.42629,0.01472
0.01860,0.94673,2.69035,9.38540,0.10142,-0.17238,-0.00571,-2.92307,2.57378,8.99528,0.03567,0.45905,-0.00971
0.01573,0.94817,2.69615,9.38418,0.09723,-0.17090,0.01276,-2.95628,2.59363,8.97665,0.09022,0.39799,-0.04102
0.00780,0.94338,2.70512,9.40683,0.05618,-0.14937,-0.00042,-2.96413,2.58126,8.99613,0.05418,0.42174,0.00580
0.02268,0.93869,2.69744,9.36448,0.06377,-0.14117,-0.02067,-2.96872,2.59107,9.00283,0.09085,0.45881,-0.01103
0.03280,0.94184,2.70807,9.39894,0.01882,-0.14865,-0.00830,-2.96427,2.56112,8.98298,0.06396,0.41110,-0.00725
0.02221,0.94695,2.69856,9.38241,0.09609,-0.13397,0.00043,-2.97215,2.58615,8.99906,0.07727,0.41832,-0.02392
0.02264,0.96100,2.70449,9.38126,0.03745,-0.15643,-0.02628,-2.97468,2.57910,8.96480,0.04280,0.44818,-0.00747
0.00613,0.94066,2.69886,9.38073,0.04391,-0.14419,0.00572,-2.96517,2.58840,8.97581,0.05910,0.45428,0.01264
0.03761,0.93626,2.70597,9.38693,0.06233,-0.16853,-0.01686,-2.97661,2.57807,8.96039,0.10818,0.44150,0.02462
0.04211,0.96452,2.69168,9.33243,0.05543,-0.18325,0.00933,-2.99945,2.59650,8.99109,0.07461,0.40937,-0.00143
0.03196,0.97365,2.70786,9.39858,0.06084,-0.17560,0.00839,-2.99150,2.58096,8.94564,0.08546,0.42116,-0.00278
0.02619,0.95395,2.69590,9.38281,0.05105,-0.16784,0.02135,-2.97831,2.57417,9.01464,0.06615,0.38757,0.00745
0.03878,0.95232,2.71275,9.40892,0.07453,-0.13513,0.01277,-2.99472,2.56908,8.98303,0.07762,0.41703,-0.00024
0.02038,0.96202,2.68104,9.35354,0.09175,-0.15900,0.01349,-3.00119,2.58258,8.94465,0.02528,0.41770,-0.05308
0.01803,0.94979,2.70994,9.39102,0.08279,-0.12387,-0.01204,-3.01484,2.58680,8.95742,0.09371,0.43524,0.01125
0.02306,0.95785,2.67743,9.38706,0.06003,-0.14698,0.00973,-3.01744,2.59175,9.00382,0.07588,0.42084,-0.01663
0.00425,0.97192,2.70216,9.34412,0.08502,-0.15650,-0.00649,-3.01736,2.58525,8.97596,0.05343,0.44392,-0.02339
0.05032,0.96614,2.68146,9.44246,0.05160,-0.15650,-0.00120,-3.02460,2.59339,8.95195,0.05310,0.42039,-0.00991
0.01765,0.96569,2.69416,9.39891,0.11810,-0.19065,0.00277,-3.01137,2.59409,8.96227,0.04013,0.41082,0.03162
0.04498,0.97752,2.69454,9.38323,0.05015,-0.14758,-0.02550,-3.00447,2.59005,8.96234,0.04404,0.44726,-0.00952
0.04159,0.96836,2.69276,9.35713,0.08641,-0.13368,0.02994,-3.02785,2.59255,8.96677,0.08096,0.39711,0.02901
0.03727,0.95402,2.71494,9.36954,0.08095,-0.17598,-0.01550,-3.02900,2.58461,8.94463,0.08129,0.38733,0.01613
0.04071,0.95601,2.70866,9.38977,0.07270,-0.13892,0.02006,-3.03441,2.58066,8.93878,0.09153,0.37972,0.01353
0.02238,0.97276,2.69860,9.38002,0.04804,-0.12604,0.01414,-3.03304,2.56745,8.97293,0.06497,0.44244,0.01162
0.05994,0.98638,2.70935,9.40353,0.04700,-0.19208,0.00102,-3.05104,2.58482,8.94999,0.06194,0.42238,0.01019
0.04460,0.97978,2.71377,9.39660,0.09068,-0.15040,-0.00670,-3.04048,2.58732,8.91436,0.08128,0.41770,0.02583
0.01041,0.97005,2.69578,9.34863,0.03703,-0.16393,0.00151,-3.04345,2.59110,8.97269,0.04510,0.42195,-0.02048
0.03463,0.99134,2.69890,9.37267,0.09801,-0.14545,-0.01561,-3.04436,2.57939,8.99514,0.05751,0.41633,-0.01632
0.04464,0.98435,2.70700,9.40243,0.08805,-0.15002,-0.01633,-3.06385,2.59281,8.94604,0.08738,0.40792,0.00389
0.05352,0.96517,2.71845,9.38098,0.07205,-0.15075,-0.04430,-3.05976,2.59330,8.96438,0.07953,0.37847,-0.01453
0.00815,0.98694,2.69432,9.36782,0.06072,-0.16141,-0.00727,-3.06560,2.57523,8.96340,0.09669,0.45113,0.03702
0.00788,0.98426,2.70662,9.33060,0.06532,-0.14339,0.01070,-3.08612,2.61512,8.93369,0.08062,0.42254,0.00452
0.06845,0.97751,2.72666,9.38452,0.07854,-0.13912,0.01543,-3.06903,2.59365,8.94377,0.08042,0.39416,-0.01477
0.03159,0.98061,2.69945,9.38159,0.09590,-0.12224,-0.01737,-3.08129,2.59479,8.97417,0.04845,0.38439,-0.00848
0.02481,0.99059,2.72995,9.35712,0.03042,-0.15930,0.02993,-3.09347,2.59167,8.97040,0.01717,0.39045,-0.01853
0.05790,0.99556,2.70014,9.35696,0.09350,-0.17596,-0.01579,-3.09007,2.59836,8.93932,0.06192,0.38781,-0.01216
0.02513,0.99324,2.71271,9.34469,0.08765,-0.14447,-0.03789,-3.09498,2.59861,8.95342,0.07397,0.36885,-0.00898
0.05243,0.99041,2.69771,9.38823,0.08890,-0.14785,0.01505,-3.10082,2.59988,8.94695,0.06044,0.37680,-0.01494
0.03076,0.98565,2.73637,9.35667,0.07689,-0.14556,0.01260,-3.10844,2.57718,8.96805,0.05685,0.37467,-0.02507
0.01202,1.01188,2.72159,9.35180,0.08864,-0.13774,0.01529,-3.08895,2.59422,8.92283,0.07587,0.38431,-0.00364
0.02019,0.99456,2.72407,9.37891,0.04555,-0.13149,0.00022,-3.09147,2.58790,8.97720,0.07408,0.37115,0.01006
0.04576,0.99098,2.73400,9.37210,0.05331,-0.15055,0.00408,-3.09716,2.58954,8.96534,0.07491,0.41173,-0.02095
0.02173,1.00194,2.72906,9.35284,0.06784,-0.13448,-0.01402,-3.11483,2.59608,8.91926,0.06483,0.42758,-0.03100
-0.00283,0.99854,2.69343,9.37247,0.05118,-0.13151,-0.00065,-3.10623,2.58281,8.92117,0.05561,0.37571,-0.00216
0.01438,0.99652,2.71570,9.39566,0.03579,-0.17193,0.05542,-3.10967,2.58996,8.91165,0.06891,0.38409,0.00496
0.02136,1.03136,2.71854,9.36936,0.06339,-0.16481,0.01799,-3.11537,2.58944,8.93089,0.04090,0.37413,-0.02845
0.01547,1.01007,2.74398,9.38949,0.06006,-0.16336,-0.00968,-3.13777,2.58930,8.89522,0.07439,0.37297,0.02545
0.02622,1.00527,2.70966,9.38615,0.06903,-0.13696,0.00509,-3.10803,2.59642,8.92448,0.05107,0.39613,0.00338
0.04249,1.01835,2.70936,9.36806,0.05543,-0.12322,0.02113,-3.12929,2.60102,8.92468,0.07088,0.38341,-0.01824
0.01458,0.99980,2.72823,9.39400,0.08524,-0.12028,-0.00948,-3.13526,2.58869,8.93172,0.03883,0.41449,0.03416
0.04629,1.01929,2.72876,9.39906,0.07197,-0.15312,0.00024,-3.15113,2.59207,8.93138,0.09440,0.39874,0.00282
0.02198,1.00934,2.71082,9.38768,0.05709,-0.11765,0.02142,-3.15252,2.59277,8.93473,0.06818,0.35709,0.00662
0.00573,1.00766,2.72896,9.33933,0.06176,-0.13580,-0.03168,-3.14597,2.60616,8.92932,0.05821,0.36299,0.00143
0.00765,1.03036,2.72666,9.39296,0.05057,-0.15392,-0.02163,-3.14387,2.57446,8.91448,0.05799,0.37669,-0.03772
0.06472,1.01939,2.72158,9.36029,0.08295,-0.17305,-0.02992,-3.14642,2.60653,8.91985,0.04245,0.33723,-0.01503
0.00957,1.03164,2.71447,9.35530,0.08567,-0.11538,-0.01586,-3.15209,2.58602,8.93081,0.09197,0.37385,-0.01024
0.01376,1.01090,2.70928,9.36228,0.03487,-0.16576,0.02268,-3.17586,2.57412,8.90593,0.06998,0.36964,0.00258
0.01119,1.01771,2.71457,9.37382,0.05071,-0.13959,-0.02321,-3.17341,2.59411,8.90559,0.04360,0.36371,-0.00015
0.01120,1.01758,2.73725,9.36227,0.06980,-0.16444,0.02669,-3.15706,2.59909,8.90723,0.06710,0.30249,-0.01203
0.03540,1.01558,2.71071,9.33952,0.08701,-0.14581,0.00778,-3.15188,2.60366,8.93764,0.04894,0.39640,-0.00666
0.00711,1.03831,2.71006,9.39149,0.02522,-0.15152,0.02000,-3.17468,2.59793,8.91869,0.08692,0.35780,0.01479
0.01596,1.01325,2.72133,9.33068,-0.00595,-0.15370,0.01453,-3.17478,2.59283,8.89778,0.05943,0.36708,-0.01324
0.02148,1.02051,2.71588,9.38652,0.04735,-0.15371,0.03169,-3.17737,2.58765,8.93008,0.06731,0.36220,0.00309
0.02774,1.02640,2.72760,9.35749,0.05265,-0.10504,0.00934,-3.18020,2.57657,8.87690,0.10570,0.34559,0.01541
0.03204,1.01793,2.72890,9.33171,0.07036,-0.14759,-0.01736,-3.17997,2.58482,8.93053,0.03421,0.34015,-0.04541
0.00159,1.03604,2.73230,9.35936,0.05452,-0.12043,-0.01029,-3.18329,2.59100,8.89129,0.06222,0.36873,0.00097
0.02798,1.03566,2.73783,9.33895,0.09513,-0.13940,-0.01653,-3.18799,2.61122,8.91015,0.05861,0.35196,0.00882
0.05585,1.04087,2.74997,9.35459,0.08022,-0.15164,-0.02332,-3.19063,2.60086,8.89050,0.08986,0.35626,0.02559
0.02459,1.04828,2.73387,9.38781,0.04091,-0.14041,-0.01280,-3.19040,2.61517,8.89141,0.06367,0.33727,0.01551
0.03067,1.02827,2.70539,9.35894,0.08750,-0.13207,0.00069,-3.19871,2.59879,8.86940,0.05151,0.35081,-0.01331
0.03733,1.03445,2.73227,9.37557,0.07668,-0.14996,0.00883,-3.21100,2.61096,8.92023,0.09136,0.35455,0.02207
0.03311,1.02165,2.73047,9.33887,0.09410,-0.15254,0.01530,-3.21799,2.59723,8.88318,0.10019,0.36523,0.00422
0.03169,1.02527,2.74535,9.34311,0.03435,-0.11987,0.00860,-3.20689,2.57866,8.90626,0.04083,0.35793,0.01571
0.03630,1.04392,2.73166,9.36291,0.05677,-0.11685,-0.01975,-3.22018,2.61446,8.88591,0.07479,0.35502,0.00681
0.02070,1.05485,2.74210,9.32290,0.08017,-0.15067,0.03117,-3.22934,2.59248,8.87666,0.05857,0.36133,-0.00568
0.01179,1.04561,2.74318,9.35514,0.06349,-0.14122,-0.01304,-3.21829,2.61371,8.89927,0.09008,0.33390,0.00525
0.02120,1.03495,2.74219,9.34291,0.04718,-0.12454,-0.00202,-3.23764,2.58260,8.90505,0.08542,0.36579,-0.00715
0.02181,1.05544,2.73661,9.33851,0.04430,-0.16421,-0.00827,-3.22358,2.60411,8.85247,0.08917,0.35205,0.00359
0.05371,1.04731,2.74103,9.34067,0.05665,-0.16604,0.01863,-3.23477,2.60699,8.90113,0.09180,0.31883,-0.02787
0.02907,1.05440,2.74427,9.35814,0.02137,-0.13551,0.00814,-3.24497,2.59303,8.87466,0.08731,0.36764,-0.01408
0.01901,1.05974,2.72984,9.32316,0.04741,-0.13245,0.00990,-3.24127,2.59850,8.94434,0.08700,0.34058,0.01000
0.02416,1.04449,2.73182,9.38744,0.06713,-0.14275,0.01013,-3.23762,2.61445,8.88361,0.04602,0.36737,0.01367
-0.00118,1.05497,2.71396,9.32473,0.03335,-0.15166,-0.00852,-3.25797,2.57574,8.88102,0.06602,0.34350,-0.00695
-0.00585,1.07715,2.73353,9.35764,0.07681,-0.11668,0.02213,-3.25778,2.59115,8.88460,0.07553,0.35089,0.00711
0.02947,1.05424,2.72981,9.33320,0.05655,-0.13762,-0.01301,-3.24046,2.60615,8.87631,0.06285,0.33310,0.00579
0.05303,1.04668,2.72551,9.34022,0.06669,-0.14343,0.00594,-3.23520,2.60033,8.89457,0.09029,0.29371,0.00434
0.04949,1.05232,2.74718,9.36490,0.06784,-0.13668,0.00750,-3.25570,2.60370,8.89499,0.04665,0.40015,0.00080
0.01923,1.06195,2.75479,9.33048,0.07125,-0.14072,-0.01848,-3.25658,2.58302,8.89715,0.08488,0.32322,-0.01699
0.05318,1.06648,2.73657,9.33068,0.05821,-0.14796,0.01838,-3.25818,2.59947,8.92277,0.08188,0.33843,-0.00026
0.03481,1.07801,2.74475,9.38879,0.07102,-0.11334,0.01706,-3.27162,2.60068,8.88796,0.04432,0.29678,-0.02659
0.02558,1.06586,2.74717,9.33470,0.03931,-0.12179,-0.00072,-3.26264,2.59116,8.94233,0.05997,0.31587,0.00986
0.03181,1.07709,2.73114,9.32409,0.05174,-0.14052,0.00923,-3.26442,2.58571,8.88746,0.05582,0.33620,0.02925
0.01253,1.07286,2.74437,9.33979,0.06005,-0.12679,0.00481,-3.28713,2.61825,8.86738,0.07333,0.32736,-0.02641
0.03365,1.06018,2.74919,9.36945,0.05370,-0.09839,0.00798,-3.28545,2.60540,8.89034,0.04301,0.31019,0.01420
